:020000040001F9
:10C20000C0560120D9FC010069460200C5FC0100AE
:10C21000C5FC0100C5FC0100C5FC0100C5FC010016
:10C2200000000000000000000000000001FE01000E
:10C23000C5FC010000000000A9FD0100C5FC0100D3
:10C2400079FF010079FF010079FF010079FF01000A
:10C2500079FF010079FF010079FF010079FF0100FA
:10C2600079FF010079FF010079FF010079FF0100EA
:10C2700079FF010079FF010079FF010079FF0100DA
:10C2800079FF010079FF010079FF010079FF0100CA
:10C2900079FF010079FF010079FF010079FF0100BA
:10C2A00079FF010079FF010079FF010079FF0100AA
:10C2B00079FF010079FF010079FF010079FF01009A
:10C2C00079FF010079FF010079FF010079FF01008A
:10C2D00079FF010079FF010079FF010079FF01007A
:10C2E00079FF010079FF010079FF010079FF01006A
:10C2F00079FF010079FF010079FF010079FF01005A
:10C3000079FF010079FF010079FF010079FF010049
:10C3100079FF010079FF010079FF010079FF010039
:10C3200079FF010079FF010079FF010079FF010029
:10C3300079FF010079FF010079FF010079FF010019
:10C3400079FF010000000000000000000000000074
:10C3500000000000000000000000000000000000DD
:10C3600000000000000000000000000000000000CD
:10C3700000000000000000000000000000000000BD
:10C3800000000000000000000000000000000000AD
:10C39000000000000000000000000000000000009D
:10C3A000000000000000000000000000000000008D
:10C3B000000000000000000000000000000000007D
:10C3C000000000000000000000000000000000006D
:10C3D000000000000000000000000000000000005D
:10C3E000000000000000000000000000000000004D
:10C3F000000000000000000000000000000000003D
:10C40000DEE61E284CBBCE8F025B00008C000000D5
:10C4100054B900000200000000C2010000C2010087
:10C42000FFFF02910000000000000000000000007B
:10C43000000000000000000002000000DEE61E28F0
:10C44000EAAC45B8025B00002800000003100000C1
:10C450000100000001000000FF00000001000000DA
:10C46000C0560120DEE61E28EAAC45B8025B00009B
:10C470002800000002100000000000000100000081
:10C48000FF00000001000000C456012053B94AB962
:10C49000002908BF00281CBF4FF0FF314FF0FF30CC
:10C4A00000F00CB8ADF1080C6DE904CE00F008F80E
:10C4B000DDF804E0DDE9022304B07047704700BFF7
:10C4C0002DE9F04786468C460846089E1546744678
:10C4D0001946002B40F0C1808542B2FA82F245D95C
:10C4E0004AB1C2F1200300FA02FC954094402EFAB2
:10C4F00003F343EA0C0C4FEA154EA8B2230CBCFB25
:10C50000FEF80EFB18CC08FB00F943EA0C439945F2
:10C5100028D9EB1808F1FF3704D2994502D9A8F1C0
:10C5200002072B44A3EB0903A4B2B3FBFEFC0EFBF2
:10C530001C330CFB00F044EA0344A04214D92C192C
:10C540000CF1FF3304D2A04202D9ACF102032C4417
:10C55000241A43EA07401EB1D440002334607360BC
:10C56000BDE8F0874746DDE76346F1E792BB431B32
:10C5700001214FEA154EAFB2200CB3FBFEFC0EFBBF
:10C580001C330CFB07F840EA0343984561D9EB18CC
:10C590000CF1FF3004D2984502D9ACF102002B44D3
:10C5A000A3EB0803A4B2B3FBFEFC0EFB1C330CFB95
:10C5B00007F744EA0344A7424DD92C190CF1FF3385
:10C5C00004D2A74202D9ACF102032C44E41B43EA93
:10C5D0000040C0E7C2F120039540944020FA03F1E7
:10C5E0002EFA03F34FEA154E9040AFB20343B1FB6E
:10C5F000FEFC0EFB1C10190C0CFB07F841EA004175
:10C60000884522D969180CF1FF3004D2884502D937
:10C61000ACF102002944A1EB08019BB2B1FBFEFC86
:10C620000EFB1C110CFB07F743EA01439F420ED996
:10C63000EB180CF1FF3104D29F4202D9ACF1020198
:10C640002B44DB1B41EA004193E76046E3E7614688
:10C65000F7E76046A4E76346B8E7834206D916B910
:10C66000002108467CE7C6E900E0F9E7B3FA83F762
:10C670008FB9834201D3724508D8BEEB020460EB48
:10C68000030301209C461EB9002169E73846FAE7FA
:10C69000C6E9004CF8E7C7F1200CBB400EFA07F5DD
:10C6A00022FA0CF42EFA0CF1BA401C4320FA0CF3D7
:10C6B000B8404FEA144901431FFA84FEB3FBF9F86E
:10C6C00009FB18300B0C08FB0EFA43EA00439A45AD
:10C6D00040D9E31808F1FF3004D29A4502D9A8F1F5
:10C6E00002002344A3EB0A0389B2B3FBF9F809FB68
:10C6F000183308FB0EFE41EA03418E452CD9611820
:10C7000008F1FF3304D28E4502D9A8F10203214477
:10C7100043EA0040A1EB0E01A0FB02984145CE4642
:10C72000434602D306D14D4504D20138B9EB020E7F
:10C7300068EB0403002EA7D0B5EB0E0261EB0301FA
:10C7400001FA0CFC22FA07F3F9404CEA0303C6E9AC
:10C75000003199E74046C5E74346D9E7F0B5434B7A
:10C76000434A87B0C3F800264921C3F8042641484C
:10C77000C3F80826C3F80C26C3F81026C3F81426FD
:10C78000C3F81826C3F81C2607F03AFE07F007FA8C
:10C7900000F084F878B14FF05023D3F800340BB197
:10C7A000DB0708D54921344807F02AFE02F0C4FA15
:10C7B000324803F0D5F800F0ABFA054603A801F0C3
:10C7C00001F80446284600F0B3FA2D4B1B68A3423B
:10C7D00005D045212B4807F013FE07F03AFB49210D
:10C7E000059A294807F00CFE039928484B7D0A7DDD
:10C7F000C98A0091492107F003FE4921244807F026
:10C80000FFFD4FF420314FF4004004F0C1FD044619
:10C8100020B145211F4807F0F3FDFEE702A99DF86E
:10C82000100000F05FF8029B059D1D44039B1E89CC
:10C8300004F096FDAF1901F0D7FB01F0A7FB01F062
:10C84000C1FB84F30B8884F30A88AB5983F308880F
:10C8500084F31488BFF36F8FBFF36F8F7B689847A3
:10C8600045210D4807F0CCFDFEE700BF00800150D8
:10C870003546526E8E6E0200A76E0200D869020025
:10C88000F0C40020CB6E0200EE6E02001D6F0200AD
:10C890003B6F0200606F0200936F020073B50F4C94
:10C8A000204609F01CFDB8B12569A6682B681A213D
:10C8B00043F080632B6020463368094A984720463E
:10C8C000736801A9984720B92B6801985840C0F3B4
:10C8D0008060003818BF012002B070BD646602009D
:10C8E00011000100024608B538B105480023452172
:10C8F00007F086FD6FF0150008BD0860FCE700BF7B
:10C90000B66F020021B1012906D06FF01500704703
:10C91000044B53F830007047024B03EBC0035868D8
:10C92000704700BFE06902002DE9F04F9B46FDB063
:10C930007E4B0746DDE987893CA80E4614461D68F4
:10C9400004F044FDB8F1000F07D0B9F1000F04DD89
:10C950004A4641463CA804F047FD4FF000083389A1
:10C960007289D6F80CA013449A44C2453ED80CA94B
:10C970003CA804F03FFD899B23B1202218460CA956
:10C9800007F0D2FE00232246009331464FF6FF7394
:10C9900006A807F005F9804628BB214638460B9EBD
:10C9A00000F0A0F986421ED84FF0FF36DFF880A1D4
:10C9B000DFF880910DF1120304AA05A906A807F07B
:10C9C0003DF900280FDB40F0A680059906A807F086
:10C9D00081F910BB4FF6FF71BDF81200564A32F8CC
:10C9E000023B8B4217D1514B1D6898E0869BAAEB06
:10C9F0000809994528BF99465A464B464146204664
:10CA000007F00CFD0028EED14A4659463CA804F038
:10CA1000EBFCC844A9E79842E1D1BDF81230102BD5
:10CA200017D0222B53D0012BC4D1BDF81030202BAE
:10CA3000D9D8204605991CAA07F0F0FC0646002824
:10CA4000D1D19DF810B0BBF1200F21D94FF0FF36A6
:10CA5000B0E7BDF81070202FC5D13B4620460599A0
:10CA60001CAA07F0DBFC0028BDD100F051F93A46C2
:10CA700080461CA90CA800F0E5F80746404600F0E7
:10CA800057F9DAF80030BB42ADD14FF0010891E719
:10CA9000D9F80030294F0393039B9E42D6DA3CA875
:10CAA00004F094FC7A683CA8126857F8081B04F05C
:10CAB0009BFC14A93CA804F09DFC5A461CA914A890
:10CAC00007F00BFE00283FF475AF0136E4E7731C56
:10CAD0003FF470AFD9F80030B342B7DDBDF8103085
:10CAE000802B80D8204605991CAA07F097FC0028C7
:10CAF0007FF479AF00F00CF9F6B207462021BDF8BB
:10CB000010301CAA00960CA800F01AF8054638460A
:10CB100000F00EF99AE7B8F1000F3FF464AF00F0AF
:10CB2000FFF828467DB0BDE8F08F00BFECC40020C0
:10CB3000F0C40020F0690200606E0200F469020097
:10CB40002DE9F04796B016461D469DF87820384BE3
:10CB5000074653F8321003EBC2035B680191186873
:10CB6000DFF8D0800144302302AA01A8D8F8009051
:10CB700007F0CFFA002851D1DDE901431C442146DA
:10CB800006AB03AA01A807F0ECFA002846D1049AE4
:10CB9000072A43D12849059807F09FFD00283DD179
:10CBA000079A082A3AD12549089807F096FDA8BBAC
:10CBB000214602AA01A807F0C0FA78BBDDE901A36B
:10CBC0000AEB0302944229D1412B27D1354430236B
:10CBD000294603AA02A8029607F09BFAE0B9DDE90C
:10CBE000023213449D4217D32A4602A906A807F031
:10CBF0007FF888B92A4602A90EA807F079F858B933
:10CC00009AF80030042B07D12021384606AB0AF1F0
:10CC1000010204F0F5FB38B1D8F8009000F080F87C
:10CC2000484616B0BDE8F087054BD3F80090F5E70D
:10CC3000F4690200ECC40020E56F0200DC6F020022
:10CC4000F0C4002070B5094B04461D6800239342D0
:10CC500005D1074B1D6800F063F8284670BDE65CFF
:10CC6000C85C8642F7D10133F1E700BFECC4002075
:10CC7000F0C40020094A40000B7852F820108B4283
:10CC800009D0013052F82000834214BF4FF0FF302A
:10CC90004FF4C06070474FF4C0607047FC690200F9
:10CCA0001FB5582303FB0100046A1023A1686A46DC
:10CCB0002046103907F0B2FB034640B122784521E7
:10CCC000064807F09DFB0024204604B010BD10224A
:10CCD0006846034907F001FDF6E700BFED6F02006B
:10CCE0007E6E020013B508460C4607F032F86A461D
:10CCF0000146204606F03AFF30B10448452107F0CE
:10CD00007FFB002002B010BD0098FBE71970020005
:10CD1000024B1868421C1A60704700BFD8C8002038
:10CD2000024A1368013B1360704700BFD8C8002057
:10CD3000034B1B68834201D007F08BB8704700BFDC
:10CD4000D8C80020034637B54FF40072084693F860
:10CD5000B84013490192620051F82250A8420ED106
:10CD6000582101FB043201FB0434526A283401A922
:10CD700007F0C6FB08B9019B236003B030BD013248
:10CD800051F82220904208D1582101FB043201FBC6
:10CD90000433126D03F15404E9E70120EDE700BF0D
:10CDA0000C6A020070B590F8B850104E6D0056F83D
:10CDB00025100446FFF7C6FF98B9013556F825102F
:10CDC0002046FFF7BFFF054668B9582294F8B830EF
:10CDD00002FB0343186A07F063FBC4F8B40028465B
:10CDE00070BD0125FBE70925F9E700BF0C6A0200C9
:10CDF0002DE9F04F4FF02C095825044609FB01F9A5
:10CE000090F8B8A085B005FB0A9303441E6A0F464C
:10CE10003046904607F04BFB94F8B83015FB03956D
:10CE200025446B1E033513F8012F82422ED19D42FB
:10CE3000F9D1F7B13146204607F075F898F8073078
:10CE4000042B10D1582294F8B830204602FB03433B
:10CE5000196A07F068F860B9492194F8B820314898
:10CE600007F0CEFA05E094F8B80004F09BFB042824
:10CE7000E8D02D4B1C68FFF753FF204605B0BDE8F6
:10CE8000F08F2A4B1C683DE0294A47E058212C22AC
:10CE900001FB0AF302FB0733E5182869C206C8D470
:10CEA000E258244B9A42ECD1EA682B899B18E8D2CD
:10CEB0006A89D218E5D2B3689A42E2D240F60C6B86
:10CEC00010EA0B0BDDD1FFF723FF0546FFF720FF2C
:10CED00058214FF480730AFB019180462144324669
:10CEE00000932046144BCDE902BBCDF804B0FFF708
:10CEF0001BFD04464046FFF71BFFFFF711FF2846C6
:10CF0000FFF716FF0D4B1B68A342B4D0002FBBD018
:10CF1000B2680021304607F0ABFA094A45210948BA
:10CF20009EE700BF66700200E8C40020ECC4002049
:10CF3000547002003DB8F3967A1A0120F0C4002024
:10CF40005C700200A570020073B50D460021044616
:10CF500090F8B8202846CDE9001106F0D5FF58B367
:10CF600058235A43234EA358B34203D1204601AA63
:10CF700006F017FF582294F8B83002FB0343DB6A2F
:10CF8000B34204D16A460121204606F00AFFDDE9DA
:10CF90000032934288BF0193019BAB6094F8B86064
:10CFA000154B9B5DBBB1012E1AD12046294600F0DE
:10CFB0009FFF304601F09CFA11462046FFF770FEB5
:10CFC000064605F1080106F0CFFEAB683046019336
:10CFD00007F023FAE2E729462046019A00F072FEA4
:10CFE000064B1A68002A03DD5721054807F008FAA6
:10CFF00002B070BD3DB8F3967C1B0120A80D012046
:10D00000CD7002007FB51B4B90F8B82006460D4648
:10D0100013F8320001A901F0ADFC40BB019806F005
:10D0200098FED6F8B4100446284606F0ECFF0444F7
:10D03000019807F035FA0646019807F038FA0822F9
:10D0400001460DEB020007F07AFB2B7921468DF8A3
:10D0500008300198334602AA07F0F5F9041E01983A
:10D0600018BF012407F0D9F9204604B070BD01248F
:10D07000FAE700BF0C6A02002DE9F84F8846914696
:10D080009A460026DFF868B01A4C1B4D0B9B9E4257
:10D0900001D300200FE00B9B40469F1BB7F5806F2C
:10D0A00028BF4FF48067124A3B4606EB0A0107F09F
:10D0B000B5F910B10120BDE8F88F0A993B465A46F0
:10D0C0004846711807F0BFF90028F3D1C4F800569C
:10D0D0003E44C4F80456C4F80856C4F80C56C4F8C4
:10D0E0001056C4F81456C4F81856C4F81C56CDE7A8
:10D0F000DCC80020008001503546526E2DE9F04F0B
:10D100004FF0000B04460D4695B0DFF89892DFF81B
:10D1100098A2CDF808B0BBF1010F84F8B8B029D9B6
:10D120000026A24F17F8011B012918D13046FFF73E
:10D13000E9FB0EA9C0B201F01DFC0346002840F037
:10D14000E9810E981946826807F092F90346002893
:10D1500040F0E08132464521954807F051F9002E14
:10D1600000F0D681029B002B00F0408200212C278A
:10D170005826DBE104EB0B0292F8B960002E46D191
:10D180004FF0580808FB0B4109EB0B324A6202F5DD
:10D1900000520A6531465846FFF7B4FB202394F845
:10D1A000B810074618FB01312C2303FB0611C0B24F
:10D1B000214401F0DFFB48B15B463A464521CDE909
:10D1C00000607C4807F01CF906F043FE01277EB1A1
:10D1D0002046FFF7E7FD064660B9002220461146CB
:10D1E00006F068FEC8B1572194F8B820724831E0C3
:10D1F0003E46CFE74FF400725721704807F000F920
:10D2000094F8B830012E234483F8B070E5D194F837
:10D21000B83001335FFA83FB7DE7204606F008FF54
:10D22000002807DD012294F8B8300AF833200AEB11
:10D23000C3035860204606F0F9FE68B10AA806F05C
:10D240005AFE0146204600F03FFB60B1572194F89A
:10D25000B8205B4807F0D4F8012294F8B830234492
:10D2600083F8B020D3E70AA806F04EFE80F0010153
:10D270000AAA2046C9B206F01DFE02460028B2D115
:10D280000AA806F041FE039000284CD194F8B8306B
:10D290005BBB20460AA9FFF757FE94F8B8009DF83B
:10D2A0002F30221882F8B030033B012B08D800F051
:10D2B00065FB28B1FF2294F8B830234483F8B020EE
:10D2C0009DF82F3094F8B800023B022B1ED800F0D6
:10D2D0003FFBD8B1FF2294F8B830234483F8B02044
:10D2E0004521384807F08CF8FEE794F8B020042A6E
:10D2F00004BF012284F8B020012BCAD094F8B130C9
:10D30000042BC6D1012384F8B130C2E794F8B830B9
:10D31000234493F8B030FF2BE2D000222046114680
:10D3200006F0C8FD98E79DF82FB0BBF1010F40F063
:10D33000D580582194F8B830234F0792FA5401FB56
:10D340000343224AD96AD3F84C80914278D1998E0E
:10D350000423404607AA194407F060F8C0B34FF011
:10D36000050894F8B830234483F8B08094F8B830B6
:10D3700073B1E21892F8B020012A3FF448AF042AB2
:10D380000DD094F8B020042A02D1012284F8B020F4
:10D39000234493F8B030023B022B3FF638AF039B97
:10D3A000029334E7DCCC0020DC0C01207A1B012046
:10D3B00019720200FC7002008B71020049710200B8
:10D3C000B7710200E17102007C1B01203DB8F396A9
:10D3D00094F8B800AE4E012851D1327802B93070BD
:10D3E000325C0AB9012232540021FFF78BFA0EA9F0
:10D3F000C0B201F0BFFA83460028B0D10799A1F569
:10D400000042B2F5A03F40D894F8B8204FF0010890
:10D41000002AA6D007F802800E9A5268B2F5004F93
:10D4200002D0B2F5E03F03D1012194F8B820B954FD
:10D4300094F8B8200221012A4CD131700221B15454
:10D4400094F8B80004F0AEF8831E022B804688D80A
:10D45000FFF75EFC012107460AAA2046FFF7C8FC39
:10D4600083463846FFF764FC8A4B1B689B453FF4B4
:10D4700078AF894B1B689B457FF471AF27E07278CA
:10D48000024308BF86F801B0AAE7A1F5E032B2F581
:10D49000A03F14D84521814806F0B2FF5946D8F87C
:10D4A0000820404606F0E4FF452194F8B8207C4867
:10D4B00086F800B086F801B006F0A2FF4FE70E989C
:10D4C0004268914203D3806802449142A4D94FF04C
:10D4D000010846E7002AB1D17170AFE7FFF718FCE9
:10D4E000012107460AAA2046FFF782FC80463846FB
:10D4F000FFF71EFC674B1B68984518BF052294F880
:10D50000B83008BF9DF82F20234483F8B0202DE7C2
:10D51000012607E632464521624806F071FF1EE605
:10D52000631893F8B92032B10131C9B2012984F8E6
:10D53000B810F5D95AE093F8B0300EA803F0FB0309
:10D54000013B18BF01237B4306FB013216FB01316F
:10D5500001232244D2F820802144009342464023F4
:10D5600006F01EFB002878D100230DF1160206A953
:10D570000EA806F063FB002838DB6BD1BDF816302F
:10D580000C2B6CD14046069907AA06F047FF68BBF2
:10D590009DF81C30012B29D8E21892F8B020734373
:10D5A000023A022A8CBF0022012207FB02332344E5
:10D5B000197D9DF820209142D6D80AD3597D9DF837
:10D5C00021209142D0D804D3DA8ABDF822309A4281
:10D5D000CAD294F8B830234493F8B020012A37D047
:10D5E000023A012A02D8012283F8B0200022FF2645
:10D5F000012A84F8B82037D90023264EDFF8A88006
:10D60000254F0E93012B84F8B83040F284800E9B96
:10D61000022B01D006F01DFC94F8B930002B40F02D
:10D62000C480582606FB034284F8B830106A06F01E
:10D630009BFA287194F8B83006FB03431B6A5B68B9
:10D64000AB6094F8B83003FB06462E60114B7EE0C9
:10D650000422C9E794F8B81066E70328C6D140F25F
:10D660000113A4F8B030C1E7A11891F8B930002B2C
:10D670004CD10AA806F03FFC91F8B030042B8DF88D
:10D680002F3013D8012B17D833D081F8B06030E099
:10D690007A1B0120F0C40020E8C40020ED710200D4
:10D6A0001972020044720200ECC40020052BECD178
:10D6B000104600F063F912E020460AA9FFF744FC87
:10D6C00094F8B800231893F8B030DA1E012A0ED867
:10D6D00000F054F920B994F8B80000F039F940B1DD
:10D6E000FF2294F8B830234483F8B02001E0022BE5
:10D6F000F1D094F8B830234493F8B030FF2B05D123
:10D7000045212E4806F07CFE06F0A3FB94F8B820D5
:10D710000132D2B26CE7234493F8B9208DF81C2073
:10D720009DF81C1001F0FF0239B10E9B01330E93DE
:10D7300094F8B8300133DBB264E793F8B030012BD2
:10D7400007D01146204606F0B5FB10B11C4B1D68F2
:10D750001BE094F8B830012BE7D0FFF7D9FA00228C
:10D76000824611462046FFF743FB81465046FFF7AD
:10D77000DFFA3368994506D1D8F80030994502D0D0
:10D780003B689945D1D1D8F80050102200210AA851
:10D7900006F0D5FF204606F06FFBFFF7C1FA2846DA
:10D7A00015B0BDE8F08F01233BE794F8BA30002BA9
:10D7B000F9D0022384F8B83048E700BFE1710200D5
:10D7C000ECC4002070B50B4E0446BC22002130464C
:10D7D00006F0B5FFFFF79CFA214605463046FFF7F5
:10D7E0008DFC04462846FFF7A3FAFFF799FA204676
:10D7F00070BD00BFEC0C01202DE9F8432E4F3B78A3
:10D8000033BB3C7A24BB2D4DDFF8B480012C85F866
:10D81000B84015D8582606FB045208EB0433002103
:10D820005362204603F500531365FFF76BF895F834
:10D83000B810C0B206FB0151203101F09BF850B185
:10D840001E4806F019FBBC2200211C4806F077FF99
:10D850001948BDE8F88301212046FFF753F895F8F1
:10D86000B810C0B206FB01514C3101F083F800281A
:10D87000E6D195F8B860DFF84C907600284659F864
:10D880002610FFF75FFA88B9013659F826100B48C1
:10D89000FFF758FA50B9094806F0CAFB0028C1BF83
:10D8A000012307F8343007EBC404606095F8B840F2
:10D8B0000134E4B2AAE700BFDC0C0120EC0C01202B
:10D8C000DCCC00200C6A020073B50D46064600F061
:10D8D0003FF90446E86078B3022832D196F8B820C0
:10D8E0001A4B01A913F8320001F044F858BB2A463C
:10D8F0003146019800F0C4F80446D0B9019807F009
:10D90000D2FE012301460DF10302019806F086FDC7
:10D910000446A0B9012201980DF1030107F0D7FEDA
:10D9200010B101238DF803309DF8033003F00F038D
:10D93000EB71019806F071FD204602B070BD012424
:10D94000F7E70724F8E70124F6E700BF1C6A0200A6
:10D9500013B5094B01A913F8300001F00BF848B9D1
:10D96000019807F04BFF0446019806F056FD20464B
:10D9700002B010BD0124FAE71C6A02001FB50F4B6C
:10D9800001A913F8300000F0F5FFA8B9019802A929
:10D9900003F0B2FD044668B99DF80B30032B03D1A8
:10D9A000019807F0F9FE0446019806F036FD20467E
:10D9B00004B010BD0124F7E70124F8E71C6A020057
:10D9C0002DE9F34105460C4617461E460BB90021CA
:10D9D00027E0184606F098FA0028F8D1284695F86E
:10D9E000B810FFF75DF918B9012002B0BDE8F08169
:10D9F00001A906F0B9F90028F6D10199284606F0E8
:10DA0000F3FA582295F8B83002FB03535B6A596861
:10DA10007379012B1DD1002CD9D13368834298BF73
:10DA20000021582295F8B83053432C2202FB0433CE
:10DA30001D443A462023286A06F0F0FC0028D3D182
:10DA4000002ED2D038680D4BC01A18BF4FF0FF30EF
:10DA5000CBE7022BBBD13368012B05D98342B6D863
:10DA6000B4FA84F46409B2E7B1D1002CD9D0012C06
:10DA7000ADD13479023C18BF0124A8E73DB8F39634
:10DA80002DE9F04F0C460746014685B094F8B800E2
:10DA90001646FFF7EFF8051E53DB3846D4F8B440BE
:10DAA00006F057F95FFA84F94FF0000A4FF0010BC6
:10DAB0004FF0FF346B1E09FB0308A5B9BAF1010F43
:10DAC00003DD4521214806F09BFC631C07D0B4F51B
:10DAD000007F2ADA40F2011301343460B380284613
:10DAE00005B0BDE8F08F6B1E009341460123384618
:10DAF0000DF10F0206F092FC031E019323DB0122BD
:10DB000038460DF10F0107F0E2FD019B40B15B4586
:10DB100001D00AF1010A9B46009DA8EB0908CCE759
:10DB2000B4F1FF3F08BF2C46F5E70223A4F50074CB
:10DB30007371631004F001040133013433603471F4
:10DB4000CDE70725CBE70125C9E700BF7B720200BF
:10DB5000582330B590F8B85089B003FB050304464C
:10DB600004A9186A03F0C8FC9DF81020012A43D0CC
:10DB7000264B2749032A08BF0B469DF8132049214D
:10DB800002929DF81220234801929DF811200092E4
:10DB9000214A06F035FC582303FB054406A9E06C36
:10DBA00003F0AAFC9DF81820012A27D0174B18492A
:10DBB000032A08BF0B469DF81B20492102929DF8BD
:10DBC0001A20144801929DF819200092134A06F079
:10DBD00017FC9DF81030012B12D19DF81230032B49
:10DBE0000ED19DF81830012B0AD00D48492106F0BE
:10DBF00007FC022009B030BD0A4BBEE7094BDAE74B
:10DC00000948492106F0FCFB0020F3E79E72020060
:10DC1000A7720200BB720200AD720200FC72020029
:10DC20000C730200A27202002B73020070B54B68E5
:10DC300014461E4A03F0FF23934206460D4686B063
:10DC40002FD10B68012B2CD1204604A903F054FCE2
:10DC50009DF81020012A26D0154B1649032A08BF2B
:10DC60000B469DF81320492102929DF8122012487C
:10DC700001929DF811200092104A06F0C1FB9DF818
:10DC80001030032B0DD12146304606F04CF92046CA
:10DC900007F082FD2046A96806F074F8204603F0DC
:10DCA0000BFC06B070BD064BDBE700BF00010004B3
:10DCB0009E720200A7720200BB720200FC72020098
:10DCC000A27202002DE9F04F04461646582789B08B
:10DCD0000D468248492106F093FB3146204606F066
:10DCE00083F994F8B830834607FB03435B6A284600
:10DCF0005E6806F009F910B3D4F8B40006F024F811
:10DD000094F8B83007FB03439F6A0023013F334474
:10DD1000984201D9013FFAE7BB4510D3572170481B
:10DD200006F06EFB07FB06F357210BFB06626D48FE
:10DD300006F066FB0123EB7109B0BDE8F08F94F8A3
:10DD4000B830DFF8A4815F0018F8330006A9013766
:10DD500000F010FE07A918F8270000F00BFE294676
:10DD60002046079AFFF762FF6B79012B50D15F467F
:10DD7000DFF878A146E02A68C2F101035B449F42C4
:10DD80003FD8582194F8B830012A01FB03435B6A5D
:10DD9000196853F8370003EBC70353F8083CA0EBAE
:10DDA0000109A3EB0103049311D1079B0393EB68D3
:10DDB000022B08D04146204606F0B5F82A464146D7
:10DDC000204606F0EDF82046039906F0ACF83246FE
:10DDD0004946404606F0A5F8049B42464146204687
:10DDE000CDE90096FFF748F929462046FFF70AF9E2
:10DDF0002B6801332B6020B1DAF800300133CAF808
:10DE00000030013FDDF81880002FB4D101232B60D2
:10DE1000022301276B71BB45DDF8189006D24846F6
:10DE200006F0FBFA079806F0F8FA85E72B689F42A0
:10DE300052D3582394F8B820DDF81CA003FB02420B
:10DE4000516AFB0051F83700126D04900868083BD6
:10DE5000C9580390D0581368A0EB03082B79012B05
:10DE600038D1039B3246C91A4846059106F059F845
:10DE7000059943464A460091204651460196FFF7D0
:10DE8000FBF829462046FFF7BDF802232B7118B195
:10DE9000164A13680133136032464146504606F075
:10DEA00040F8DDE9032349469B1A20465246CDE956
:10DEB0000086FFF7E1F829462046FFF7A3F82B6814
:10DEC00001332B6001232B7130B1084A13680133F1
:10DED000136001E0022BDFD001379CE742730200A0
:10DEE0006B7302009A7302002C6A0200A80D0120D5
:10DEF0007FB5044649211E4806F082FA58220025C3
:10DF000094F8B83002A902FB03431B6D03205E683E
:10DF100000F030FD94F8B820164B03A903EBC203C0
:10DF2000187900F027FD02980021826805F0F9FFBA
:10DF3000029A039993682046019300952B46FFF7B8
:10DF40009BF80399204605F0EEFFDDE902309A6860
:10DF5000836832449A4228BF1A46294605F0E1FFF9
:10DF6000029806F05AFA039806F057FA04B070BD0A
:10DF7000CB7302003C6A02000A4619B1024B002131
:10DF80001B681847704700BFF4C40020BFF36F8FB1
:10DF900072B600234FF0FF30094A03F1200101332C
:10DFA000102B42F82100F8D100234FF0FF30044A33
:10DFB00003F160010133102B42F82100F8D17047C2
:10DFC00000E100E0002318460649D1F89020C2F392
:10DFD0000722934200DB7047C1F89830C1F8A000D7
:10DFE0000133F6E700ED00E02DE9F8434FF0FF358F
:10DFF00001274FF00008204BDFF880905F60C3F8E6
:10E000004853C3F8085303F580535F60C3F848537F
:10E01000C3F8085359F8044B002644F30730C4F8FA
:10E02000085301F00DFF80226760C4F84C61D4F8FA
:10E030004C31C4F81061D4F81031C4F84461314651
:10E04000D4F84431A018C4F8006506F078FB8022AB
:10E05000314604F5C07006F072FBB8F1000F08D02D
:10E06000074BC3F808554FF05023C3F80853BDE8D9
:10E07000F8834FF00108CDE700400150506A0200DC
:10E0800000700150014B1B68184700BFF8C4002006
:10E0900007B50B46002102460091034800F006F840
:10E0A00003B05DF804FB00BF85E001002DE9F04FEF
:10E0B00082464FF000098DB01D46531E0191039317
:10E0C000039B58785C1C252819D100204FF0FF389D
:10E0D0001E4644460346023602903178039639299B
:10E0E00055D81F2914D8002900F0EF810199252067
:10E0F000D04701993078D04709F10209E0E70028BC
:10E1000000F0E3810199D04709F101090394D7E7B1
:10E11000A1F12002192AE9D801A757F822F000BF7F
:10E1200089E10100EDE00100EDE0010089E101007D
:10E13000EDE0010009E20100EDE00100EDE0010089
:10E14000EDE00100EDE0010055E2010089E1010090
:10E15000EDE0010069E2010015E20100EDE00100DF
:10E1600023E2010043E2010043E2010043E2010037
:10E1700043E2010043E2010043E2010043E2010007
:10E1800043E2010043E2010008460136A5E75829B1
:10E1900000F0EB80A1F16302D7B2172FA6D8172A9F
:10E1A000A4D801A757F822F011E401008FE2010082
:10E1B000EDE00100EDE00100EDE001006FE20100A3
:10E1C0008FE20100EDE00100EDE001006FE20100EF
:10E1D000EDE00100EDE00100EDE0010045E30100AC
:10E1E000EDE00100EDE00100E5E30100EDE00100FC
:10E1F0008FE20100EDE00100EDE0010045E30100E8
:10E20000EDE001006FE2010025200199D04709F1FE
:10E21000010955E7029A4FF0000802F0FE0202924F
:10E22000B3E7002C0DDAB8F1000F0DDA029A002ADC
:10E2300000F043810A2224EAE47402FB0414303C17
:10E24000A3E7B8F1000FF5DB0A2202FB0812A2F1E6
:10E2500030089AE7B8F1000F55F8042B80F22F81AF
:10E26000002A80F22E815442022202928DE7682910
:10E2700003D1682B06D1482387E76C2902D16C2B88
:10E2800000F02181002B7FF431AF0B467DE77A2B24
:10E2900006D1752955F8046B14D14FF0000B0CE032
:10E2A0006C2BF6D04C2BF4D1073525F007037529DC
:10E2B00003F10805D3E9006B06D120283BD1854F37
:10E2C000013C09E04FEAE67BBBF1000FF5DA76424C
:10E2D000814F6BEB4B0B013C0DF12D03059300239C
:10E2E0000493304659460A220023FEF7CFF8059BD7
:10E2F000B446303203F8012D5A460593049BBCF115
:10E300000A0F8B4672F1000203F1FF3106460491B9
:10E31000E7D2C3F1010B30330DEB0306B8F1000F68
:10E32000A6F104066DDA029BD9077DD4A8EB0B0396
:10E33000A4EB0B0413E02B280ABF684F684F04F1CD
:10E34000FF34C9E770290FD155F8042B0023FAB91F
:10E350006FF004034FF0050B614F624E053C029ACB
:10E36000920770D4A04666E078216C2B03D100237D
:10E3700055F8042B08E04C2BF9D1073525F007039D
:10E380001D465B6855F8082B232825D1880621D522
:10E39000554F023C002601F06001A1F1390B0DF14F
:10E3A0002D0E02F00F01092988BF594430310EF8B3
:10E3B000011D102A4FEA121141EA03714FEA131CA2
:10E3C00073F1000306F1FF3008D2C6F1010B06F12C
:10E3D0003003A1E7454FDCE7414FDBE706460A463D
:10E3E0006346DEE755F8046B304606F06FF9B8F186
:10E3F000000F834602DB4045A8BFC3464FF000082C
:10E40000374FA8EB0B03002B92DDA4EB0804A6E723
:10E4100055F8043B4FF0010B8DF81830304F4FF09A
:10E42000FF33013C06AE9AE7A046EAE702932020BC
:10E430000199D047029BB8F10108F7D524EAE472AC
:10E44000013C9144A41AB84606E004930292019953
:10E45000D047029A049B9046424612F8010B0028CE
:10E46000F3D11A46013A15D5002BACBFC7EB030711
:10E470007F425B46013B15D5BBF1000FA8BF5F444F
:10E4800026464F44013E14D5002CA8BF3F1907EB88
:10E49000080915E60493029230200199D047049BA5
:10E4A000029ADFE70293019916F8010BD047029B0D
:10E4B000E0E701992020D047E4E70122D5E6904625
:10E4C00063E6144661E64C235FE648460DB0BDE8BE
:10E4D000F08F00BF517402004F74020053740200A9
:10E4E000187002005B740200557402005874020038
:10E4F000044608B5EFF31183202383F31288BFF39A
:10E500006F8F02F02DFF204601F074FD024805F0E8
:10E5100088FE06F0BFF8FCE7617402002DE9F043C5
:10E52000079D15B91560002012E00324B5FBF4F433
:10E5300004EB4407BD4218BF0134B4F1804F09D247
:10E54000A40001348C4200D838B96FF00B0014607D
:10E55000BDE8F0834FF0FF34F7E704460021DFF811
:10E56000B4E0B94203F1030C04F104062BD3A94231
:10E57000274623D201F1010CAC451F7828BF0023A8
:10E5800024494FEAA70E38BF5B7811F80EE0AC457E
:10E5900084F800E001EB131E2EBF3D239B0003F027
:10E5A0003C034FEA071738BFCB5C07F030071EF873
:10E5B0000770A3703D2367703746E3700023381A55
:10E5C00010603B70AFE71CF8034C1CF8023C4FEAAC
:10E5D000A4091EF8099024011CF8018C04F03004F1
:10E5E00006F8049C0EEB131919F804409B0006F87A
:10E5F000034C03F03C030EEB9814E35C08F03F0877
:10E6000006F8023C1EF80830344606F8013C033197
:10E610006346A6E70A7502002DE9F04300273C4651
:10E620003D46DDF81CE0DFF8288175451FD3E4BBCB
:10E6300000201460BDE8F0830136764533D013F82E
:10E6400006C0BCF1200FF7D0AEEB0609B9F1010FFF
:10E65000A6EB05050DD0BCF10D0F0AD103EB0609A1
:10E6600099F80190B9F10A0F6ED1751CDDE72E46BD
:10E67000E3E7BCF10A0FF8D02DB9BCF13D0F05D18D
:10E680000137022F0DD96FF01500D3E71CF0800F72
:10E69000F9D118F80C507F2DF5D03F2D01D8002F5F
:10E6A000F1D10134E1E73546C1E74FF0060C04F043
:10E6B0000706E4080CFB06F60CFB04F40736E41B23
:10E6C00004EBD60470B18C420CD800270146032617
:10E6D0003C46DFF87CE0DFF87C801D449D4205D19C
:10E6E0000C1AA5E76FF00B001460A3E713F8019B69
:10E6F000A9F10A0C5FFA8CFCBCF1160F04D848FA99
:10E700000CFC1CF0010FE9D01EF809C00134BCF16B
:10E71000400F08BF013E0CF03F0C042C4CEA871759
:10E72000DCD17EB13C0C012E0C7002D101310024F1
:10E73000D4E7022E4FEA17244C7016BF8F700231B7
:10E740000331F4E73446C9E7002DA2D09BE700BFB0
:10E750008A740200F6FFBFFF2DE9F047058B0446DF
:10E760002807904611D4022905F0070540F0CC8017
:10E77000204605F06DFD78B10138218B042811D8B1
:10E78000DFE800F0C2106D85950001290CBF45F04F
:10E79000100545F02005258388F31188BFF36F8F9E
:10E7A000BDE8F08701F0070AAA4500F0A580002720
:10E7B000B9463E46A368002B00F0BC8041F008013A
:10E7C000218388F31188BFF36F8FA168002900F0BF
:10E7D000BA800D68002900F0B680334652462046C4
:10E7E000D1F80480C047002D76D02B6829461D46FD
:10E7F000F0E701F007035A1F012A1BD8002221F07D
:10E800000701062B276889B2C4E9002209D13B46DB
:10E8100003E0628B013262831B68002BF9D141F067
:10E8200002012046218305F013FD00287AD041F033
:10E83000200176E0042B0AD121F0070189B220469D
:10E84000218305F005FD10B141F020012183218BCA
:10E8500001F0070AAA454FD00027B946AAE7236965
:10E8600021F0070141F00601062DD3F80090218325
:10E870002DD1B9F1000F3FD041F00801218388F379
:10E880001188BFF36F8F20463949C84729E021F02E
:10E890000701236941F0040189B2042DD3F80490E3
:10E8A0002183E6D000274FF0040A3E4682E721F09C
:10E8B0000701236941F0050189B2052DD3F80890BD
:10E8C0002183D6D000274FF0050A3E4672E7002785
:10E8D0004FF0060A3E466DE72B4687E7B9F1000F79
:10E8E000D1D1EFF31188202383F31288BFF36F8F08
:10E8F000238B23F008032383258BEA062ED525F0EE
:10E900001003238305F007056669218B002EBFF6EF
:10E9100070AF00232768C4E9003321F0070141F0FC
:10E9200001012183218B4FF0000901F0070AAA455C
:10E930007FF440AF002F9CD041F00801218388F381
:10E940001188BFF36F8F002FC8D03D68394633461A
:10E950005246204605F0A8FC2F46F4E7AB067FF5AB
:10E960001BAF25F02003238305F0070500E700BF58
:10E97000D542020070B5104B0D461C68B4B10F4B68
:10E98000196800238B4202DB6FF0010070BD224644
:10E9900012F8106B864202D014460133F2E7E068A9
:10E9A00007F09DFC28B100202C60EFE76FF00C0011
:10E9B000ECE76FF01200E9E7FCC40020586A02009F
:10E9C00010B5436888B0029383680C46CDE90332E2
:10E9D00000230A68C068CDE90623054901AA05930A
:10E9E00005F085FF079808B9059B236008B010BDA6
:10E9F000BD44020008B5054805F013FC044805F0C5
:10EA000010FCBDE80840034805F00BBC4A75020045
:10EA100082750200B5750200014804F0EDBE00BF2A
:10EA2000CC6B020038B5044618B90F4B0F485B6831
:10EA300098476168B1F5683F10D0B1F5680F0DD007
:10EA40000B4DA9420AD011F46861206807D0014635
:10EA5000084807F09FFC00232360656038BD14223E
:10EA600005F06DFEF9E700BF54C60020E375020013
:10EA70002C5F5CA9AC12012008B500B34368B3F564
:10EA8000683F0CD101220368D3E8EF1F002903D1AE
:10EA9000C3E8E02F0028F7D10DD1002008BD094AB6
:10EAA00093420AD000684FF0FF324FF0FF3304F07A
:10EAB00023F80028F1D00448F0E70448EEE76FF4AB
:10EAC000E040EBE72C5F5CA9E98FFFFFEA8FFFFFD7
:10EAD00008B5B8B14368B3F5683F0CD100220368AC
:10EAE000D3E8EF1F012903D1C3E8E02F0028F7D1B5
:10EAF0000BD1002008BD074A934208D0006804F0FB
:10EB000073F8F6E76FF4E040F4E70348F2E70348F0
:10EB1000F0E700BF2C5F5CA9E98FFFFFEA8FFFFFE2
:10EB200010B5044618B91D4B1D485B6898476368CB
:10EB3000B3F5683F2FD0B3F5680F2CD0194A934234
:10EB400019D1236803BB4FF0FF324FF0FF3321464A
:10EB5000154803F0A3FF08B923681BB90F4B1348EE
:10EB60005B68984714220021206805F0E8FD4FF407
:10EB70006863636008E0B3F5683F0DD83A2B03D0B3
:10EB800040F6BA629342DED1206807F04DFC63681C
:10EB900043F03A03636010BD054AF3E754C6002012
:10EBA000E37502002C5F5CA9AC120120097602001B
:10EBB0003A00003A08B5064940231422054807F0F8
:10EBC000DBFBBDE808400449044804F087BE00BFF1
:10EBD000AC0D0120AC120120D46B0200E86B0200E6
:10EBE000F7B5254E30688368DB6B03B19847306812
:10EBF0008368DB6A002B31D1204C214D306883685B
:10EC00001B69002B2DD001220DF107019847012827
:10EC100027D1236843B92B682BB369681A688B42E4
:10EC20002A6000D16A602360164A9DF807001188A7
:10EC30007F2904D823684F1C0B44178018720A28B8
:10EC4000DCD1002023681188186059600E494D6896
:10EC500075B9C1E9003310802060CEE798470028DD
:10EC6000CAD103B0F0BD4521084805F0C9FBF8E75B
:10EC70002B604B60EFE700BF20170120C812012076
:10EC8000D8120120781A0120D01201203676020015
:10EC900010B5044B044618688368E1B25B68984776
:10ECA000204610BD20170120F8B505461646084637
:10ECB000EFF31187202383F31288BFF36F8F1B4973
:10ECC0000B684BB11A4C62689A4205D000221A6058
:10ECD000626862B9C4E90033164A136853B987F30E
:10ECE0001188BFF36F8F18460B603360F8BD136057
:10ECF0006360F1E7D2F804C01C686345146008BF84
:10ED0000546087F31188BFF36F8F5C680B60A0427B
:10ED1000D8BF00F1FF3403F108012246284605F070
:10ED200003FD0023601C2B550123DEE7CC120120DC
:10ED3000D8120120D0120120002313B51C4620490F
:10ED4000204AC1E90033C2E900331F4A4868146011
:10ED500020BBC1E900220133082B02F18802F5D162
:10ED60001A4C1B48206007F0BAFA28B32068836861
:10ED700023B11B6C13B100221649984720688368A1
:10ED8000DB6A0BB1984760B1206883681B69002B70
:10ED9000FAD001220DF107019847F4E702604A60BA
:10EDA000D9E700220C4B20681A8083681B6A03B1E4
:10EDB0009847002002B010BD4FF0FF30FAE700BFC7
:10EDC000D8120120D0120120E012012020170120CA
:10EDD0008C660200E1EB0100781A012041F2044345
:10EDE0002DE9F043ADF21C4DADF8083040F60613A6
:10EDF0000025ADF80C30DFF81091444BD9F8001025
:10EE00001B68434E4D70A3EB06080B7828465A1C2E
:10EE100062F302030B7098FA98F34B808B880822F8
:10EE20005BBA8B8005F0E7F931464246ADF8100039
:10EE300005F0E1F902271FFA88F440BA04F10A0349
:10EE40005BBA0222ADF810000DF1120106A8ADF870
:10EE5000123005F069FC0822D9F800100DF11A00F3
:10EE6000ADF8127005F060FCBDF8120006AB08307A
:10EE700080B231464246ADF81200184405F054FC09
:10EE8000BDF812303A461C44A0B22C4606ABADF891
:10EE9000120004A9184405F047FCBDF8123040F2F6
:10EEA00049213B449BB2ADF81230009305AA06AB52
:10EEB00073A8FFF733FB059B164E174FADF81230C2
:10EEC000BDF81230A34203DC0DF21C4DBDE8F08307
:10EED000336802215B68A4B903A89847BDF81250B3
:10EEE00033682D1B7C2DA8BF7C2573AA10192946D9
:10EEF0005B6898473368012138465B682C44984723
:10EF0000DEE702A8E9E700BF841701203C170120D3
:10EF10007E1B0120881701201770020038B50546B6
:10EF20000A4C0A21204607F0A4F90222204608498B
:10EF300007F092F92946204607F06BF920460A218E
:10EF400007F09FF9BDE83840FFF748BF3C170120A4
:10EF50007476020073B583680C469A4206461146E1
:10EF600013D2944213DC6A4604F000FE68B9DDE96E
:10EF700000351D442A1B2146304605F079FA024629
:10EF800040B14521044805F03BFA6FF015042046D6
:10EF900002B070BD2C46FAE7777602002DE9F04703
:10EFA0004FF0FF34D4B00B4605940694079401212A
:10EFB00000240AAD0246C5E9004430A80091CDE91D
:10EFC000014404210894099406F017FE40222146CA
:10EFD00020A805F0B4FB8B4B03211C9305230422CE
:10EFE0001D93894B0DF11809CDE91E39874B8848CF
:10EFF0002193884B05AFCDE92335874B07AE269388
:10F00000864BCDE92B01CDE92836CDE92D37279167
:10F0100009AB1CA930A8229205F0CAFA20B3032438
:10F020000A217F4807F025F97E4902227C4807F033
:10F0300013F921467A4807F0ECF84CB974490322D9
:10F04000774807F009F9784B7548196807F0EBF82D
:10F050000A21734807F015F9FFF7C0FE089805F07C
:10F06000DCF954B0BDE8F0873B68D5E900845A1C50
:10F07000D5D0B8F1000FD2D06C4A33B9D9F800100E
:10F08000B1F1FF3F18BF0B461360106804F05FFD3D
:10F0900008A9C0B2FFF76EFC0028C0D13B68624DE2
:10F0A000002B4BD1089F2B603846D7F8089004F00E
:10F0B00050FE5F4A0146384604F058FD28B145210C
:10F0C0005C4805F09DF90124AAE733684B45A6D8B2
:10F0D000594A1060594A13602A68574E22443168D1
:10F0E0000898013AFFF736FF0028306097DB089850
:10F0F00005F0D6F9B4FBF0F303FB1046DFF83C91C2
:10F100002B68A71B1C44D9F8003008989C4238BFD4
:10F11000002605F0C5F9012806D9089805F0C0F9C0
:10F12000013818EA000F4AD13B4642462968089840
:10F1300005F089F900287FF472AF2FE02A68934226
:10F1400001D000246CE73D4A234412689342C3D99E
:10F1500065E7BA45089828BFBA4605F0A8F94022E5
:10F1600001460CA805F0EBFA524641460CA805F002
:10F17000DBFA5346296808980CAA05F064F904469E
:10F1800000287FF44DAF2B68D04453442B60A7EB8D
:10F190000A07089805F084F9B842DAD996B92B68BD
:10F1A000D9F8002033443B4493422B60C9D1204B13
:10F1B00008981A681146FFF7CDFEC40F30E74FF0EC
:10F1C000400AE6E7089805F072F9082201460CA803
:10F1D00005F0B5FA324608EB07010CA805F0A4FAD1
:10F1E000DDF82080296840467C1805F059F9214651
:10F1F00003460CAA404605F026F900287FF40FAF1D
:10F20000CDE700BF06730200E95E020099760200B6
:10F21000A2760200F35E02009E760200EF5E02001C
:10F220003C170120747602003417012038170120A2
:10F230002C17012019700200281701202417012023
:10F24000F0B50C68164F85B002380D46C4F58061E4
:10F250000090144B381903AA0131FFF7DDF9044679
:10F26000D0B92B68039A1344022B2B6011D93E8826
:10F27000023B76BAB6B29E420BD13246B91C04F0BC
:10F28000BAFF30B9022E04D92B689A1E2A60FC54AA
:10F290000124204605B0F0BD4FF0FF34F9E700BF70
:10F2A000271D01202A2101202DE9F04F0121A9B0BD
:10F2B0009F4806F0DEFF06229E499D4806F0CCFFDF
:10F2C00005219B4806F0D1FF4FF00009484602F0A7
:10F2D00069F900268046DFF860B2984B314648460F
:10F2E0001D68FDF70FFB07A9C0B2FFF743FB0446FB
:10F2F00020BB202301460DEB0302079805F08EF892
:10F30000089B8F4A934211D1FDF702FD4023074627
:10F31000079A009308A918AB2046CDE9024401944E
:10F32000FDF702FB05463846FDF702FDDBF800302D
:10F330000799AB4217D0084605F06FF88EB1B9F1C6
:10F34000000F0CD005217A4806F097FF012178487C
:10F3500006F097FFFFF742FD29B0BDE8F08FB146F8
:10F36000B4E70126B9E710AA08A805F0F4F8824628
:10F37000079805F052F814216D4806F07AFF05222F
:10F3800070496B4806F068FF4946694806F04BFF34
:10F39000B8F1010F0C9C09D104F01005002E53D0D8
:10F3A000002D72D12F462C462B4653E0B8F1020FA8
:10F3B00004F0100411D1002E3AD1002C00F0A680E8
:10F3C00000252F462C4609225F49594806F044FF84
:10F3D0000121574806F069FF49E0B8F1030F10D149
:10F3E000002EEAD0002C00F09780584907225048A0
:10F3F00006F032FF01214E4806F057FF092254491A
:10F400001AE0B8F1040F0FD1002ED6D13546374699
:10F41000002C7ED006224F49454806F01DFF0121F1
:10F42000434806F042FF24E0002C2ED12546B9E7E0
:10F43000002C75D0072245493D4806F00DFF0121FB
:10F440003B4806F032FF20E0002D6CD135463746B0
:10F4500044460123082240493548059306F0FCFE46
:10F460000121334806F021FF059B002BABD1002C76
:10F47000D0D147B1354907222D4806F0EDFE0121D4
:10F480002B4806F012FF002DB8D134490422284839
:10F4900006F0E2FE3146264806F0C5FEBAF1000F3E
:10F4A00009D104222E49224806F0D6FE2022204807
:10F4B00010A906F0C8FE07222A491D4806F0CCFE16
:10F4C000BDF83630402101939DF83530264A00932F
:10F4D00018A89DF8343000F061FD0E9B4BB1421E20
:10F4E0003E2A06D818ACC0F14001204A204400F062
:10F4F00055FD18A805F0EAF818A902460C4806F0D0
:10F50000ABFE14210A4806F0BCFE17E72546274645
:10F510009FE7012433469DE7012523462F4699E7BF
:10F52000254601273FE73546374644464BE700BFAF
:10F530003C170120A6760200F0C40020ECC4002095
:10F540003DB8F39606730200BE760200AD76020067
:10F55000CF760200C8760200B5760200D9760200A6
:10F56000DE760200E3760200EB760200F776020018
:10F570002DE9F0430B4600240121D9B008AFC7E9BB
:10F5800000448DF817400246CDE90144009134A8AB
:10F590000421069406F031FB214618221EA805F02E
:10F5A000CEF8454B0DF117081A9307231B93434BD5
:10F5B0000222CDE91C38424B1AA91F930423209341
:10F5C000404B34A8CDE9213706AB04F0F1FF0446E7
:10F5D00000286FD17B68202B6CD1DFF8EC900121E3
:10F5E0002046FDF78FF907A90646C0B2FFF7C2F91A
:10F5F000054600B332464521344804F001FFC4B14A
:10F600004521334804F0FCFE05240A21314806F068
:10F6100030FE022230492F4806F01EFE21462D48BA
:10F6200006F0F7FD0A212B4806F02BFEFFF7D6FB6C
:10F6300026E00124D3E72023014612AA079804F00C
:10F64000EDFE129B4B451ED007990AAA12A804F0A2
:10F6500082FF0546079804F0E0FE002DCFD120225E
:10F6600039680AA805F039F80028C8D1204698F86A
:10F67000001002F017F804460028C6D1FFF714FE68
:10F6800059B0BDE8F083FDF743FB40230646CDE9C2
:10F690000255079A0195009312A924AB2846FDF75D
:10F6A00043F905463046FDF743FB0C4B1B68AB4264
:10F6B000CAD0A4E70324A8E7FB7602009F5F0200FC
:10F6C000DE760200F35E02003DB8F3960377020097
:10F6D000287702003C17012074760200F0C4002055
:10F6E000002307B502210093044A4FF4D473044861
:10F6F00006F0E6FD03B05DF804FB00BF7E1B0120B1
:10F700003C17012007292DE9F74F044640F2FB8002
:10F71000037813F0050F40F0F6804388A1F1080547
:10F720005BBA9BB2AB42C0F0EE80834B186083881B
:10F730005BBA8380FFF7D4FFA088012840F0E68001
:10F74000E37904F10800012B12D0062B16D0002B10
:10F7500040F0EC8023785A0704D103B0BDE8F04FA5
:10F76000FFF7A2BD294603B0BDE8F04FFFF700BF89
:10F77000294603B0BDE8F04FFFF710BC23785B07C4
:10F7800002D00820FFF7CAFBFEF736F80121074632
:10F790006A4806F06EFD06226949684806F05CFD7D
:10F7A0000221664806F061FD0025DFF898910421EA
:10F7B000624806F05EFD002847D0052262495F4896
:10F7C00006F04AFD002840D029465C4806F02BFD93
:10F7D00000283AD005225D49584806F03DFDA0B307
:10F7E0000221564806F041FD78B30026534CDFF85D
:10F7F00060A1DFF860B122E004225146204606F005
:10F800002BFD10B33146204606F00DFDE8B1314620
:10F810002846FDF777F801A9C0B2FFF7ABF880469C
:10F82000C8B102224946204606F016FD68B141469D
:10F83000204606F0EEFC40B1002E43D10126032104
:10F84000204606F016FD0028D6D1FFF749FF02201A
:10F85000FFF764FB55E004225946204606F0FCFC05
:10F8600090B1019B2046996806F0DDFC60B10F2243
:10F870002046394906F0F0FC30B106EB4501204640
:10F88000013106F0D0FC18B9019804F0C6FDDCE7A0
:10F89000019804F0C2FD0321204606F0F2FC002886
:10F8A000D3D0002ECAD00221244806F0E6FC00285E
:10F8B000CBD017F8353043B90421204806F0E1FCDD
:10F8C0000028C2D08DB9012571E70E2223491B48BB
:10F8D00006F0C2FC0028B8D03B1D53F8351017487D
:10F8E00006F0A1FC0028E7D1AFE70221134806F09B
:10F8F000C4FC0028A9D00121104806F0C2FC002851
:10F90000A3D0FFF76BFA03B0BDE8F08F70B9E379CD
:10F91000012B0CD0052B09D1FFF700FB4FF4005051
:10F92000002106F004FE0120FEF7E2FD082003B0EE
:10F93000BDE8F04FFFF7F2BA841701203C17012011
:10F94000A676020074760200067302005477020065
:10F95000D9760200747702005A7702006A770200B3
:10F9600001232DE9F34100240546264FDFF8988056
:10F970003B70264B264E009418603B7813B902B0BA
:10F98000BDE8F081234BC4F58061C3F80086C3F85D
:10F990000486C3F80886C3F80C86C3F81086C3F83B
:10F9A0001486C3F81886C3F81C862B6801AA013197
:10F9B000301998470028019B01DC002BDDD004445E
:10F9C0002BB940F201439C42D7D10024D5E73378CC
:10F9D000062B09D17378092B0BD1002300936946BC
:10F9E000A01EFFF72DFC04E0042B02D17378142B2A
:10F9F000F5D00128E9D1009907480239FFF782FEC6
:10FA0000E3E700BF261D01203546526E881701200E
:10FA10002821012000800150291D012030BFFFF75F
:10FA2000FDBF00BF074A936893F90E10002907DB5A
:10FA3000526993421FBF044A536843F08053536096
:10FA4000704700BF7018012000ED00E0154B9A6A66
:10FA500012F0007F9A6A14BF1E201D2012F0807FD2
:10FA60009A6A18BF1F2012F4801F9A6A18BF0220DA
:10FA700012F4002F9A6A18BF212012F4802F9A6A7C
:10FA800018BF222012F4003F9A6A18BF232012F4F4
:10FA9000803F9A6A18BF24206FEA02426FEA12423E
:10FAA0009A62704700ED00E010B5194B0246986A63
:10FAB0009C6A10F4805F14BF1720162014F4006FA6
:10FAC0009C6A18BF1820A40509D5986B986A000491
:10FAD00004D51AB19A6A22F400429A6219200C4B9A
:10FAE0009A6A12F4806F9A6A18BF1A20D2050CD451
:10FAF0009B6A13F4005F18BF1C20054A936A43F405
:10FB00007F43936200230B7010BD1B20F5E700BFFD
:10FB100000ED00E010B51C4B0246986A9C6A10F09C
:10FB2000100F14BF1120102014F0080F9C6A18BF8A
:10FB30001220A40709D5586B986A000604D51AB19B
:10FB40009A6A22F080029A6213200F4B9A6A12F08E
:10FB5000010F9A6A18BF142012F0200F9A6A18BF7A
:10FB60001520D40658BF9B6A074B9A6A920642BF7B
:10FB70005A6A22F400525A629A6A42F0FF029A626A
:10FB800000230B7010BD00BF00ED00E070B5444BCA
:10FB900006465B6800258AB0C3F3080385F3118825
:10FBA000BFF36F8F02F07F40B0F17F4F11D102F0B1
:10FBB0000C0008280DD010074CBF0E46012500226E
:10FBC000033B8DF80720032B05D8DFE803F01E5C0C
:10FBD00060592E46F3E700249DF807309BB9202298
:10FBE000314602A804F0A0FD099B002D53D0C3F3B9
:10FBF000080222B96FEA53236FEA43230993204690
:10FC000002A904F027FD0AB070BD254BDA6A9107FE
:10FC1000E1D4DA6A002ADEDBDA6A5200DBD55A69FF
:10FC2000B16942F480725A61BFF34F8FBFF36F8F97
:10FC30005A6931F8021C22F480725A61BFF34F8F67
:10FC4000BFF36F8F4DF60272914209D09A6AD2B219
:10FC500042B101200DF10701FFF75CFF0446BBE74D
:10FC60003468B9E79A6A12F47F4F05D001200DF18C
:10FC70000701FFF719FFF1E79B6AB3F5803FAAD3AD
:10FC8000FFF7E4FEEAE700200DF10701E4E70020BA
:10FC90000DF10701EDE723F4FF7323F00103ADE756
:10FCA00000ED00E0064B5A6942F010025A615A69B1
:10FCB00042F480625A615A6922F008025A61704720
:10FCC00000ED00E0EFF30880EFF3098101B5724623
:10FCD000FFF75CFF01BD00BF002080F31488BFF375
:10FCE0006F8F002080F30A8880F30B880F4880F321
:10FCF000088801F031FD00200D490860BFF34F8FE7
:10FD000000F01AF8202080F311880A484FF40061AF
:10FD1000401880F30988EFF314800221084380F330
:10FD20001488BFF36F8F00F0C3F80000C0560120A5
:10FD300094ED00E08025012072B6002383F3138840
:10FD40004FF0FF300C4A03F120010133102B42F831
:10FD50002100F8D100234FF0FF30074A03F1600182
:10FD60000133102B42F82100F8D162B6BFF34F8F58
:10FD7000BFF36F8F704700BF00E100E0084B9B6846
:10FD800083420BD1EFF3058343B1064B5A6842F02F
:10FD900080525A605A6A22F400425A6203F0A0BAB2
:10FDA0007018012000ED00E013498A684FF0300020
:10FDB0001044EFF3098C80E8F01F202080F31288B4
:10FDC000BFF36F8F0D4F4FF000664A698A603E6047
:10FDD000506F0023536780F3118802F1300090E8E0
:10FDE000F01F8CF3098802F1000004B504F047FC11
:10FDF000BDE80440704700007018012004ED00E0E9
:10FE00001EF0040F0CBFEFF30880EFF30980816947
:10FE100011F8021C0229FFD001B5724604F020FC43
:10FE200001BD00BF40B2002807DB01234109034A9E
:10FE300000F01F00834042F82130704700E100E0ED
:10FE400040B200280CDB01220649430900F01F00E4
:10FE50008240203341F82320BFF34F8FBFF36F8FD1
:10FE6000704700BF00E100E0054B420953F8222033
:10FE7000012300F01F0003FA00F01040704700BF9C
:10FE800000E100E040B2002801F10101ACBF00F147
:10FE90006040064B4FEA4111C9B2ABBF00F561406B
:10FEA00000F00F0080F800131954704714ED00E0C3
:10FEB0000B4A08B50B4B22F07F029A60BFF34F8FBD
:10FEC000BFF36F8FD3F8882022F47002C3F8882024
:10FED00002F028FD03F012FB00F042F802F062FD90
:10FEE00000C2010000ED00E042F8203C009B0B49FD
:10FEF00042F81C3C019B21F0010142F8183C029B96
:10FF000042F8081C42F8143C4FF0807342F8043C5D
:10FF10000023203A02654367704700BF3D4202005C
:10FF200000B5094B0E4698601546436E83F30B8867
:10FF30002C4686F309880020044B98472046002170
:10FF400000220023024C204770180120874602003F
:10FF50003D4202001022014B1A61704700ED00E0A3
:10FF6000002320210348C2180133412B82F80013DB
:10FF7000F9D1704700E100E008B5EFF30583064AC8
:10FF8000103B02EBC30152F8330049688847BDE8D3
:10FF90000840FFF747BD00BFDC6602000CB410B597
:10FFA00086B009B90DF10B000024CDE9040109ABBD
:10FFB000089A009404A905480393FEF777F8049B78
:10FFC0001C7006B0BDE8104002B0704751470200F7
:10FFD0000122024B0020C3F84025704700900350D7
:10FFE00020B1034B800143F001031847704700BF65
:10FFF000D0690200BFF34F8F0549064BCA6802F46F
:020000040002F8
:10000000E0621343CB60BFF34F8F00BFFDE700BF3B
:1000100000ED00E00400FA05084B70B5C31A0D4668
:1000200007499B10044659434022064804F0A6FBAA
:100030002B4601462046BDE870401847A017012016
:10004000B76DDBB650660200402373B50B4C0093CE
:10005000041B0B460D460A49A41061430646094A93
:10006000094804F0B6FB011E05DA30462B4602B003
:10007000BDE87040184702B070BD00BFA017012056
:10008000B76DDBB63B4802005066020010B5EFF3D7
:100090001184202383F31288BFF36F8F074A1368FC
:1000A00023F00201DB07116002D4012005F06EFC91
:1000B00084F31188BFF36F8F10BD00BFF0170120CC
:1000C00070B50022012104460520FFF7DBFE0F4832
:1000D00001F068FC0E4B984215D101F073FC2669C3
:1000E0000C49304604F003F900280BDB0125356488
:1000F0002469084904F11C0004F0F9F8002801DB28
:100100000020E56470BD6FF00400FBE711020200FF
:100110000000AD0BF86B02001FB500220123CDE9F2
:1001200002236B46084ACDF800D0CDF804D004F085
:100130007DFB002805DB4FF480420023684602F077
:10014000D7FD05B05DF804FB594802000C22104BA6
:10015000014602FB0033002030B4D3E90E5298630D
:10016000EFF31180202484F31288BFF36F8F1C6C8F
:1001700004F0C00444F002041C6480F31188BFF34F
:100180006F8F1DB12B4630BC0248184730BC7047FA
:10019000A01701205066020010B4EFF31182202353
:1001A00083F31288BFF36F8F1748016841F0020490
:1001B0000460C80707D482F31188BFF36F8F012052
:1001C00010BC01F013BC4FF05021D1F80C04D1F851
:1001D0000C14C907EFD5EFF3118083F31288BFF336
:1001E0006F8F0A490B6C03F0C00343F002030B64EA
:1001F00080F31188BFF36F8F82F31188BFF36F8F85
:10020000002010BCFFF7A2BFF0170120A0170120AB
:1002100010B1012804D07047034B1B6C5B0701D160
:10022000FFF794BF704700BFA01701202DE9F041F0
:10023000012207463649D1E8EF3FC1E8E02F002808
:10024000F9D133B9334934484B60CB608A6004F04C
:1002500061F87B1E012B2BD8012F07D14FF05023C3
:10026000D3F81C3403F00303022B21D006F0EFF87F
:100270000546F8B9294B1B78E3B14FF05023022211
:100280000646C3F808234FF05024DFF89480D4F8D2
:100290001824D4F81834D20315D503F00303022B25
:1002A00001D0012F0FD16DB386F31188BFF36F8F8B
:1002B000BDE8F081EFF31186202383F31288BFF3AA
:1002C0006F8F0125DFE7C5B1304604F0F0F9D4F8AF
:1002D0001835DBB2012BDAD1D4F80421002AD6D0AC
:1002E0000022C4F80421D4F804210222C4F81825FD
:1002F0002022C8F88021A360C9E70021212006F050
:1003000016F9E4E74FF050230222C3F80423CFE7A5
:100310009C1701208C170120BC1701207D2501208E
:1003200000E100E0C3780F2B14D9C96B0B480B0E0A
:1003300013708B0200EA911003F47C030906034357
:1003400001F0FE4110680B43054901400B430020BA
:10035000136070476FF08500704700BF00FF030017
:10036000FF000080024B0B6001231360704700BF49
:10037000F4170120004870471C6C020010B50122E0
:100380000648114606F057F805F067FB044C20605C
:1003900005F060FB6060002010BD00BFFC1701206D
:1003A000F417012070B50C46154605F053FB29469D
:1003B0000646204604F0D0FA08B3B4FBF6F306FB79
:1003C0001343E3B9B5FBF6F306FB1353BBB9AE42D7
:1003D00001D9002070BD4FF0FF324FF0FF330948C4
:1003E00002F086FC05F036FB0646204601F026FFAB
:1003F000AD1B3444F9D1034802F046FCE9E76FF045
:100400001500E7E7FC170120F8B50E4619463046FF
:1004100017461C4604F0A0FA08B346EA040515F096
:1004200003051CD1A4B14FF0FF324FF0FF330D484C
:1004300002F05EFC24F00304A54206EB050009D19E
:10044000094AD2F80034DB07FBD5064802F01CFC51
:100450000020F8BD795901F00FFF0435ECE76FF08B
:100460001500F6E7FC170120009003500048704784
:100470009C6C020038B545682B69B3B1103528462D
:1004800001F0B8FD044680B90146284601F080FD20
:10049000084B98420BD122462846074901F060FDDF
:1004A000224605210D20FFF7EDFC002038BD6FF03E
:1004B0000400FBE70000AD0BBD040200430970B56A
:1004C00007D10B4B596821B101250C68094E8540B5
:1004D00001B970BD8A682A4002D030464B689847FF
:1004E0001CB1236821461C46F2E72346FAE700BF09
:1004F0002C180120646602002DE9F04340F2063515
:100500004668D00648BF0320337B02EA050558BF82
:10051000C2F3401087B001F01F07B5F5837F144682
:1005200047EA43178DF8030042D00FD8062D18D0A4
:1005300007D8B5B1022D3DD06FF0150007B0BDE86A
:10054000F083B5F5807FF7D101250AE040F2022261
:10055000954231D0B5F5407F30D0B5F5007FEBD175
:1005600002250123220303FA01F129D5736899605A
:10057000326952BB07F01F037F0973D13B4A84F4F1
:10058000803102EB8302D2F80032C1F30041C4F3A0
:10059000404423F4E16344EA410423F007031C438D
:1005A00044EA800444EA0524C2F800420020C5E77A
:1005B0000725D6E70425D4E70525D2E70325D0E7AC
:1005C000630344BF7368D960D2E7103639463046BA
:1005D0000DF1020201F0CAFC14F4403F80460CD138
:1005E0003946304605F02CFA214B9845DED130468D
:1005F0009DF8021001F008FDD8E74FF0000901ABAB
:100600003946304603AACDE90439CDE90199CDF840
:100610000C9001F07FFB164B98428DD114F40033FF
:1006200015D09DF8033084F48034C4F300448DF871
:100630000E3039464B46304603AA8DF80C508DF8E3
:100640000D4001F015FC0A4B9842CDD074E7CDE97E
:10065000043339460DF10303304603AA039301F036
:1006600059FBF0E7803352F82330FFDE0025845039
:100670000000AD0BF0B5406801F01F04057B87B0AA
:1006800044EA45140569002D5FD0B2F5001F00F162
:10069000100506D12146284605F0D4F9002007B000
:1006A000F0BD0027B2F5800F01AE0197776037D11A
:1006B000B3F1007F14BF052304238DF80430002319
:1006C000CDE904630393836823FA01F111F001017A
:1006D00018D1B2F1A07F15D104F01F03620903F114
:1006E000800338D11D4A52F82330DB070AD40DF1BC
:1006F000030632462146284601F038FC184B984242
:1007000019D002962146284603AA01F003FB154B97
:1007100098421DD101222146284601F081FCBDE707
:10072000B3F1C06F05D0B3F1007F14BF01230223E2
:10073000C3E70323C1E73146284601F06BFC094BB0
:100740009842DED06FF00B00A9E76FF08500A6E7B6
:100750006FF01500A3E751F82330FFDE0025845029
:100760000400AD0B0000AD0B2DE9F04740F2FF1681
:10077000594FDFF868C1DFF868E100EB8101814281
:1007800002D10020BDE8F087046814F4804FC4F360
:10079000C325C4F3080340F08C80240EB34208BF85
:1007A0004FF0FF337D5D192C00F28680DFE804F006
:1007B0000D13191C1F251C84848484366084848452
:1007C00084848484848463787B7EC2F80C355C1CCA
:1007D0005BD10430D3E7C2F814355C1CF9D0002497
:1007E0005CE0C2F80835F2E7C2F81035F5E75C1CAA
:1007F000C2F80835EDD0002404E05C1CC2F80C35CA
:10080000E7D001245FEA531859D14FF00109DFF80E
:10081000CC8009FA03FAC8F80CA008E0C2F8083541
:10082000002DDAD15C1CD4D000240625A146D0F8D6
:1008300000A00AF40048B8F1000F1CBF4FF00009F7
:10084000012403F01F085B093FD10CEB8808D8F89E
:100850000032CAF3412A03EA0E0343EA8A0343EA59
:10086000052343EA090343EA4403C8F80032B0E72A
:10087000C2F80C35D4E7C2F86035B3F1FF3F046825
:10088000A7D0C4F30044002CBBD05C091AD10124CA
:10089000DFF8488004FA03F9C8F80890A146C6E7D3
:1008A000C2F86435E9E7C2F86835E6E7C2F86C35A6
:1008B000E3E76FF0150065E76FF0850062E700235E
:1008C000DB60FFDE00239B60FBE7002308F180086C
:1008D00053F82830F5E700BFC077020000258450A8
:1008E000F0F8FCFF2DE9F04104460D46476805F09D
:1008F000AEFD4FF0200888B9264B1B7873B16426F3
:10090000606804F0AFFCF0B9012004F0DFFF013EA5
:10091000F6D10021212005F00AFEF0E7EFF3118661
:10092000314688F31288BFF36F8F606804F09AFC39
:10093000A8B986F31188BFF36F8FEFE786F31188AC
:10094000BFF36F8FE5E7EFF31186314688F3128826
:10095000BFF36F8F606804F085FC0028EED0BB69A0
:1009600000201D706368BA691B68C3F84425012222
:10097000C3F84825C3F82001D3F82041C3F8580133
:10098000D3F858019A6081F31188BFF36F8FBDE8E7
:10099000F08100BF7D250120F7B505464268136947
:1009A0001168C1F82435137D507D927D03431343B4
:1009B000C1F86C356E68D6E9004313F0010348D0E6
:1009C0002F6907F10C0000F0E7FF304B98425AD135
:1009D000387B04F10C0204F5907104F079FF387B48
:1009E000012707FA00F000F0D1FF0823C4F8003512
:1009F000B369C4F844350023C4F84835A760D4F877
:100A00005831002BFBD00021C4F800156B6801AAF7
:100A1000DC68204604F06FFB002805DB019B2268A0
:100A200019791868FFF7A0FE08216A681368C3F8EF
:100A30000015117A51B9D269C3F834250122C3F8DF
:100A40003825C3F81011D3F810111A60002003B034
:100A5000F0BD0822C4F80025B269C4F84425C4F8E2
:100A600048350123A360D4F82031002BFBD00023AC
:100A7000C4F82031D4F820310123E3604FF48073AF
:100A8000C4F80433BBE76FF00400E0E70000AD0BEF
:100A90002DE9FF4105690646D0F80480A86C2B6D4E
:100AA000002835D1002B53D0B8F830406A6C9C42F6
:100AB00028BF1C46EF6CEB6C53B1296D41B107F0B8
:100AC0006041B1F1005F03D0082C28BF08246F6E8D
:100AD00000926A6CAC651AB1AA6C002A18BF224653
:100AE000CDE901271BB12B6D002B18BF2346002237
:100AF00069464046039301F077FD184B984229D090
:100B00006FF00401304604B0BDE8F04104F03BBD95
:100B1000696CEF6C0A46B8F83040ABB1834228BF2D
:100B200003469C4228BF1C460029C4D001F0604304
:100B3000B3F1005FBFD0082C28BF0824286E2246DE
:100B400003F0F2FD2A6EB6E7844228BF0446EBE7C5
:100B50001946D7E704B0BDE8F08100BF0000AD0B37
:100B60002DE9F04F8DB001934368884602938B883E
:100B700005469904914604692DD44FF0FF324FF099
:100B8000FF3304F1100002F0B3F8C4F80480D5F884
:100B900004B0D5F810A0DBF8083003939AF85D3064
:100BA00023B1DAF80030984500F09D80B8F804E0F1
:100BB0001EF4006F16D06FF0850623689B8813F42F
:100BC000005304D1636004F1100002F05DF8304678
:100BD0000DB0BDE8F08FA369002BCED163689845B6
:100BE000CBD1D4E71EF0090F02D06FF01506E4E771
:100BF000CEF34513082BF8D1D8F800C08B4B9C4599
:100C0000F3D904AE0BF10C070FCF0FC697E80F0016
:100C100086E80F00039B634528BF63469C46844BD0
:100C20009C4511D2834B9C4546D8834B9C4545D867
:100C3000824B9C4544D8824B9C4543D88149824B8A
:100C4000824A8C4588BF13461EF0020F09930EF0AE
:100C5000040339D0002B14BF032302238DF828305E
:100C6000CEF300138DF82930DBF800301EF0020FB0
:100C7000D3F8082576484FF00103CEF340014FEA40
:100C8000521625D1002E40F0CB809340C3609AF8D5
:100C90005D302BB1584601F06BFC00238AF85D30C3
:100CA0002B4658466B4A04A901F02EFC6A4B984229
:100CB00014D06FF0040680E7684BC5E7684BC3E7C4
:100CC000684BC1E7684BBFE7003B18BF0123C5E78E
:100CD000002E40F0A78093408360D8E70123CAF834
:100CE00000808AF85D30012384F85C30029B996BA8
:100CF0004A1C03D003F13C0000F0E8F8B9F1000F02
:100D000068D1C4F834900023A36304F1480204F1CD
:100D1000380104F1340004F061FB019B6064002B96
:100D200060D1E3630023236404F1500204F1400125
:100D300004F13C0004F052FB002601213246E0643D
:100D40002663204604F081FB2846FFF7A1FE3246C9
:100D50003346A06B83424DD100231946266CB14225
:100D60004FD1934238BF134627464FF4FA524FF003
:100D7000000802FB03F657F8203B4FF4004C1B68B9
:100D80004146B6FBF3F640F2E730C8364FF47A72CC
:100D90000023E6FB0C01FBF779FB02460B463846C5
:100DA00001F0A6FF024618B9266B16F1740F2FD179
:100DB0000298C4F8588001F0DBFB6FF073012846FD
:100DC00084F85D8004F0DFFB384601F0B7FF6FF078
:100DD0007306F2E6D9F800306363002B93D0D9F89C
:100DE000043091E7019B1B68E363002B9AD0019BC1
:100DF0005B6898E7616B01EBC301496801330A4402
:100E0000A8E7E06B00EBC100406801310344A6E7AE
:100E1000002E3FF4D2AE0146286904F016FBCCE662
:100E2000C960FFDE00239B60FBE700BF47E80100CD
:100E300000127A00FF083D007F841E003F420F0031
:100E40001FA107008FD0030048E8010090D00300E5
:100E500000258450A95502000000AD0B00093D009B
:100E600080841E0040420F0020A107000123F0B53E
:100E700087B08DF80230022300248DF804306B44D3
:100E800003930F4601AB0DF1030104930546029154
:100E9000059401F0BFF80C4B064698420FD1394635
:100EA000284603AA00F036FFB0420BD028469DF832
:100EB000031001F0A9F86FF0040007B0F0BD6FF067
:100EC0001200FAE72046F8E70000AD0B2DE9F041EB
:100ED0000D46064604F0B8FD002207462946304676
:100EE00001F09EF86B0905F01F0429D1174B03EBA5
:100EF0008404D4F80022164B134043F00C03C4F8CA
:100F0000003204F0B6FB80463368DB597BB1002722
:100F10003046294604F096FDD4F800220C4B3846A2
:100F2000134043F00403C4F80032BDE8F08104F03C
:100F3000A0FBA0EB08000628E6D96FF07307E7E7EF
:100F40000023803453F82430FFDE00BF0025845096
:100F5000F0F8FCFF0123834070B5DC430B4AD2E874
:100F6000EF1F01EA0405C2E8E65F002EF7D14FF457
:100F7000803282400648C0F80823BFF35F8FBFF37A
:100F80006F8F0B4214BF0120002070BD3C18012060
:100F90000050015070B40E4922F07F46D1E9003470
:100FA000D01AC31844F10004C1E90034A6F50013B7
:100FB000B3F5400F09D2074B1B681A0A1B069C1990
:100FC000054B42F10005C3E9004570BC02F056BB79
:100FD00028C700204018012030C70020D9B10123C4
:100FE0000D4A8340D2E8EFCF4CEA030CC2E8E1CFD0
:100FF0000029F7D14FF48033084A8340C2F8043304
:10100000074BD3E8AF3FC340DB0742BF4FF40012AA
:10101000044BC3F8002170473C18012000500150D8
:101020003818012000E100E00D4B1868010A0006A5
:10103000BFF35F8F0B4BD3F80435181841F1000153
:10104000B3F5801F0AD2084BD3E90023904271EB1D
:10105000030303D210F1807041F10001704700BF1B
:10106000401801200050015030C700202DE9F04FFA
:1010700085B016461F4604469DF840A0FFF76AFF5C
:101080000190FFF7D1FFB04271EB070352D23B4B07
:10109000301A67EB0101984271F100014DD2384BD3
:1010A00003EB0413D3E902239F4208BF964258D0B2
:1010B0004FF48038334908FA04F8204626F07F4B75
:1010C000C1F8488304F0C9FA4FF00309584604F107
:1010D0005005AD00ADB205F1502504F5A87305F536
:1010E00080350293029A20F07F4341F82230C1F804
:1010F0004483D1F80435244AC01A033820F07F40D5
:1011000090422ED9286868B1D1F80435A3EB0B00C2
:1011100020F07F40B0F5000F039322D9204604F061
:101120009CFA039BBAF1000F07D109EB030009F108
:101130000109D7E7BAF1000F09D06FF01505204675
:101140000199FFF74BFF284605B0BDE8F08F01235A
:101150000E4AA340D2E8EF0F1843C2E8E10F00297E
:10116000F8D107490E982301C8500F9B01EB0412D8
:101170000025C2E902675360E1E700BF010080007B
:1011800018C7002000500150FDFF7F0038180120D3
:101190007FB500254FF0FF304FF0FF31194C1A4B4F
:1011A0000226C4F80833C4F84833184BC4F808556D
:1011B000C3E902014FF480334FF40012C4F8043342
:1011C000134B0121C4F804631520C3F880212A467B
:1011D000FEF758FE1520FEF725FE01230D4AA360F9
:1011E000236013600C4B0D4A009328460023CDE981
:1011F0000155FFF73BFF3046FFF718F8284604B0CB
:1012000070BD00BF0050015003000F0018C7002040
:1012100000E100E03C180120950F0200FFFF7F0075
:101220002DE9F7432E4BD3F8042390070BD5D3F8C1
:10123000042142B10022C3F804212A4AD3F8043120
:10124000136801331360264AD2F80433D90326D534
:10125000254BD3E8EF1F21F00100C3E8E40F002C79
:10126000F7D1CB0702D4D2F84031C3B100251C4CD2
:10127000C4F84051D4F84031FFF7D6FEEFF31182A5
:10128000202383F31288BFF36F8F184BD3E90267D3
:10129000B042B94106D282F31188BFF36F8F03B019
:1012A000BDE8F0834FF0FF38D3E900104FF0FF396D
:1012B0001D60C3E902894FF48033C4F84833C4F891
:1012C0004051D4F8403182F31188BFF36F8F002969
:1012D000E5D0009032463B4628468847DFE700BF0E
:1012E00000500150401801203818012018C7002074
:1012F00030B5431C124C85B005D08442A8BF0446CB
:10130000012CB8BF0124FFF78FFE0E4B0C4DD3E923
:101310000013401AB0F5000F0FD22218AA4228BFBE
:101320002A46002052180849CDE90100009143F1F6
:101330000003FFF79BFE05B030BD2A46F1E700BF72
:10134000FFFF7F0028C70020950F020008B5FFF7B8
:101350006BFE024B1B68C01A08BD00BF28C70020E7
:10136000012310B5074C15206360FEF769FD4FF4AB
:101370000012054BC4F80833C4F84833034BC3F8D4
:10138000802110BD0050015003000F0000E100E07B
:1013900040EA0103C3F30E0330B58BB940F21515D3
:1013A000094CC90BC0F3C730994201D1002030BDB0
:1013B000C218D2B202F5C07244F822500133F3E7EA
:1013C0006FF01500F3E700BF00300050054B1B68BD
:1013D000DA6AB2F5807F01D8DB6918476FF00D003B
:1013E000704700BFC4560120014B1B681B6A184799
:1013F000C4560120014B1B685B6A1847C456012084
:1014000010B4034C2468E469A44610BC604700BFD4
:10141000C05601202DE9F043234885B004F02DF992
:1014200000250446204B214ED3F83880DFF8809009
:10143000A84503D8002005B0BDE8F083636A96E8AC
:1014400007001F6801AB83E807000C2219463846E5
:1014500003F043F988B987B1636A21691B681A6987
:1014600091420AD19A69A169914206D8E1699142F3
:1014700003D962695B699A430CD0276A77B10D483A
:1014800002F0CFFE002383F31188BFF36F8F042394
:10149000184602DFE36801351C44C9E7484602F0FC
:1014A000C0FE636A1F60F5E700C40100B069020076
:1014B0000E780200E577020030B5816885B01039FA
:1014C00021F00704054602F0F2FF102201466846AB
:1014D00003F035F910226846064903F025F9102378
:1014E0006A462146284602F0AEFF003818BF0120A8
:1014F00005B030BD7E6E020030B50D46816887B004
:10150000102302AA1039044602F088FF002802DAEC
:10151000012007B030BD1022204602A904F0D7F800
:1015200000283AD110221E4902A803F0D6F800285C
:101530000CBF012302232B70204604F0B4F80123D2
:1015400001460DF10702204602F068FF0028DFDBAC
:101550009DF80730204603F00F021B096A702B71BB
:1015600001220DF1070104F0B2F810B96B78042BD9
:1015700003D901236B7000232B71A2682046183A0F
:1015800022F00702083AA91C04F0B4F80028BFD1E1
:101590002046E91C04F007F9BBE70323CBE700BFB3
:1015A0007E6E0200F0B5354F85B0460005466946AF
:1015B00057F8260004F0FDF8044610B1FF2005B0EE
:1015C000F0BD013657F8260002A904F0F2F8012810
:1015D00037D12A4649212A4802F012FF294B8DF8BB
:1015E0000C40029300229DF800609DF80870264C84
:1015F0003146207804F05DF850B33946607804F045
:1016000058F828B3A378042B03D09DF8031099420F
:101610001ED1E378042B03D09DF80B10994217D10B
:101620002379042B10D16279022A1DD1174B184857
:101630002A46492102F0E4FE6079831E022BBED9BE
:10164000BCE70028CED0B9E79DF802109942EAD055
:101650000132032A04F10604CAD10E482A46492160
:1016600002F0CEFE0120AAE7032A05D00A4B0B495F
:10167000042A08BF0B46DAE7094BD8E7B06D020031
:101680006478020003010303F9780200467802003F
:10169000AF780200D37802004B7802005D78020038
:1016A0004178020013B50C4B0C4603EBC00001A9B6
:1016B0000079FDF75FF9014660B9221E18BF0122CB
:1016C000019804F0A3F80446019802F0A6FE204613
:1016D00002B010BD0124FAE7B06D020008B5EFF3C7
:1016E0001083012B0C4A07D1126ABFF34F8F511C94
:1016F0004A424A41104608BD04F0C6F800B172B62D
:10170000126ABFF34F8F531C5A425A4104F0BCF87F
:101710000028EFD062B6EDE70080FF0008B5EFF3D8
:101720001083012B0B4A06D1D269BFF34F8F02F011
:101730000102104608BD04F0A7F800B172B6D269E4
:10174000BFF34F8F02F0010204F09EF80028F0D0A2
:1017500062B6EEE70080FF0010B504F095F830B1F6
:101760004FF050230022C3F81421C3F8182104F0CD
:101770009AF828B101225F4BC3F8382AC3F87825BC
:101780004FF47F02D2F83031D2F83421BFF34F8FBB
:10179000C3F30B03092B05D1012A1EBF0122554BB0
:1017A000C3F8782504F07FF818B10E22524BC3F825
:1017B000E42E04F069F830B100224E4BC3F80C2738
:1017C0000122C3F810270022D30003F57F03D3F8CA
:1017D0000013BFF34F8F013108D0D3F8001301324B
:1017E000D3F80433B2F5807F0B60EDD1EFF31084B2
:1017F000FFF794FF00284DD0BFF34F8F3F4BD3F836
:101800000024012AFBD1C3F80425D3F80024012ABF
:10181000FBD1012C03D004F037F800B172B6FFF70A
:101820007DFF58B1364AD36923F00103D361BFF37A
:101830004F8F324AD2F80034012BFBD1FFF74EFF15
:1018400068B12F4A136A23F0FF0343F020031362A9
:10185000BFF34F8F294AD2F80034012BFBD1012C62
:1018600003D004F011F800B162B60022234BC3F894
:101870000425D3F80024012AFBD1BFF34F8F21495F
:10188000214BCA6802F4E0621343CB60BFF34F8F71
:1018900000BFFDE7FFF722FF0028ADD1194AD2F8BB
:1018A0008C3043F44063C2F88C304FF47F03D3F89C
:1018B0003021D3F83431BFF34F8FC2F30B02092A22
:1018C00016D1013B022B02D8104AD35C83B10C48DD
:1018D0000F490368094A8B420CBF5A230023C2F800
:1018E000103EC36A8B420CBF5A230023C2F8003E4D
:1018F00010BD00BF0040005000A0035000900350F6
:101900000080FF0000ED00E00400FA050B79020002
:10191000FA50FA5030B50468ACB1B4FA84F301223D
:10192000C3F11F03DBB29A4024EA0202D0E8EF5F62
:10193000A54204D1C0E8EC2FBCF1000FF6D1EAD1EA
:1019400002480B7030BD0248FCE700BF0000AD0B41
:101950000200AD0B10B50368CB40DB0710D40123A8
:101960008B40026843EA0201D0E8EF4F944204D171
:10197000C0E8EC1FBCF1000FF6D1F2D1014810BD58
:101980000148FCE70000AD0B0400AD0B014BC3F8B0
:1019900004057047007001500146014800F0B6B8D8
:1019A000D0C50020044B1A7922B9012218601A719F
:1019B0000248704702487047441801200000AD0BF0
:1019C0000C00AD0B08B5084B1B6833B10520FEF7C2
:1019D0004BFA10B90520FEF725FA4FF050230122EB
:1019E000C3F8182508BD00BF4418012010B510B178
:1019F000012847D010BD4FF05023D3F81814D3F866
:101A00001824C90322D502F00303022B05D0012BB1
:101A100002D0002003F063FF01234FF05022022088
:101A2000C2F8183508224FF48273002103F15023C5
:101A300019601C68012402F150221460164A1268D1
:101A400022B34FF05023C3F80403D3E7D3F8142490
:101A5000D207E1D5D3F81C2402F00302013A012A8F
:101A6000D7D80D4A12681AB10222C3F80423C1E77D
:101A7000D3F80421002AFBD00022C3F80421D3F8B4
:101A80000431B7E700224FF48073CEE71A68002ACA
:101A9000FCD019601B68ADE744180120F8B54FF081
:101AA000502301250026D3F80443174F04B9F8BD8D
:101AB000B4FA84F0C0F11F00830003F580739BB279
:101AC00003F1502305FA00F21968D2B224EA0204A5
:101AD0000029EBD01E601B684FF05023022AC3F888
:101AE00008230DD1D3F81814D3F8181401F003010A
:101AF000012905D1C3F81825C3F804239960D5E757
:101B00003B68C0B29847D1E7441801200079024BE6
:101B100003EB0010FFF7FEBED8C50020036803F0FA
:101B20001F025B090260024818BF0020704700BF17
:101B30000025845070B50D4C00F1080334F81330C3
:101B40000546DA050E4607D5C3F3432304EBC3026B
:101B5000526854F833309847A3682BB13146284671
:101B6000E268BDE87040184770BD00BFE8C50020BE
:101B7000024611F0010004D003490B6A13600B62A6
:101B800003B90020704700BF0025845010B4124AEA
:101B9000C0B2083032F81030D9051BD5C3F3432149
:101BA00023F4F85322F81030002002F10E0434F828
:101BB000023F13F4807F03D0C3F34323994209D03B
:101BC00001302028F3D1002342F83130034810BC03
:101BD000FFF7C0BE10BC7047E8C5002040C600201B
:101BE000F0B5054600200126044607468C420BD17D
:101BF000114BD3F87C2132B10022C3F87C21D3F8F9
:101C00007C3140F00040F0BDE3B29B0003F58072F0
:101C10009B0806FA03F31D420BD002F1A04202F525
:101C20005042D2F800C0BCF1000F02D01760126819
:101C300018430134DAE700BF00D00050064BC0B2B1
:101C4000083033F81000830643BF400B800000F5D6
:101C500080704FF4BE707047E8C50020CBB20246DA
:101C600008460D49083331F81330990611D5990704
:101C70000FD4012110685B0B9940C0F8081312685B
:101C800002EB8303D3F8102522F00302C3F81025DA
:101C90007047002103F0C5BEE8C50020F7B5194E16
:101CA000CDB2083536F815300746DB070C4626D589
:101CB000FFF7D4FF36F815309A0608D55A0B3B6863
:101CC00003EB82030022C3F81025C3F81025204639
:101CD000FFF75CFF002301A826F815300194FFF7F9
:101CE0001DFF019B00EB8300D0F80022064B134040
:101CF00043F00203C0F80032044803B0F0BD0448CA
:101D0000FBE700BFE8C50020F0F8FCFF0000AD0BCA
:101D10000400AD0B2DE9FF41136807460C4616463B
:101D2000FBB1DFF83C81CDB2083538F8152002F060
:101D30002202222A22D000222046CDE900228DF85C
:101D40000E208DF80F200DF10E010DF10F0203F0A2
:101D50001FFE38F8153023F0020343F0010328F882
:101D6000153073684BB31A785868DFF8F4C0E3B2E3
:101D700008333CF813108D0702D5B0B139481FE085
:101D800021F02001C904C90C2CF8131068B1032AF2
:101D9000F4D870683D68406890F800E005EB8E0567
:101DA0008AB9C5F81025C5F810253CF8131021F0A4
:101DB0001C0141EA82022CF81320B3682BBB2A488D
:101DC00004B0BDE8F081D5F8108541EA4E3128F025
:101DD0000308C5F810853D6841F0200105EB8E052C
:101DE000D5F810052CF8131020F4473020F440707B
:101DF000C5F810052002D5F8107500F4F85040EA37
:101E000002403843C5F81005CFE72046D3E9006704
:101E1000FFF7BCFE002ED2D0114DD5E9002396422B
:101E200003D19F4201D1002209E010480DF10F01BA
:101E3000FFF770FD0C4B9842C2D19DF80F20E4B221
:101E400005EBC20308345F6035F8143045F83260A2
:101E500043EA422343F4807325F81430AFE700BF10
:101E6000E8C500200400AD0B0000AD0B40C600200B
:101E70002DE9FF4107460C461E4612B3DFF8D48019
:101E8000CDB2083538F81530980701D4990621D419
:101E900013F01C0F02D05378012B1BD001238DF8B7
:101EA0000F3000232046CDE900230DF10F01931CD4
:101EB000013203F06DFD38F8153043F0030328F8C4
:101EC0001530002E44D0234DE1B2083135F81120F1
:101ED000930703D4204804B0BDE8F081002096F8B1
:101EE00000E03B6822F02002D20403EB8E03D20C08
:101EF000C3F8100525F81120C3F8100596F801C0A5
:101F00004FEA8E08BCF1000F22D03868B678404402
:101F1000D0F810354FEA0C4C23F4981323F4F853FF
:101F2000C0F81035230203F4F8530CF4403C360596
:101F3000D0F8107543EA0C0306F48016334342EAE6
:101F40004E323B4342F02002C0F8103525F81120F4
:101F50000248C0E7E8C500200400AD0B0000AD0B4F
:101F6000014BC3E902127047E8C50020054BC9B216
:101F7000083133F81130990643BF5B0B02481370E8
:101F800002487047E8C500200000AD0B0400AD0B0F
:101F900070B5154D064695F860401CBB21464022A1
:101FA00005F1100002F0CBFB214630682E6D8E4209
:101FB0000ED10023C0F87C31D0F87C3140F30730DB
:101FC000FDF730FF0123094885F86030AB6570BD2F
:101FD000CBB29B0003F580727C2B04BF84508358E6
:101FE0000131E4E70248F2E7E8C500200000AD0B4C
:101FF0000C00AD0B034B93F86000003818BF0120B4
:10200000704700BFE8C500200148FFF7A3BC00BF30
:102010003CC600200148FFF77DBC00BF3CC6002045
:1020200073B503680C46D3F804130029A4BF4FF01E
:102030000041C3F804131E49E3B2083331F81330EA
:1020400099061AD513F0020617D15B0B05689C00A0
:1020500004F580716E50695801682144D1F810452B
:1020600044F00104C1F810452AB10122016802FAC6
:1020700003F3C1F8043302B070BDC3F38203042B31
:1020800011D0052B11D001A80194FFF747FD019A4B
:102090000369D34003F00103991C204602B0BDE858
:1020A000704003F0BEBC0321F7E70221F5E700BF53
:1020B000E8C500202DE9F347534B544FD3F80403F0
:1020C000396DC0B240F00040FFF78AFD051E18DAF6
:1020D00000236846F96D00934FF00108FFF748FDB3
:1020E00097F85C30DA0757D4396D4FF00040FFF7AE
:1020F00077FD6846F96DFFF73BFD0028F0D125F02C
:1021000000450124002D66D102B0BDE8F08794FAA5
:10211000A4F4B4FA84F4E00804F1080337F8139047
:1021200004F007021DF8003008FA02F223EA020365
:102130000DF8003001A80194FFF7F0FC019B4FEA75
:102140009901803350F82360C9F3820A4B07D146C6
:10215000C6F3014624D520465146FFF7EBFC01A803
:102160000194FFF7DBFC019BF6B2803350F823307B
:10217000C3F301439E4207D10021204603F051FCE6
:102180003146204603F04DFC01A80194FFF7C6FC40
:10219000019B08FA03F30362009C002CB7D1A3E76C
:1021A000022E0CD10321204603F03BFC0AF005036C
:1021B000012BE9D149462046FFF7BCFCE4E70221A8
:1021C000204603F02EFCBAF1030FF3D0032EDBD12F
:1021D000BAF1020FEDE795FAA5F3B3FA83F304FA27
:1021E00003F29B0003F1A04303F55043D3F810051D
:1021F000D3F81015C0F30420C1F3014125EA02050C
:10220000FFF798FC7EE700BF00D00050E8C5002033
:102210000022034BC3F88425C3F80425704700BF90
:1022200000900350044AD2F80834DB07FBD5016064
:10223000BFF35F8F704700BF0090035008B5C0F335
:102240000B0383B90222094BC3F88425C3F8042584
:102250004FF0FF320260D3F80024D207FBD5FFF71E
:10226000D7FF034808BD0348FCE700BF00900350B8
:102270000000AD0B0A00AD0B012208B5054BC3F8F9
:102280008425C3F80425FFF7CDFFBDE80840FFF71C
:10229000BFBF00BF00900350430904D10123034A8C
:1022A00083409360704700239B60FFDE00258450CD
:1022B0000C4B984213D00AD80B4B98420FD00B4BC3
:1022C00098420CD00A4BC31A584258417047094BE8
:1022D000984204D0084B984201D0084BF3E7012004
:1022E000704700BF40420F0090D0030020A10700BC
:1022F00048E8010000093D0000127A0080841E00B9
:10230000431C14D000F01F0340090BD1084A02EB14
:102310008302D2F80012074B0B4043F00203C2F8CD
:10232000003270470022803352F82330FFDE7047BE
:1023300000258450F0F8FCFF430904D10123034A2F
:102340008340D36070470023DB60FFDE00258450AC
:1023500038B51446421C054616D0012902D1A3B156
:10236000FFF79AFF05F01F036D0911D10B4A41EAEF
:10237000840402EB8303D3F80002094A02401443A9
:1023800044EA4101C3F8001238BDFFF7D5FFE9E781
:102390000022803352F82330FFDE00BF0025845036
:1023A000F0F8FCFF2DE9F843504B4D6906469D427D
:1023B0000C4690F8049000F0848077D84C4B9D42F6
:1023C00000F082804B4B9D4200F081804A4B9D4241
:1023D0000CBF4FF000754FF080452422DFF81C81C0
:1023E000E07E02FB0983997F60F3000199773379DE
:1023F000217C02FB03839A7F61F341029A77E77E97
:10240000EFB9237E3A46012B94BF0023012301211B
:102410002068FFF79DFF3B463A4601216068FFF7C1
:1024200097FF3B463946A27EA068FFF791FF237CC9
:102430003A460121E06883F00103FFF789FF242376
:1024400003FB0983E2681A62217C9A7F61F34102EF
:102450009A77277FA07C217E637E326847B9D4E9D2
:1024600000C7A468C2F808C5C2F80C75C2F81045C8
:10247000003B18BF01230229C2F8C005C2F8245549
:102480002BD003292CD0012901D143F00203C2F83B
:10249000543524223379534358F803301BB3306842
:1024A000BDE8F84340F30730FDF7BCBC144B9D4238
:1024B00010D0144B9D420CBF4FF000454FF08045AB
:1024C0008BE74FF0805588E74FF0806585E74FF048
:1024D000006582E74FF000557FE743F00403D6E73D
:1024E00043F00603D3E7BDE8F88300BF40420F0086
:1024F00090D0030020A1070048E801004C180120FB
:1025000080841E0000127A002DE9F8430746242536
:1025100097F80480124C05FB08F504EB05091E46EC
:1025200099F81C30C3B999B14869FFF7C1FEA8B149
:1025300038466251C9F80460FFF734FF242303FBD7
:10254000084400236377012306482377BDE8F88316
:102550006251C9F80460F1E70348F7E70348F5E77B
:102560004C1801200000AD0B0C00AD0B0400AD0BAE
:102570002DE9F041044606790068194D40F3073013
:10258000FDF75EFC24237343EB5853B12368154ACF
:1025900006EBC601C3F80823206805EB810103F0B0
:1025A000B2FA2368242404FB0654D3F80805D3F8B0
:1025B0000C75D3F81085A37FDB070AD4FFF7A0FEC4
:1025C0004046FFF79DFE3846FFF79AFE206AFFF768
:1025D00097FE242303FB065500232B77BDE8F081EB
:1025E0004C1801205201080024232DE9F0430779FB
:1025F000534D7B439046EA180E46517F814685B085
:10260000002940F09B80EB5823B118F0140F04BF51
:1026100001235377242496E80F0004FB075404F1A8
:102620000C0C8CE80F00206A421C04D0A37F9B078F
:102630001AD5FFF731FE3368D9F8004023B103F013
:102640006043B3F1005F06D1B36883B103F0604328
:10265000B3F1005F0BD02423002203FB075339485A
:102660005A7705B0BDE8F083FFF766FEE3E718F0A0
:10267000010318BF0123C4F8503518F0020318BF36
:102680000123EC46C4F8403596E80F008CE80F00B3
:10269000039BC4F84405C4F84815C4F83425C4F8AD
:1026A00038350023C4F81831D4F818310723C4F89A
:1026B000003524237B4318F0080F05EB03021DD1DE
:1026C0000121E858216158B9D4F81831002BFBD00A
:1026D00062464021204603F0D8F924237B43EA18C0
:1026E000EB5813BB106A461C13D107EBC7072046F3
:1026F00005EB870103F007FA1348B2E7EB58A3B9DB
:10270000106A411CF8D0937F9A070BD5FFF714FE8F
:10271000F2E7937F9B0702D5FFF70EFEE5E7FFF791
:10272000BBFDE2E7FFF7B8FDE6E7402318F0040F32
:1027300014BFC4F80833C4F80433DDE7034890E756
:102740004C1801200A00AD0B0000AD0B0B00AD0BC7
:1027500010B540210F4A104803F097F9C8B10F4C4B
:10276000206A421C04D0A37F9B070FD5FFF7E4FD2E
:10277000637F1BB10949084803F0C5F900232372A0
:102780000748D4E90031BDE810401847FFF784FD41
:10279000EEE710BD5818012000B000504C18012081
:1027A0005418012070B516461D465A1C036804468D
:1027B0001344C2689A4205D20821006A03F0A2FCC1
:1027C000002070BD32783DB1AB1E062B8EBF0023BA
:1027D0000B4AD35C1833DAB2204603F096FC00288B
:1027E000EED03544B54203D1A3680133A360E8E7D6
:1027F00023685A1C226015F8012D1A70F2E700BFF9
:102800000E79020038B5EFF31185202383F3128887
:10281000BFF36F8F064B9C6803F074FD85F311883E
:10282000BFF36F8F2046BDE83840FDF7A7BA00BF61
:102830007018012038B5094B53F82040013053F887
:102840002050A54200D838BD636823B1204603F06C
:102850005CFD0834F5E723689847FAE7C06D02008D
:10286000012270B52A4B032086B01A70FFF7E2FFF1
:10287000FCF7C0F803F065FD0420FFF7DBFF254CF3
:10288000254D2646AE4204F1300410D300F028FC5A
:10289000204C224EAC4226D300F036FCF9F75EFF06
:1028A0001F4A137B23F00103137306B070BD54F865
:1028B0000C3C059354F8103C049354F8143C0393D7
:1028C00054F8183C029354F81C3C019354F8203CF3
:1028D000009354E90A2354E90C0100F05FFA54F81C
:1028E000303C5E65CDE7D4E90A23B3F1FF3F08BF72
:1028F000B2F1FF3F05D052EA0301206803D100F096
:10290000C3FC3034C6E73146183000F041FEF8E72A
:102910007D250120E4680200E468020027650200CA
:10292000B8C7002008B50348034A0021121A03F073
:1029300004FD08BD18C700208025012000230122C6
:1029400070B586B0CDE904230F220193CDE90232A0
:1029500014234FF4A0720E4D0E4E03FB00550E498A
:1029600006EBC016044602FB00110C4B30460095E6
:1029700000F014FA737B2C7423F004037373084B78
:10298000013403EBC423EE606B6006B070BD00BF82
:102990007018012038C70020802D01200364020038
:1029A00080250120BFB50020FFF744FF2A4B03F527
:1029B000006282F3088883F30A880024E023274D0D
:1029C000274E85F82230EC772C766C76AC7685F83D
:1029D00020406B6A234F43F4E0236B6285F8234069
:1029E000FDF760F9FDF7B6FA4FF0FF3340F2011240
:1029F000AB62EB621C4B1D4D9A81B360C3E9194475
:102A00001C6703F06BFC0120FFF714FF0220FFF7A7
:102A100011FF00F0ADFB164B7561059301231549BD
:102A20004FF42052CDE9034328463B46CDE901440B
:102A3000009400F0B3F906466A7B284622F00402AF
:102A40006A7303F044FD2046FFF778FF3A463146AB
:102A50002846FDF765FA00BF8025012000ED00E063
:102A6000701801206128020038C80020B8C7002073
:102A700015790200C02E0120002038B5054C064D06
:102A8000AC4200D338BD204603F05CFC0028F9DBE3
:102A90001C34F5E7C2C60020C2C6002073B50C4640
:102AA000EFF31181202585F31288BFF36F8FC5687E
:102AB0005DB125602B68C3608369013383610020A9
:102AC00081F31188BFF36F8F11E052EA030603D13F
:102AD0006FF00B002560F3E7CDE9002302460830D4
:102AE00000F05EFA18B9034B9B685B69236002B083
:102AF00070BD00BF701801202DE9F3410446174650
:102B00001E46EFF31188202383F31288BFF36F8FE3
:102B1000C368334A7BB180689168884219D057EA0C
:102B2000060318D188F31188BFF36F8F6FF00F0081
:102B300002B0BDE8F081916891F90E100133E360B5
:102B400093682161A36088F31188BFF36F8F002021
:102B5000EEE72169F2E791F90E1090F90E306FF06F
:102B60007E029942A8BF19469142B8BF11468B42D6
:102B70002DDD03F051FC054622464146CDE90076A5
:102B8000184800F00DFA0028E1D0EFF31186202359
:102B900083F31288BFF36F8FA068D0B123682169D7
:102BA0009C420AD04BB193F90E309942A8BF194606
:102BB0006FF07E039942B8BF194603F02DFC40B177
:102BC0003146084800F066FA6FF00A00B0E70025C9
:102BD000D2E7002DF4D186F31188BFF36F8FF3E7AE
:102BE000701801207E250120F8B583680546002B6A
:102BF0003FD0234A926893423ED1C368012B03D948
:102C0000013BC3600020F8BDEFF31187202383F35D
:102C10001288BFF36F8F0169806803F0FDFB2C6899
:102C2000AC4207D10023C5E9023387F31188BFF313
:102C30006F8FE7E7002CF5D0D4E90032002613604F
:102C40005A60637BC4E9006623F002036373A660E5
:102C500004F1180003F09DFCAC6094F90E3020469E
:102C60002B61A66703F033FC3946064800F012FAE0
:102C7000C8E76FF01500C6E74FF0FF30C3E700BFAD
:102C8000701801207E25012070B5EFF311862023F6
:102C900083F31288BFF36F8F0468A0421AD0CCB1BF
:102CA000D4E90032002513605A60637BC4E9005503
:102CB00023F002036373A56004F1180003F069FCBC
:102CC0002046A56703F003FC3146BDE87040074885
:102CD00000F0E0B9D0E902329A4218BF01338360B4
:102CE00086F31188BFF36F8F70BD00BF7E25012072
:102CF00013B5EFF31181202484F31288BFF36F8F93
:102D0000846844B1013C846081F31188BFF36F8F04
:102D1000002002B010BD52EA030406D181F31188ED
:102D2000BFF36F8F6FF00F00F3E7CDE9002302468A
:102D3000014800F035F9ECE77E2501202DE9F0414E
:102D40000546EFF31188202383F31288BFF36F8FBA
:102D500000266FF00A072C68A54214D09CB1D4E974
:102D6000003213605A60637BC4E9006623F00203FB
:102D70006373A66004F1180003F00BFC2046A767FC
:102D800003F0A5FBE7E70023AB604146BDE8F04157
:102D9000014800F07FB900BF7E2501202DE9FF41E9
:102DA0000E9E00F1580506730426C0E9165500254D
:102DB000044646730D9EC0E906558673D61D0C9ACF
:102DC00026F00706C0E919168560C573C56602922C
:102DD0000B9A01EB060801920A9A00924246FDF70F
:102DE00083F8054B65659B6803B11B6F40462367FD
:102DF00004B0BDE8F08100BF701801206FF00A0137
:102E0000084A93689967084958674B6843F08053AC
:102E10004B60002383F31188BFF36F8F9368986F23
:102E2000704700BF7018012000ED00E070B590F908
:102E30000D20437B002A39DBD90637D18269002A6D
:102E400034D11D4C63F07F032246437352F8183F80
:102E500093422CD1E169C0E900210860E06111E0F2
:102E60009942F8D01B68002BF5D090F90E5093F9D9
:102E70000E60B542F4D0AE42F2DD5968C0E90031CF
:102E800008605860A569954200D005B9E568A36857
:102E90005A7BD20604D1DA897F2A01D9AA6942B1C4
:102EA000AB4202D0284600F0D1FA656170BDE169FD
:102EB000D9E76361FAE700BF7018012038B590F9CF
:102EC0000D200146002A437B04DA03F07F0343739D
:102ED00003F0C3FA0D4D2A4652F8184FAB689442DE
:102EE00000D004B9EC688B4207D05A7BD20604D1DB
:102EF000DA897F2A01D9A2692AB1A34202D02046E9
:102F000000F0A4FA23466B6138BD00BF70180120A1
:102F100070B590F90D200146002A437B04DA03F0D6
:102F20007F03437303F099FA1C4C4B7B224663F0FA
:102F30007F034B7352F8183FE069934207D1C1E910
:102F400000200160E16111E09842F8D01B68002B7D
:102F5000F5D091F90E5093F90E60B542F4D0AE421F
:102F6000F2DD5868C1E9003001605960A569A368C5
:102F7000954200D005B9E5688B4207D05A7BD2064E
:102F800004D1DA897F2A01D9AA692AB1AB4202D0D9
:102F9000284600F05BFA2B46636170BD7018012073
:102FA000F8B5124B0C46DDE9067611469868104AD2
:102FB0001060EFF31182202282F31288BFF36F8F2B
:102FC0009D68284603F05BFAB6F1FF3F08BFB7F1F2
:102FD000FF3F06D03A463346064905F1180000F097
:102FE000D7FA2046BDE8F840FFF708BF7018012067
:102FF0009018012027650200F8B50446EFF311860A
:10300000202383F31288BFF36F8F437B49B2DA0624
:1030100017D18269AAB903F07F031D4D437303F0F2
:103020001CFA2A46437B817363F07F03437352F893
:10303000183F93422AD1E869C4E900200460EC619A
:1030400016E00020A17386F31188BFF36F8FF8BDDF
:103050008342F1D01B68002BEED093F90E70B94279
:10306000F6D08F42F4DD5968C4E900310C605C6031
:10307000AC69944200D004B9EC68AB689C4202D0C1
:10308000204600F0E3F901206C61DCE7E869E2E743
:103090007018012049B9EFF3058030B9054B5A6922
:1030A0009B689A4201D0FFF7A9BE81F31188BFF354
:1030B0006F8F704770180120034648B9EFF30582FF
:1030C00032B9064A51699268914201D0FFF796BE23
:1030D00083F31188BFF36F8F704700BF7018012012
:1030E000EFF31181202383F31288BFF36F8F054B19
:1030F0009A68D37B013BD37381F31188BFF36F8F41
:10310000704700BF7018012070B5EFF311862023BF
:1031100083F31288BFF36F8F144DAB68DA7B0132F3
:10312000DA732A4652F8184F944200D004B9EC687A
:103130005A7BD20604D1DA897F2A01D9A2692AB141
:10314000A34202D0204600F081F923466B6186F34A
:103150001188BFF36F8FEFF31180202383F3128860
:10316000BFF36F8FBDE87040FFF7A6BF7018012056
:10317000024B03F11802C3E90622704770180120C0
:1031800070B5EFF31186202383F31288BFF36F8F9E
:103190001B4CA168E0690B68814214BF1A460022EB
:1031A00049680B605960A368E1692AB9154AC3E907
:1031B00000210B60E3610CE093F90E0092F90E50D0
:1031C000A84218D0854216DD5168C3E900210B6082
:1031D0005360A5690B4B9D4200D005B9E568A36813
:1031E0009D4202D0284600F031F965613046BDE8C5
:1031F0007040FFF703BE8A42D8D01268D5E700BFFF
:10320000701801208818012050EA01032DE9F041CF
:1032100005460E4604D1FFF7B3FF0020BDE8F0815C
:10322000831C71F1FF3324DB03F0D4F92C18EFF386
:103230001188202383F31288BFF36F8F0F4F104B39
:10324000B8681860FFF73AFEB8680E492A46334658
:10325000183000F09DF9BA684046537B43F00403F0
:103260005373FFF7CBFD03F0B5F9201A20EAE070A5
:10327000D4E76FF00104241AD9E700BF70180120C9
:10328000901801202765020038B50446183003F075
:1032900080F9EFF31185202383F31288BFF36F8F3A
:1032A000637B5A0704D485F31188BFF36F8F38BD51
:1032B00023F0040320466373FFF7B8FDEFF30583A3
:1032C000002BF0D12946BDE838400148FFF7E2BEA7
:1032D0007E250120014B9868704700BF70180120BF
:1032E0002DE9F8430446EFF31187202383F3128876
:1032F000BFF36F8F067B16F001060DD087F31188A0
:10330000BFF36F8F002383F31188BFF36F8F042304
:10331000184602DFBDE8F883437B1A0704D587F31C
:103320001188BFF36F8FF5E7D90943F0080250D138
:103330004273A36813B1204603F097F804F1180014
:1033400003F027F9A56D04F15808A84511D04FF0F6
:10335000000975B1284603F088F805F1180003F05C
:1033600018F92846C5F87890FFF760FDA56DA845C7
:10337000EFD11C4DAB689C4204D1EFF30586003EB3
:1033800018BF0126D5F81880174A904502D0B8F129
:10339000000F01D1D5F80C80434502D0404600F023
:1033A00055F8C5F8148046B140F201120F4B9A81CE
:1033B0000022C3E919221A67AB60AB689C42AED108
:1033C000EFF30583002BAAD13846BDE8F843FFF799
:1033D00015BD03F07F0343F00803437303F03DF88A
:1033E000A7E700BF701801208818012038C8002006
:1033F0000122044BC01A044BC0105843034B1A540B
:10340000704700BFB8C80020ABAAAAAA7E25012039
:10341000C3897F2B12D80A4B1B6863B1094B90F903
:103420000E201B689A4209DB437BDB0606D1064B64
:10343000C31A18BF012303F0010070470023FAE705
:10344000981801209418012038C7002070B50E4B41
:103450000E4C1E7C054606EB460304EBC3042046D7
:1034600003F097F800220A4B28469A55FFF7D0FF41
:1034700048B1084B2046BDE870401A680649013A39
:10348000D31700F085B870BD70180120B8C80020AF
:103490007E25012098180120F133020038B5EFF3A2
:1034A0001185202383F31288BFF36F8F104B114ACD
:1034B0009C681068A04206D1FFF7C8FF85F3118809
:1034C000BFF36F8F38BD00211B7C11600A4AD35CAB
:1034D000002BF3D02046FFF79BFF0028EED0637B44
:1034E000DB0602D12046FFF713FD2046E4E700BFCC
:1034F00070180120901801207E250120074808B58A
:10350000074A0849121A02F01AFFBDE808400648A7
:10351000064A0749121A02F012BF00BFE8C4002091
:1035200014C7002024790200E8C40020E8C4002069
:1035300024790200024B1868984208BF00207047A7
:103540004CC60020034B1B680BB9FDF7FFBE0020E3
:10355000704700BF9C18012030B570B10B4B5B6801
:1035600098420AD0036843B1D3E90421D0E9044565
:10357000121941EB0501C3E90421D0E900321360BF
:103580005A600023C0E9003330BD00BF4CC60020A4
:10359000B3F1FF3F08BFB2F1FF3FF8B504461D4647
:1035A00016465AD08160EFF31187202383F31288E7
:1035B000BFF36F8F013275F1FF3321DA6FF0010332
:1035C0002B49D1E900209B1A4FF0FF3262EB00003B
:1035D0009E1B60EB0500012E70F1000301DA01264D
:1035E0000020C4E90460FFF7A5FF224E84467068FE
:1035F000BCF1000F0DD1C4E90060046074601CE0F0
:10360000FFF7A0FF013645F10005361845EBE070E5
:10361000E7E7DCE90425D4E90431934271EB050EB8
:103620001CDAD21ADCF8043065EB0105CCE904257C
:10363000C4E900C31C60CCF80440FFF77BFF844260
:1036400007D10D4B1C6824B902F08AFF2146FDF713
:103650004FFE87F31188BFF36F8FF8BD9B1A61EBA4
:1036600005018445C4E90431C5D0DCF800C0BFE7DA
:10367000D0C800204CC600209C1801202DE9F0473E
:10368000EFF31185202383F31288BFF36F8FDFF8E8
:10369000A0900026C9F800000027FFF74BFFDFF8D5
:1036A0009480D9F80030D8E900ECD91750B1D0E9AE
:1036B0000442A34271EB020A1ADAE41A62EB010235
:1036C000C0E90442002413EB0E034CEB0101C8E9EE
:1036D0000031C9F8004002F043FF2146FDF708FE23
:1036E00085F31188BFF36F8FBDE8F047FFF7D6BEB3
:1036F00014EB0E024CEBE473C0E90467C8E9002345
:10370000FFF72AFF85F31188BFF36F8F836898470F
:10371000EFF31185202383F31288BFF36F8FD9F85D
:1037200000301B1BC9F80030FFF704FFB9E700BFEA
:103730009C180120D0C8002010B5EFF3118420237D
:1037400083F31288BFF36F8FFFF7FCFE0346054A31
:10375000D2E90001181841EBE37184F31188BFF33B
:103760006F8F10BDD0C8002010B50A4C23681BB164
:1037700001232360002010BD00F0ECF80028F7D0F2
:103780000138062803D8044B53F8200010BD034825
:1037900010BD00BFA0180120D86D0200FE8FFFFFF2
:1037A000BFF34F8F0549064BCA6802F4E06213432A
:1037B000CB60BFF34F8F00BFFDE700BF00ED00E01F
:1037C0000400FA0530B44FF0FE320025074B084CD8
:1037D00008494968C3F80024C3F80424C3F808243E
:1037E000C3F80C24C4F8005530BC084700108450BE
:1037F0000000845054C60020024BD0E90012C3E9F7
:103800000012704754C6002010B5044650B16368DA
:1038100013F0685F05D0064A934202D0002362602D
:10382000236010BD034B04485B689847EFE700BF77
:103830002C5F5CA954C60020F46D0200C8B1436837
:103840000D4A934213D013F0685F0ED0012350E865
:10385000002F194640E8001C9CF0000FF7D1012A08
:10386000F5D0BFF35F8F00207047044870470448CD
:1038700070476FF4E04070472C5F5CA9E98FFFFF51
:10388000EA8FFFFF034680B1426809498A420AD0A5
:1038900012F0685F05D0BFF35F8F002210461A60F8
:1038A000704704487047044870476FF4E040704721
:1038B0002C5F5CA9E98FFFFFEA8FFFFF10B504467C
:1038C00020B10023034A2360626010BD0248FFF765
:1038D00079FFF6E73A00003A1C6E020070B5194C09
:1038E000D0F804C00668C4F804C0D0F808C0C068A6
:1038F000C4F808C0E06026600868134B134D1860D8
:103900004868D5F818215860886812F0685F986098
:10391000C8680969D860196112D000230C4A05F5FE
:103920008A70C5F81431C5F8B831C5F81821C5F842
:10393000BC21B047236805F5DC70BDE8704018472E
:1039400070BD00BF70C600205CC60020B818012002
:103950002C5F5CA938B500F02FF820B1032400F0EB
:1039600063F8204638BD00F031F898B900F0ACF8A3
:1039700098B90F4DD5F828391B0EF02B08D1D5F882
:10398000242A0C4B9A420AD0072400F017F8E6E7E5
:103990000624FAE70424204638BD0024F5E7012078
:1039A00000F092F804460028F7D1C5F80C0AD8E7D1
:1039B000001084500000E020002070470020704775
:1039C000014BC3F8040A70470010845010B5114829
:1039D00000F048F800B110BD0F4800F043F800288F
:1039E000F9D10E4C204600F03DF80028F3D10C4BE5
:1039F0000C481C6000F036F801460028EBD100F0BE
:103A00002DF8044608B1204610BD00F03FF82046CE
:103A1000FAE700BFB0C60020ACC60020A8C6002050
:103A2000A0C60020A4C6002008B5084800F024F86D
:103A3000074800F021F8074800F01EF8064800F09B
:103A40001BF8BDE8084000F00BB800BFB0C600206E
:103A5000ACC60020A8C60020A4C6002000207047E5
:103A6000704700BF08B5034B02681B681068984791
:103A7000002008BD70C6002008B5034B02685B68D3
:103A800010689847002008BD70C6002070B5094C2A
:103A9000094D2069AB68984718B1084B08485B6826
:103AA00098470021074AEB6811602069BDE8704023
:103AB000184700BF5CC6002070C6002054C6002016
:103AC000406E0200B4180120F8B51A4D1A4E044693
:103AD000B26828699047E8B9184F3B684CB1A3B168
:103AE000012B19D0013B3B602869F36898470020FF
:103AF000F8BD43B90121124AC2F800151149D1F8A5
:103B00001029002AFBD101333B60F36828699847EC
:103B10000020F8BD0C48F8BD0A4AD2F81039002B35
:103B2000FBD1074A6FF07E40C2F80035FFF748FF2F
:103B30003B68D7E75CC6002070C60020B41801209F
:103B40000000845000108450E98FFFFF7047012867
:103B500005DC0028ACBF0B206FF015007047022871
:103B600018BF6FF0150070470020704730B58368AC
:103B700004468B42154685B00ED96368C068194467
:103B800001AA00F0B0FE28B96268019B9B1A2B6065
:103B9000029B6B6005B030BD6FF02100FAE7704703
:103BA0002DE9F7430E4617469946044628B94FF0CB
:103BB000FF38404603B0BDE8F0830029F7D0002A63
:103BC000F5D0CB680D8938461D44042329460DEBFA
:103BD000030200F023FC80460028E8D146F60812D4
:103BE000BDF804107389914225D1BDF806109942A1
:103BF000DDD1042338460DEB0302294400F00EFC0E
:103C00000028D4D146F60713BDF804209A42CED13D
:103C1000C4E900679DF82830A4F80890A37273895E
:103C2000BDF806202B44E360738913442B4404350C
:103C300063612561BDE7002BE4D0B8E72DE9F341CE
:103C40000E4617461D46044620B94FF0FF3002B01D
:103C5000BDE8F0810368002BF7D04368002BF4D057
:103C60004FF6FF78D4E904239A4216D223685B8981
:103C700023B1E368934204BF043323610423216921
:103C800060680DEB030200F0C9FB0028DDD1A37AC8
:103C90002BB1D4E903329A4201D30120D7E723891B
:103CA000BDF80610434501F1040203D0BDF804C07D
:103CB0009C450BD115B1BDF804302B80236904332A
:103CC00033603980236913442361C0E723691344B7
:103CD0002361C7E748B103683BB143682BB1C068B3
:103CE000884294BF0020012070474FF0FF3070479A
:103CF00073B50C46064611460223204601AA00F081
:103D000008FA0546E8B9019A1F2A0ED9A2F1200146
:103D1000304620222368194400F006FD2368019AEA
:103D200013442360284602B070BD0146C2F1200250
:103D3000304600F004FD019A2168C2F120003044B1
:103D4000EAE76FF00205EDE74FF4C0635843303007
:103D5000704710B5044600F0A3FB4FF4C062A3689F
:103D6000303B02FB103010BD70B50D46044601F02B
:103D70009AFC2A46A0F1080104232046BDE87040C1
:103D800000F04CBB13B50446019101F08CFC0423F8
:103D9000A0F108010DEB0302204601F0C7FC02B0C0
:103DA00010BD2DE9F743044690F8B8000D461746BC
:103DB000F8F7A8FD6946C0B2FAF7DCFD38B1012674
:103DC000009800F02AFB304603B0BDE8F0832C22B7
:103DD0004FF05808554394F8B830009808FB035347
:103DE0002344B3F80890DB689944042349460DEB5B
:103DF000030200F013FB06460028E0D194F8B83027
:103E0000BDF8042008FB035546F608132C449A42DB
:103E1000648900981AD1BDF806309C4201D003266F
:103E2000CEE7042304EB09010DEB030200F0F6FAE0
:103E30000028C4D146F60713BDF804209A42EED1FB
:103E4000BDF80610214449443960B9E7002CF1D08F
:103E5000E5E7FFF7FEBFFFF7FCBFFFF7FABFFFF78D
:103E6000F8BFFFF7F6BFFFF7F4BFFFF7F2BFFFF7AA
:103E7000F0BFFFF7EEBF704738B504460023582562
:103E8000012B84F8B83000D938BDE21892F8B92077
:103E90005AB905FB0343D86C00F0BFFA94F8B83068
:103EA00005FB0343186A00F0B8FA94F8B830013300
:103EB000DBB2E5E7F8B51346164658220F4690F8F0
:103EC000B810044601FB02020021F9F779FD94F8CD
:103ED000B85008B1012D0DD1582303FB0545012130
:103EE0003346204605F12C02F9F76AFD10B1002F88
:103EF00008BF0020F8BD0123036003F101234360E4
:103F00000023C0E9023370474379012B07D10368CE
:103F1000012B04D10079431E5842584170470020BC
:103F2000704700F0A5BA58222DE9F84F0E4690F8D8
:103F3000B830044602FB0302116A8E422CD0D26CC8
:103F400096422BD101272C224FF05808574308FBEB
:103F50000373D4F8B40023449D6AFFF7F5FE4FF0D5
:103F6000000A8146013D94F8B830304608FB0373DF
:103F700023445B6A03EBC50253F83510D2F804B052
:103F80001B685A46C91ADA44FFF7CBFFCA4505F148
:103F9000FF35E8D3BDE8F88F0027D4E70120F9E723
:103FA000582373B5154690F8B8600C4603FB06001D
:103FB0006946C06CFDF7A0FAE979012903D03246C1
:103FC000204601F00AFC9DF80330012B02D1204667
:103FD00001F0E2FBA9682046FFF7D4FE2046FDF77A
:103FE0006BFA002002B070BD582290F8B83002FB86
:103FF0000300436A00205A68034613448B4200F1D1
:104000000100FAD3704710B543790279012B06BF3E
:1040100000230C464B0202F1FF3201FB023302681F
:1040200018BF4C00013A04FB023010BD012070475C
:10403000F8B55825044690F8B83005FB03035A6AD2
:104040001B6DD0F8B40057685E68FFF77DFE002254
:1040500094F8B81005FB0145AB6A013B3A44904225
:1040600003F1FF33FAD8582202FB0144606D7B4311
:104070007043984228BF1846F8BD70B50368CD1A42
:10408000002D02DC6FF05F0070BD93F900601C78BA
:10409000002E0ADB5C1C04601B7813600368C91ADD
:1040A00013688B42EED80020EEE704F07F04013C59
:1040B000032C2BD8DFE804F0020A1421012DE1D0F3
:1040C0005B781360036802330360E7E7022DD9DDF4
:1040D000B3F801305BBA9BB2136003680333F3E7B4
:1040E000032DCFDD9C785D782402DB7844EA05441B
:1040F0002343136003680433E6E7042DC2DDD3F8DD
:1041000001301BBA136003680533DDE76FF063000D
:10411000BAE770B404680E1B002E07DD26789E42B5
:1041200008D10134046070BCFFF7A7BF6FF05F00D7
:1041300070BC70476FF06100FAE738B5032304469E
:10414000FFF7E7FF18B9136813B96FF0670038BDC0
:10415000013B136023681A78002AF6D101332360EB
:10416000F5E72DE9F34190461F4601AA30230546A5
:104170000E46FFF7CEFF0446F0B92B68F61A002E64
:1041800034DD42461B78284642F8043B2E68019BEA
:104190001E4431460623FFF7BCFF044660B92B6876
:1041A000D8F80420C8F808309918B142296007D11E
:1041B0000C213846F9F7E0FE204602B0BDE8F08158
:1041C0009B5C3A4642F8043B2B6831460133284653
:1041D0002B60FFF752FF60B92B687A68BB6013440D
:1041E000B34218BF6FF065042B60E5E76FF05F0422
:1041F000E2E70446E0E70A448A4200D1704711F83A
:10420000013B40BA80B25840C0F303134340180347
:1042100080B24340580100F4FF505840ECE70020C2
:1042200070470FB407B504A951F8040B0191F9F7D1
:104230002FFF03B05DF804EB04B07047044608B5E7
:10424000084611461A46A047FFF744F8FBF796FDCB
:10425000038B13F0070305D10368002B0CBF00206C
:1042600003207047022B05D1408BB0FA80F0400943
:1042700080007047012B05D10368002B0CBF002084
:10428000052070470020704710B50C4600B111B9E9
:104290006FF0150010BD081D00F093F80028F9D14B
:1042A000A368032BF6D9F3E72DE9F0410D46074645
:1042B0001946281D90461E4600F094F8044638B171
:1042C0003346424629463846A446BDE8F041604799
:1042D000BDE8F08110B4EFF31182202484F312883A
:1042E000BFF36F8F416110BC0121FAF735BA38B5C1
:1042F0000C46054658B151B10B6843B14B6833B118
:104300001C22002100F01BFA00202C6138BD6FF048
:104310001500FBE770B505460E46FFF7B5FF041E16
:1043200014DBEFF31182202383F31288BFF36F8F26
:104330004FF6FF716B8B2C8B8B4204F0070407D177
:1043400082F31188BFF36F8F6FF00A04204670BDAF
:10435000022C0CD101336B8382F31188BFF36F8F72
:104360000023224631462846FFF79EFFEEE7062C43
:1043700014D8DFE804F004131313041A0400002314
:1043800033606B683BB9C5E90066ACB902212846C9
:10439000FAF7E2F9DAE71E606E60F6E782F3118859
:1043A000BFF36F8F6FF00404D0E782F31188BFF37F
:1043B0006F8F6FF08504C9E782F31188BFF36F8FA9
:1043C000C4E7034658B1426802F00302012A03D051
:1043D000032A04D1026812B10020986070476FF080
:1043E000150070474268034602F00302032A4FF0AB
:1043F0000002816014BF104600685A607047704721
:104400000FB407B504A951F8040B0191F9F740FE68
:1044100003B05DF804EB04B070477047002930B476
:10442000044618460BDBA5680844A84207D8E06894
:104430006468214484682468A44630BC60476FF0F7
:10444000150030BC7047002930B4044618460BDB19
:10445000A5680844A84207D8E068646821448468D5
:104460006468A44630BC60476FF0150030BC7047EC
:104470000029034610B410460BDB9C680844A04298
:1044800007D8D8685B68194483689B682BB110BC57
:1044900018476FF0150010BC70476FF05700FAE72F
:1044A00008B5C0688368DB689847006808BD08B530
:1044B000C0688368DB689847407908BD70B54C6870
:1044C0000368A34201D2012070BD8A68224493424E
:1044D00001D30020F8E74E69D1E90325B54203D3A3
:1044E0006FF00B038B61F4E71B1B42F83530436818
:1044F000086902EBC00253600B6901330B61E2E70C
:1045000037B50C46C0B201A91546FAF733FA0028B0
:104510000CDB019850B121462A46FAF751FA0446BD
:104520000198FFF77AFF204603B030BD6FF0150405
:10453000F9E7002008B5F9F7DBFF70B506460D4630
:104540000024AC4200DB70BD305DFAF7A1FB013006
:10455000F9D00134F5E7002330B58BB00C46154691
:1045600000930A464FF6FF73014604A8FFF718FBB5
:1045700018B14FF0FF300BB030BD0DF10A0302AAA5
:1045800003A904A8FFF75AFB0028F2D1BDF80A30AE
:10459000102BF2D1BDF80830202BEAD12A46204654
:1045A0000399FFF73BFF003818BF01204042E2E7C4
:1045B0002DE9F74F05460E4690461F4601F09FFC39
:1045C00020B96FF04C0003B0BDE8F08F4FF0140934
:1045D000002334464FF0010B09FB08693B60694634
:1045E000284601F089FC60BB284601F0B1FC002898
:1045F000E7D00020E7E7A14598BF3446019A6368F9
:104600009A4212D12168009800F067F868B9237CBB
:10461000D3B9D4E9023128469847C0B184F810B024
:104620003B68143401333B60D9E714340AF1010AC2
:10463000C245E0D10021284601F0E1FC0028CED19E
:10464000D2E74FF0000AF3E76FF06F00BBE76FF0BF
:104650002200B8E7012801D1EFF30583FEF7D2B8B5
:1046600001460068FFF7F6BF08B5FBF7D7F9BDE8CC
:104670000840FBF7D7B900210120FFF7EBBF436EDD
:1046800083F30B88704761B662B680F31188BFF37D
:104690006F8F704772B6002383F31188BFF36F8F5B
:1046A000BFF34F8F30BF62B6BFF36F8F704772B6E4
:1046B000002383F31188BFF36F8FBFF34F8F20BFA9
:1046C00080F31188BFF36F8F62B6704703460020F6
:1046D0001A5C02B970470130FAE710B55AB10139D6
:1046E000841810F8012B11F8013FA04201D09A4222
:1046F000F7D0D01A10BD1046FCE7431A934210B50C
:1047000000EB020308D3024601399A420BD011F89C
:10471000014F02F8014BF8E70A4412F8014D8A42B2
:1047200003F8014DF9D110BD10B5431E0A44914262
:1047300000D110BD11F8014B03F8014FF7E7034614
:10474000C9B20244934200D1704703F8011BF9E754
:104750004B68012B07DD0B6818700B6801330B6089
:104760004B68013B4B60002070470C220369C9B2C3
:1047700001FB0233186C00F00700704770B5C9B236
:104780000369EFF31185202484F31288BFF36F8F40
:104790000C2606FB0134246C14F0C00408D0A2429D
:1047A00006D085F31188BFF36F8F4FF0FF3070BDD7
:1047B000012271430B441A6485F31188BFF36F8F94
:1047C00043680B445B6898470020F0E78022FFF7BE
:1047D000D5BFF8B5069F0469C9B2EFF3118620254D
:1047E00085F31288BFF36F8F0C2569430C44256C49
:1047F00005F0070CBCF1010F0BD1276486F311887B
:10480000BFF36F8FC4E90E2343685B5898470020BD
:10481000F8BD05F0C005AF4286F31188BFF36F8F76
:104820000CBF6FF077004FF0FF30F1E713B5802435
:104830000094FFF7CEFF02B010BD10B41C24006935
:10484000CBB203FB0400002110BC10470020FDF791
:10485000CDB8002001F09AB81046FEF715BA4B1EED
:104860005B0800EB8300C369C90758BF1B0CC3F387
:10487000072113F0FF031BBF002011706FF015001C
:1048800053707047F7B51C460023164682682360B4
:10489000A3600D465369694601AA9847019B5A1EB9
:1048A00001921BB96FF0150003B0F0BD0098A2682B
:1048B00047682168676085B9B31AD0F800C06345BE
:1048C00028BF634603FB07111A442160A2600268F7
:1048D0009A4206D808300090E0E76B1AB3FBF7F372
:1048E000EBE70020E0E713460022FFF7CBBF2DE9FE
:1048F000F0470024836886B0884691465B6902AA27
:1049000001A99847A2462546029BAB4202D806B0B1
:10491000BDE8F0870026019F07EBC5077B6804937D
:104920003A680AEB0603B24202D89A460135EBE731
:1049300049460394059303A8C0470028E7D0049B89
:1049400001361C44ECE710B50C4601F080F800235A
:10495000C4E90003184610BD38B505460C4601F001
:1049600076F8002D07DBA84205D9401B84428CBF96
:104970000020012038BD0020FCE770B50D46194627
:10498000284616461C46FFF7E7FF38B124B12246F9
:1049900029463046FFF7C8FE002070BD6FF01500B5
:1049A000FBE743681C330B600123136070474368C7
:1049B00000209B69C1E900307047FEF765B94FF0F0
:1049C000FF324FF0FF33FEF793B9F0B54468076943
:1049D00000208BB000908DF804000120119E0790FC
:1049E00010988DF80010D107CDE9080602F0800577
:1049F000CDF818D00DD53A7D1BBA0493D3071DD539
:104A0000042204A90DF10100FFF78EFE079B043379
:104A10000793002E0CBF0122022206ABCDE903232F
:104A2000029302232146059351F8040B85B1836854
:104A30001C68002302AAA0470BB0F0BD03220DF1B1
:104A400011010DF10100FFF76FFE079B0333DFE754
:104A500083681C6804ABEDE7002373B50D1E466840
:104A600014BF04210621CDE9003380220446FFF75C
:104A7000ACFF96F834309B0609D540B93DB90346E2
:104A8000CDE90000802298212046FFF79EFF02B06A
:104A900070BD1FB5012301930DF10F030093002397
:104AA00005211A46FFF791FF08B99DF80F0005B0E0
:104AB0005DF804FB2DE9FF41064615461C4601271B
:104AC0000DF10F08002305211A463046CDE9008775
:104AD000FFF77BFF40B99DF80F30DB0704D5284670
:104AE000214601F024FDEDE704B0BDE8F0812DE999
:104AF000F34743680F1E05461646D3F818907EDB31
:104B0000BB184B457BD847EA0204C4F30B04002CC6
:104B100075D10069FFF753FF21462846FFF79CFF38
:104B20004FF0FF3A0446002E46D101212846FFF7F8
:104B300093FF002C08BF04462869FFF73EFF20467C
:104B400002B0BDE8F087A046286900F115031D30CA
:104B50005A7882B10AFA02F137EA01010BD1012138
:104B60009140B14207D8B8F1000F1CD098F801105D
:104B7000914238BF984602339842E9D1B8F1000F0C
:104B800013D00023812298F800102846CDE9003385
:104B90003B46FFF71AFF012398F801200446934093
:104BA0001F44F61A21E09846E5E76FF0150401214D
:104BB0002846FFF751FFBFE7002CF8D12346CDE987
:104BC0000044802206212846FFF7FFFE0446002805
:104BD000EDD1B145B7D10346CDE900008022C72110
:104BE0002846FFF7F2FE00260446002CDFD140F2F3
:104BF000676200232846FFF75DFF044693E76FF0E6
:104C000015049CE72DE9F74F05461F4643680069E8
:104C10000E1E91469B69B0F81E8050DBF2199A4235
:104C20004DD8FFF7CCFE00212846FFF715FF0446BC
:104C3000D0BB82462FB901212846FFF70DFF04465D
:104C400036E0B845C34628BFBB4606EB0B03013B25
:104C500096FBF8F2B3FBF8F3934218BF08FB12621D
:104C60004FF0000318BFA8EB020B06218022284654
:104C7000CDE900AAFFF7A9FE0446A8B93346812270
:104C800002212846CDE9009BFFF79FFE044658B954
:104C9000012200232846FFF70DFFA7EB0B07044670
:104CA000D9445E440028C5D001212846FFF7D4FE30
:104CB0002869FFF782FE204603B0BDE8F08F6FF051
:104CC0001504F8E7F7B51E4643680D1E044617465F
:104CD0009B6914DBAA199A4211D80069FFF76FFE8D
:104CE0002B46012203212046CDE90076FFF76DFE19
:104CF00005462069FFF761FE284603B0F0BD6FF05E
:104D00001505F9E7F7B54468054694F834309A0775
:104D100044D5076901F062FC4FF47A76A0FB0632B5
:104D200006FB0122DB0B43EA42433A699B1A13D488
:104D3000E28D268E9B1AB3420EDA4FF4004740F202
:104D4000E7300021F61A4FF47A720023E6FB0701E0
:104D5000F7F79CFB01F0EBFB94F8343013F00403FD
:104D60001CD18022AB212846CDE90033FFF72DFE70
:104D7000A8B994F834309B0710D540F2E7314FF4CE
:104D800000450E460146648E4FF47A72E5FB0461DD
:104D900000233046F7F77AFB01F0C9FB002003B08F
:104DA000F0BD2DE9F043044687B000694FF0FF32B3
:104DB000012101F040FB6768386801F090FA28B9DA
:104DC0006FF01205284607B0BDE8F083F86858B9BF
:104DD0002069FFF7F4FD2046FFF794FF002808DA6A
:104DE0002069FFF7EAFDEBE701F079FA0028EFD13F
:104DF000E6E72046FFF74DFE051E40F30181ED0773
:104E000000F1F8802069FFF7D8FD2069FFF7D7FD92
:104E10004FF00308002302AE1A469F212046CDF82A
:104E200004800096FFF7D1FD05462069FFF7C5FD18
:104E3000002DC5D13046424607F12401FFF74DFC55
:104E40000646002840F0F08097F82C30206963B3C4
:104E5000FFF7B5FD2046FFF71CFE051E20DD97F885
:104E60002C30802225EA0305062133462046CDE971
:104E700000668DF81050FFF7A8FD03460028AFD15B
:104E8000012104AA0092204680220191FFF79DFD96
:104E90000028A5D1002200232046FFF70BFE05467F
:104EA0002069FFF78AFD002D8AD10022CDE9042276
:104EB0006368276993F8271007F115088DF8131018
:104EC0009E6A7368934280F2A280012123F000431E
:104ED000A3F12002C3F1200001FA02F221FA00F04E
:104EE000024301FA03F3DB0843EA4275002108227A
:104EF0004046FFF724FC4FF00109494609F101093A
:104F0000424630465FFA89F9FFF7A9FCB9F1050F6F
:104F100008F10208F1D19DF813300A2B89BFB36A5A
:104F20004FF48073C3F30312012388BF9340FB83C4
:104F300063689B699D427FF443AF336813F4C02FCD
:104F400027D0314603AA04A8FBF7ECF9054600BBBD
:104F50009DF80C60731EDBB2FD2B1AD8B0073FF42E
:104F60002FAF2069FFF72BFDB10752D40023802219
:104F7000B7212046CDE90033FFF727FD00287FF455
:104F80002FAF2269137D43F0010313752069FFF7EA
:104F900014FD6268D2E907134B4392699A427FF489
:104FA0000FAF2069FFF70BFD636893F834309A0761
:104FB00049D500238022B9212046CDE90033FFF7EF
:104FC00004FD0546002840D16368256993F8343014
:104FD0009B072CD42846FFF7F0FC2069FFF7EFFC75
:104FE0002046FFF78FFE05462069FFF7E6FC05EA3D
:104FF000E575E7E6002200232046FFF75BFD054646
:105000002069FFF7DAFC002DBFF6FFAED8E60133CA
:1050100069E72B46802206212046CDE90055FFF79F
:10502000D4FC0028A2D0DBE66FF01505CAE601F03B
:10503000D5FA4FF47A72A0FB020302FB0131C00BD8
:1050400040EA414028612069C5E72069FFF7B5FCC7
:10505000002DC2DA15F1860FBFD0B3E643680020F9
:105060005B681B690B607047436802EA01005B687C
:1050700021EA020198600020D9607047436800204F
:105080005B6899607047436800205B68D96070472F
:1050900043685A68536821EA03000B40906000207F
:1050A000D360704710B503695868F8B1884219D1C8
:1050B0009C680868A142586000D198600020086090
:1050C0002AB15A680A609A68596002B9996000204A
:1050D00010E0814206D10868206098688142EDD1D5
:1050E0009C60EBE7044600680028F2D1002AE8D172
:1050F0006FF0150010BD30B543681360057A446841
:1051000004EBC504A34202D36FF0010030BD5C790B
:105110008C4201D00833F0E70020F7E743681B68B2
:10512000D3F88004C3F88004704742681368D3F84A
:10513000100150B10020D26912780A70C3F8100132
:10514000D3F8102101221A6070474FF0FF307047EA
:10515000002A0FDD42681368D3F8100158B100200F
:10516000C3F81001D3F810010120D26912780A7037
:10517000186070470020704710B5436819680369CC
:10518000EFF31182202080F31288BFF36F8F002489
:105190001868847301201B68D8734FF48003C1F82A
:1051A000043382F31188BFF36F8F10BD01210369AF
:1051B0001A68917300221B68DA737047026903460C
:1051C0001168C87B40B15B681B68D3F8580118B1FF
:1051D00000230B6113689889704743681B68D3F8F4
:1051E0001001003818BF01207047102243681B6867
:1051F000C3F804237047102243681B68C3F80823D0
:1052000070474FF4007243681B68C3F8042370476B
:105210004FF4007243681B68C3F80823704738B521
:10522000436804461D68D5F804335B0205D4D5F8FD
:10523000040310F0100006D138BDFFF7BFFF0028AF
:10524000F5D00120F8E72046FFF7C7FF003818BF68
:105250000120F1E7012070470369186801601B68AD
:105260005A60704702680346D2F8580140B95B683B
:10527000DB0706D4D2F82001003818BF01207047A0
:105280000120704710B4436802691B68D3F8041307
:10529000C90517D5D3F82011A1B1EFF3118120244E
:1052A00084F31288BFF36F8FD3F8204134B1002408
:1052B000C3F82041D3F820410124DC6081F3118838
:1052C000BFF36F8F1168D3F8584171B17CB10024DE
:1052D0000C611168C97B19B94FF48001C3F8081338
:1052E00011688C7B1CB100238B7310BC7047D3F802
:1052F000241121B10021C3F82411D3F824311268FC
:105300001368002BF1D0516810BC184710B5044643
:10531000002201210920FAF7B5FD0920FAF782FDE4
:105320002046BDE81040FBF737BB10B5044600220D
:1053300001210820FAF7A6FD0820FAF773FD2046A0
:10534000BDE81040FBF728BB2DE9F0410669054692
:10535000336801279C8910339442A8BF1446D3E8D0
:10536000EF2F002A03D1C3E8E07F0028F7D10CBF5C
:105370003B4600232BD1336822469868FFF7D4F9C7
:10538000EFF31188202383F31288BFF36F8F6968CE
:105390000846FFF767FF326840B90446106188F39A
:1053A0001188BFF36F8F2046BDE8F0810B689268CB
:1053B000C3F844250022C3F84845C3F82021D3F898
:1053C0002011C3F85821D3F858219F60E7E71C4605
:1053D000E9E7002201210B20FAF754BD10B50B6854
:1053E00013B91846136005E003685C681CB11460CB
:1053F0000368186810BD083303600B68013B0B603D
:10540000EDE713B5002101AA0446FFF774FE00285A
:1054100005DB019B226819791868FBF7A5F902B032
:1054200010BD03460A4619790123006803FA01F109
:1054300003691B68194218BF82F0010212B1836828
:10544000DB68184783681B69FBE710B504460068F2
:10545000D0B18368C3B149B101210830FFF7E1FF42
:1054600023681869BDE8104000F034BF12B9838882
:10547000DB0409D4006900F02DFF20680021BDE89D
:1054800010400830FFF7CDBF10BD10B5012200213C
:105490000446FFF7DAFFA36933B9636004F1100033
:1054A000BDE81040FDF7F0BB10BD10B50069036802
:1054B0008B4206D190F85C4034B9FFF7E6FF2046F6
:1054C00010BD6FF01500FBE76FF00F00F8E72DE956
:1054D000F843446806690546606BFFF792FF0028B1
:1054E00021DBA16B481C15D10127E36A9847B468FA
:1054F0000834D6E9023203EBC203A4F10802934256
:1055000013D83046FFF7C1FF6B68586BFFF779FF80
:10551000002008E004F13C00FBF7A8FC10F1130F99
:1055200001D0411DE0D1BDE8F88354F8080C00F02B
:10553000D6FE28B354F8080C14F8041C34F8023CC6
:10554000D0F810E0DA0754BF43F4B01383F4D0135B
:10555000DEF800C023F4801207FA01F8DB074CBF25
:1055600048EA0C032CEA0803D0F80890CEF8003083
:10557000D9F800309847002804F10804B9DAD2E7D6
:105580006FF01200CFE738B505690446296305F1CD
:105590002000FDF779FB002285F85C202069114688
:1055A000BDE83840FFF751BF38B502780346002AFE
:1055B00052D10C69A26D32B9606D6FF07301BDE814
:1055C0003840FFF7E0BFE06C40B1216D31B1DB68DE
:1055D00023B1834202D0616EFFF7A6F8A36CA56DDC
:1055E0009BB19D4211D85B1BA3644BBB636B04F161
:1055F000480208336363A36B04F13801013BA363E2
:1056000004F13400FFF7EAFE6064236D9BB19D4214
:1056100011D85B1B2365CBB9E36B04F1500208334F
:10562000E363236C04F14001013B236404F13C007B
:10563000FFF7D4FEE064606DBDE83840FBF728BAA0
:10564000636C002BE1D02B446364DEE7E36C002B3A
:10565000F1D02B44E364EEE738BD002200F15003A3
:105660009B009BB203F1502303F580331A601B6843
:10567000704708B5FBF7D8FC08BD03465A6B0023FA
:105680003C309A4200D17047C16801330844F8E7C2
:10569000FEF76AB808B5F9F7BFF9F9F78BFABDE874
:1056A0000840FEF761B88068183820F0070010380D
:1056B0007047042809D0052803D1481E18BF0120CF
:1056C0007047431A5842584170470120704738B517
:1056D00015460C4661B15AB1FEF7E9FE2146254454
:1056E00011F8013B834203D1A942F9D1012038BD11
:1056F0000020FCE738B50C4601231146224605463A
:10570000FEF78CFE00280FDB012221462846FFF71A
:10571000DEFF38B92378012B14BF022301230020B8
:10572000237038BD0323FAE70120FAE72DE9F74398
:105730001D4606460F469046FEF7B2FE6C1E044418
:1057400040420440082C1AD83046FEF7B0FE81468D
:105750002A4641466846FEF7E7FF4946621B0DEBC5
:105760000500FEF7ECFF23466A4639463046FEF751
:105770006AFE003818BF012003B0BDE8F0834FF087
:10578000FF30F9E707B501238DF8042001AAFFF7E0
:10579000CDFF03B05DF804FB81680122183921F0C8
:1057A0000701FFF7EFBF8268183A22F00702FFF700
:1057B000A1BF13B50C46C0B201A9F9F7DBF850B987
:1057C00021460198FBF798FE04460198FEF725FE56
:1057D000204602B010BD0124FAE713B541EA0211D8
:1057E00004468DF80710FFF75EFF012301460DF117
:1057F00007022046FFF79AFF02B010BD8168012220
:10580000183921F007010839FFF7BCBFF7B50D1EA5
:1058100069460CBF17462F460446FBF76DFE78B964
:105820009DF80060022E25D0032E0BD0012E27D12B
:1058300035B19DF80330032B02D12046FFF7ACFFB2
:1058400003B0F0BD002DFBD12046FBF735FE00284C
:10585000F6D16FB12046FFF79FFF0028F0D12278E4
:105860003146D31E5A4220465A41FFF7B6FFE7E7BA
:105870000226F4E735B929462046A268FEF7F8FD6E
:105880000320DDE70420DBE74FF47F03D3F830018A
:10589000D3F83431BFF34F8FC0F30B00A0F10903ED
:1058A0005842584170474FF47F02D2F83031D2F855
:1058B0003401BFF34F8FC3F30B03092B03D1431EF6
:1058C00058425841704700207047004700F002BD21
:1058D00040F00040C1F88000C2F880007047F7B582
:1058E0000646F8B101281BD104224FF4807301460B
:1058F0004FF050200025C0F80813012142F2107427
:105900004FF050270344024411601D608E421B6813
:105910008DF8071008BF0DF1070546B1012E23D001
:1059200003B0F0BD0C224FF482730221E0E7D7F8F8
:10593000183403F480333DB9002BF1D00120FFF778
:10594000C5FF013CF3D1EBE7D7F8182402F00302BE
:105950002A70002BE4D09DF807000128E0D1FFF762
:10596000B5FF013CD9D1DBE7D7F80C3403F4803321
:105970003DB9002BD4D00120FFF7A8FF013CF3D1A3
:10598000CEE7D7F80C2402F00102E1E7FFF7A7BF4A
:10599000F7B51646DDE90847019001A81D46FCF75A
:1059A000BDF8019BB6F1000C18BF4FF0010C00EBE5
:1059B00083000B1E18BF0123002D43EA4C0314BFC4
:1059C0004FF00C0C4FF0000C002C43EA0C0314BFFA
:1059D0004FF4E06C4FF0000C002F43EA0C0314BFAF
:1059E0004FF4403C4FF0000CD0F8002243EA0C0387
:1059F00022EA030301B109780EB136787600194323
:105A00000DB12D78AD0031430CB124782402294327
:105A10000FB13F783F040C433C43C0F8004203B051
:105A2000F0BD1FB50DF10F03019300238DF80F108A
:105A30001A4619460093FFF7ABFF05B05DF804FB6B
:105A4000FCF72CB9FCF70AB90846FCF7F7B84FF495
:105A5000801070474FF4805070474FF4807070474B
:105A600070B50126A2F58074A40806FA04F4054670
:105A700014EA010008D0A85830B100213046A950DE
:105A8000AA581A6822431A6070BD00232DE9F34119
:105A900004460D460193904601AB4FF4A672FFF702
:105AA000DFFF4FF4827229462046FFF7D9FF4FF4FB
:105AB0008C72074629462046FFF7D2FF064630B1D2
:105AC000B8F1000F1DD017B13E46D4F83C354FF465
:105AD00088722946204601ABFFF7C2FF30B1B8F10A
:105AE000000F03D016B90FB1D4F83C354FF49072C3
:105AF0002946204601ABFFF7B3FF019802B0BDE88D
:105B0000F0814646E3E7012370B504460D4664265E
:105B10004361002202212046FFF7B7FF20B9012090
:105B2000FFF7D4FE013EF4D100236B77C4F80035B3
:105B300070BD38B5036A0D46D3E90112914204469F
:105B40004FF0000002D30122DA6038BD20745A6899
:105B5000214601325A602422236A58681B680138A2
:105B600002FB0030FEF7E0FD0120A560EDE72DE926
:105B7000F041064604468AB001AD0F4690460FCE6E
:105B80000FC50FCE0FC53368A6682B60236A256842
:105B90005A682AB90222DA6000200AB0BDE8F08112
:105BA000F9070ED524201968013A00FB0211780785
:105BB00003D40A7C0AB10F22EDE724222046FEF727
:105BC000B3FDB90741BF226A536803F1FF33536045
:105BD000B04504D2236A002BDED00422DBE77A072B
:105BE00048BF25603B0701D40120D6E7143406AB3B
:105BF00093E8070084E80700F6E710B502601A444E
:105C0000029B012983604FF00003C2600374037597
:105C1000836101D8036210BD24224A43243A8418C8
:105C200004628350026A8C1E9460026A02295360E7
:105C3000026AD360026A1374026A53741EBF036A55
:105C400024301860E7E7182871F100030ED3B0F58F
:105C5000807F71F100030BD3B0F5803F71F1000339
:105C600008D3002914BF0920052070470120704780
:105C7000022070470320704737B50024002508290B
:105C80000A46CDE900450AD801466846FEF74CFDB4
:105C9000DDE9000103B0BDE83040FFF7D4BF0020CC
:105CA00003B030BD00B1C1607047436803608368D2
:105CB00001338360006AFFF7F5BF08B50268C36867
:105CC0009A4205D3006A0821FFF7ECFF002008BDC7
:105CD0000120FCE738B504460D46FFF7EEFF40B162
:105CE00023681B78B5EB531F04D00A21206AFFF705
:105CF000D9FF002038BD10B50446FFF7DEFF38B1EC
:105D000023681A78FF2A05D00A21206AFFF7CAFF04
:105D1000002010BD01332360FBE710B5027D04466F
:105D200032B1FFF7E8FF48B100234FF0FF3223758F
:105D30002046BDE810400721FFF719BF10BD2DE92F
:105D4000F84F04460E4691461D46FFF7B6FF8046C3
:105D500028B1A36843B90321206AFFF7A3FF4FF0DE
:105D600000084046BDE8F88F2268177807F01F0B3F
:105D7000BBF11F0F12D12DB3206A18B1037C0BB1F8
:105D80001521EAE701232B700025236801356360A4
:105D90002B442360A368013BA360E2E7BBF1170F2C
:105DA00014D9ABF11803D9B203290BD801259D40B2
:105DB000A94509D3E36805F1010A5244934207D289
:105DC0000821C9E70721C7E70521C5E70025F1E755
:105DD0004A4600213046FEF7B2FC15B986F800B0FD
:105DE000D2E72268711E531913F801099A4201F88B
:105DF000010FF9D1236A002BC7D01B7C002BC4D024
:105E00000737FFB2022FC0D949463046FFF734FFAB
:105E10008245BAD015219FE738B50C461146054694
:105E2000FFF758FF08B9002038BD04220023284698
:105E3000A118FFF784FF0028F5D02B682360F3E753
:105E4000002337B504468DF80330FFF743FFA8B1B0
:105E5000042220460DF103030DEB0201FFF76FFF53
:105E600060B19DF8035065B901992046FFF761FEC6
:105E700050B963682360A3680133A360002003B0B6
:105E800030BD6FF00F01F0E72575F8E738B504462F
:105E90000D46FFF7C1FF48B12268E3689B1A6A68A4
:105EA0009A4204D908212046FFF7FFFE002038BDA2
:105EB00038B504460D46FFF7E9FF18B123686A6854
:105EC0001344236038BD70B50D46002104461646C4
:105ED000FFF700FF38B1324629462046BDE8704042
:105EE0000023FFF72CBF70BD0422FFF7ECBFFFF7C4
:105EF000FBBF0222FFF7DCBF0322FFF7D9BF10B5BB
:105F000005210446FFF79CFF50B1237D4BB96FF08C
:105F10000042A368934205D305212046FFF7C5FE42
:105F2000002010BD5B00A360FBE7037D23B9806800
:105F3000B0FA80F0400970470368C268934205D206
:105F40001878A0F1FF03584258417047002070476D
:105F5000FFF7E3BE70B50D4607210446FFF7BAFE12
:105F600048B123681E7806F01F06182E05D90A21AD
:105F7000206AFFF797FE002070BD0023012229460A
:105F80002046FFF7DCFE0028F5D0182EF4D12B7840
:105F90001F2BF1D815212046FFF787FEEBE737B519
:105FA0000C460DF107010546FFF7D4FF58B19DF8E7
:105FB0000730143BDBB2012B8DF8073006D90A21DC
:105FC0002846FFF772FE002003B030BD03F0010346
:105FD0002370F9E738B50D4606210446FFF77AFE2F
:105FE00008B9002038BD0023042229462046FFF7C7
:105FF000A6FE0028F5D0A3680133A360F2E770B5D0
:106000008EB00546FFF759FE002854D02B680022B9
:106010001C7800232946CDE9022305A8242264091F
:10602000FEF782FB062C1CD0221F0023012A4FF012
:1060300008028DF804300DEB020198BF01AB05A8F2
:10604000FFF77DFE0646002835D0042C3BD019D83A
:10605000023C012C21D9059B2B60AB68013BAB6056
:106060002AE001A905A8FFF7B5FF20B3059B089A10
:10607000934204D30821286AFFF714FE1BE01C7822
:106080006409CFE7052CE6D1DDE90232B3F1004F18
:1060900072F1000113D32146EDE7EB682968029AFB
:1060A0005B1A9A4203D8059B13440593D3E7082152
:1060B0002846FFF7FAFD002630460EB070BDDB180B
:1060C0005241CDE902329DF8044024B16FF00F0235
:1060D0000023CDE90223029B8DF82840079305A8F1
:1060E000FFF723FF014638B1002CB4D005A8FFF715
:1060F00002FE0028AFD1DEE705A8FFF780FF0028E9
:10610000EDD1D8E700B1C160704710B50368C4682D
:10611000A34205D3006A0821FFF7F4FF002010BD59
:1061200002F01F0242EA4111197003680133036053
:106130000120F4E770B505460E4610461946144690
:10614000FFF79AFD22463146431E2846BDE87040BF
:10615000FCF728BBF8B51746C368026804469A42A4
:106160000D4606D30821206AFFF7CCFF00263046F3
:10617000F8BD9B1A4A689A42F4D80E4656F8043B7A
:1061800053B104213046FFF777FD6A682368134452
:10619000E26803449A42E5D3324604233946204656
:1061A000FFF7C8FF06460028E0D02068296888422B
:1061B00002D06A68FEF7A1FA23686A681344236074
:1061C000D5E7082A73B513460C4606D9006A05219F
:1061D000FFF798FF002002B070BD8E1816F9012C51
:1061E000002A0FDA0A4669460C46B24204D1012160
:1061F0002246FFF79FFFEEE712F8015BED4301F83F
:10620000015BF2E70021F3E713460A460021FFF79E
:1062100091BF07B5042201910DEB0201FFF7D1FFF9
:1062200003B05DF804FB07B5042201910DEB0201F8
:10623000FFF7EAFF03B05DF804FB0222FFF78ABF15
:106240000322FFF787BF07B5CDE900126946FFF7C4
:10625000F4FF03B05DF804FB07B5CDE90012694611
:10626000FFF7EEFF03B05DF804FB1F220421FFF7E8
:106270004CBF1F220521FFF748BF1F220721FFF750
:1062800044BFFFF7FABF10B50A4609781839072945
:1062900005D9BDE8104001230721FFF74BBF1521A9
:1062A000006AFFF72FFF002010BD07B514318DF8ED
:1062B00007100DF10701FFF7E6FF03B05DF804FBDF
:1062C0001FB50024CDE90144069C0094FFF795FC1E
:1062D00004B010BD08B1F9F783BE7047704740B1F4
:1062E000C368587810F001001EBF1878B0FA80F02B
:1062F00040097047EFF31183202383F31288BFF323
:106300006F8FFEE708B5FFF7F5FF10B5D0E9003451
:1063100033B90020E268537843F00103537010BD95
:10632000204698470028F4D00028B8BF4042FF28F4
:10633000A8BFFF20E3681870ECE7FEF700BAFEF78D
:10634000F3B970474169836843EA010212F003021E
:106350000FD1C2600269013A01FB023382689A429E
:1063600001D900207047C2681A604269C3609B1A55
:10637000F4E76FF01500704710B5C0E90432002350
:10638000816083610446FFF7DDFF0028A8BFC4E9F0
:10639000004410BD2DE9F04105460F46EFF311888A
:1063A000202383F31288BFF36F8FC668F6B90468A1
:1063B000A0421BD0D4B1D4E9003213605A60637B91
:1063C000C4E9006623F002036373A66004F11800B9
:1063D00000F0DFF82046A667676100F078F84146D4
:1063E00005F10800BDE8F041FCF754BE3E60AB6922
:1063F000EF60013BAB6188F31188BFF36F8FBDE89D
:10640000F081202408B5EFF3118384F31288BFF3E1
:106410006F8FFEF73FF9F6E790F90E308B4201D00F
:10642000FCF7EABD0020704703460020C3E90033B3
:10643000C3E9020070473AB18A4205D3C0E90212AB
:10644000C0E90000002070476FF015007047EFF3BF
:106450000580003818BF01207047D0E90032136072
:106460005A600023C0E90033704708B5FFF7F5FF15
:10647000437B23F0020343730023836008BD38B5D8
:1064800004460D46FCF71AFD637B43F00203637379
:10649000E5B1A5602B689D4209D16B68C4E9005342
:1064A0001C606C6012E06A689A42F6D01B68002B90
:1064B000F3D094F90E2093F90E108A42F3D0914252
:1064C000F1DD5A68C4E9003214605C6038BD10B573
:1064D000EFF31184202383F31288BFF36F8FFCF74F
:1064E000A5FC84F31188BFF36F8F10BD014610B572
:1064F000EFF31184202383F31288BFF36F8F437B64
:1065000013F0280F0AD183680BB1FFF7AEFF4B7B66
:10651000084623F004034B73FCF788FC84F31188CE
:10652000BFF36F8F10BD01211838FFF7DFBF38B5FB
:106530000C460546FCF768FEB4F1FF3F08BFB5F115
:10654000FF3F1FBF47F6FF7300224FF47A71C0FB75
:10655000013216BFD80B4FF0FF3040EA424038BD41
:1065600010B5FCF7E7FF0446FCF7ECFF74B1D4E983
:1065700004321B1A62EBE072B3F1004F72F10001BA
:1065800004DA002AACBF1846002010BD6FF00040AE
:10659000FBE7024638B5EFF31185202383F3128819
:1065A000BFF36F8F036893B1FCF7C4FF0446104636
:1065B000FCF7D2FF844204D1FFF7D2FF0021FAF7A3
:1065C00097FE002085F31188BFF36F8F38BD6FF001
:1065D0001500F7E708B5FDF7AFF808BDFDF7ACB853
:1065E000E05EFF7F01000000D1FF0100000000001D
:1065F000C100020050660200792A0200000000007B
:10660000750402006466020091560200000000005A
:106610002B5302008C6602000D53020078660200C4
:1066200091110200000000009556020000000000D9
:106630007D030200A0660200CF540200B46602008F
:10664000A34D0200C86602001514020000000000FD
:1066500079770200046C020040690200B4C6002091
:10666000A0170120B4770200A46C02001469020094
:10667000BAC600202C180120C8770200BC6C0200AA
:106680005C690200BCC6002020C50020D277020051
:10669000F86C02005C690200BEC6002044C5002000
:1066A0009077020000000000E4680200B6C60020F7
:1066B00000000000DC770200346D0200386902003F
:1066C000C0C6002068C50020A7770200246C020025
:1066D000FC680200B8C600200C1801200000000071
:1066E000774602000000000077460200000000002C
:1066F000774602000000000077460200000000001C
:10670000774602009D1A0200CB58020000000000EC
:106710007746020000000000774602008C66020007
:1067200085520200786602008552020000000000D7
:106730007746020051270200CB58020000000000FB
:1067400077460200B5200200CB580200000000008E
:1067500077460200000000007746020000000000BB
:1067600077460200000000007746020000000000AB
:10677000774602000000000077460200000000009B
:106780007746020000000000211202000000000015
:10679000774602000000000077460200000000007B
:1067A000774602000000000077460200000000006B
:1067B000774602000000000077460200000000005B
:1067C000774602000000000077460200000000004B
:1067D000774602000000000077460200000000003B
:1067E000774602000000000077460200000000002B
:1067F000774602000000000077460200000000001B
:10680000774602000000000077460200000000000A
:1068100077460200000000007746020000000000FA
:1068200077460200000000007746020000000000EA
:1068300077460200000000007746020000000000DA
:1068400077460200000000007746020000000000CA
:1068500077460200000000007746020000000000BA
:1068600077460200000000007746020000000000AA
:10687000774602000000000077460200000000009A
:10688000774602000000000077460200000000008A
:10689000774602000000000077460200000000007A
:1068A000774602000000000077460200000000006A
:1068B000774602000000000077460200000000005A
:1068C000774602000000000077460200000000004A
:1068D000774602000000000077460200000000003A
:1068E000774602007B49020009040200A50302006A
:1068F000750302004749020065030200C54C02000F
:10690000054C0200EF4A02006D040200AF4902008C
:10691000A3490200F90402005D5002006950020020
:106920007D5002008750020091500200750602005F
:10693000A550020000000000610B0200AB540200F1
:1069400019010200CD4702002D480200000000009E
:106950006B47020000000000000000002B51020005
:10696000E50802001D510200495302005151020086
:1069700079510200AD510200BD510200EB510200FD
:10698000F7510200BD510200DB5102000352020028
:10699000115202001F5202005552020059520200C9
:1069A000AE6F0200030000006576020003000000E5
:1069B000DEE61E28EAAC45B8025B0000DEE61E28D3
:1069C0004CBBCE8F025B0000000000000000000006
:1069D0000338FDD870470000A9EC01003B450200D8
:1069E0000B00000002000000030000000200000095
:1069F00001000000F47302004C6A02000B0000006A
:106A00000200000003000000020000000B00000074
:106A10000200000003000000020000000B00000064
:106A20000200000003000000020000000B00000054
:106A30000200000003000000020000000B00000044
:106A40000200000003000000020000005B000000E4
:106A5000008000500090005017000000000000006F
:106A60000000000000800000A0660200010000009D
:106A70000000000000800000A0660200020000008C
:106A80000000000000000D00C866020003000000C6
:106A90000080000000400100A06602000400000029
:106AA0000080000000020000A06602000500000057
:106AB00000820000003E0100A06602000600000007
:106AC00000820000003E0100A066020007000000F6
:106AD00000C0010000400100A066020008000000A4
:106AE00000C0010000020000A066020009000000D2
:106AF00000C20100003E0100A06602000A00000082
:106B00000000030000020000A06602000B0000006D
:106B10000000030000000D00A06602000C00000051
:106B20000000030000800000A06602000D000000CD
:106B30000002030000FE0C00A06602000E00000030
:106B40000002030000FE0C00A06602000F0000001F
:106B500000020300007E0000A0660200100000009A
:106B60000080030000300B00A0660200110000004E
:106B70000080030000800C00A066020012000000EC
:106B800000000D0000004000C86602001300000075
:106B900000B00E0000500100A066020014000000CA
:106BA00000B00E0000500100A066020015000000B9
:106BB00000004D0000200000C86602001600000022
:106BC00000204D0000E0B201C86602000000000095
:106BD0003345020018C5002010C5002008C500205C
:106BE0000000000000C5002021EB010025EA0100A3
:106BF00079EA0100D1EA010049000200190002000F
:106C000000000000990102008D000200847702005C
:106C10004D480200534802008A7702000400000039
:106C200000FF0000B466020000127A0000010000BC
:106C3000646602000C000100000000000000000279
:106C40000020000000100000C86019105C6C0200F9
:106C5000000001000000010002000000E520F3FF39
:106C6000FFFFFF0F44EB086B083B42BBFEFFFFFF3B
:106C7000FFFF00FFFFFF42EB0C200F5210D800FF78
:106C8000D431A5FE84DF144FEC6216337A757A7521
:106C900004B3D55C1906140008500001010000007F
:106CA00000FF0000FFFFFFFF00258450FFFFFFFFF4
:106CB0000000000000D000500000000000900050D4
:106CC0000100000000000000DC6C02000000001069
:106CD000000000002A2501202925012000900050F5
:106CE000E86C020001000000F06C020002000000ED
:106CF00005000000040000010080005001000000B9
:106D000000000000186D02000000001000000000EC
:106D10004C2501204B25012000800050246D0200ED
:106D2000010000002C6D02000200000001000000C4
:106D30000000000100B000500000000000127A00C6
:106D4000000000000000000000000000FFFFFFFF47
:106D50000000FF0000000000000000010100000032
:106D6000D3530200FF1F0000786D0200FFFFFFFFFA
:106D7000000000000000000000B00050846D020020
:106D8000010000008C6D0200030000000D000004F3
:106D90000E0000050F000006646602000C000100F2
:106DA0006466020011000100646602000A0001002E
:106DB0000B000000020000000300000002000000C1
:106DC000E8650200E865020020660200286602000D
:106DD0005066020050660200FF8FFFFFFF8FFFFF2B
:106DE000FE8FFFFFFE8FFFFFFD8FFFFFFC8FFFFF7A
:106DF000FC8FFFFF6D757465785F66726565206353
:106E0000616C6C65642077697468204E554C4C2029
:106E1000706172616D6574657200000043616E2778
:106E20007420696E697469616C697A65206D757426
:106E300065782C20776173204E554C4C0D0A00006C
:106E4000436F756C64206E6F74206C6F636B207081
:106E50006F7765722073617665206D757465780053
:106E60000100020010001100120020002100220089
:106E7000230024003000310032003300FFFF77C2CE
:106E800095F360D2EF7F3552500F2CB67980256391
:106E90003A205374617274696E6720626F6F746C0C
:106EA0006F616465720A0025633A20456E746572ED
:106EB000207468652073657269616C207265636F08
:106EC00076657279206D6F64650A0025633A2055F6
:106ED0006E61626C6520746F2066696E6420626FFB
:106EE0006F7461626C6520696D6167650A00256376
:106EF0003A20426F6F746C6F6164657220636861E1
:106F0000696E6C6F61642061646472657373206F75
:106F100066667365743A20307825780A0025633AEE
:106F200020496D6167652076657273696F6E3A20DE
:106F30007625642E25642E25640A0025633A204AAE
:106F4000756D70696E6720746F207468652066695E
:106F500072737420696D61676520736C6F740A00C9
:106F600025633A2050726F74656374206D63756297
:106F70006F6F7420666C617368206661696C65640C
:106F80002C2063616E63656C20737461727475701C
:106F90002E0A0025633A204E657665722073686F6D
:106FA000756C642067657420686572650A006D639E
:106FB00075626F6F740025633A20696E76616C6943
:106FC0006420666C6173682049442025643B206519
:106FD000787065637465642025640A002A8648CE4B
:106FE0003D030107002A8648CE3D02010025633A91
:106FF000204661696C656420746F2072656164204D
:107000007374617475732066726F6D2025642C2013
:107010006572722025640A0A0025633A20556E6164
:10702000626C6520746F2064657465726D696E654D
:1070300020666C61736820736563746F72206F667D
:107040002074686520696D61676520747261696C80
:1070500065720A007072696D617279007365636FA1
:107060006E646172790025633A20436C65617265D4
:107070006420696D616765202564207072696D61A7
:10708000727920736C6F7420747261696C65722000
:1070900064756520746F20737475636B20726576F8
:1070A0006572740A0025633A20496D61676520693D
:1070B0006E2074686520257320736C6F742069736B
:1070C000206E6F742076616C6964210A0025633A32
:1070D00020256420737461747573207772697465F8
:1070E000206661696C7320706572666F726D696E7F
:1070F000672074686520737761700A0025633A2001
:107100004661696C656420746F206F70656E2066DF
:107110006C61736820617265612049442025642098
:1071200028696D61676520256420736C6F74202564
:1071300064293A2025642C2063616E6E6F7420638D
:107140006F6E74696E75650A0025633A2046616941
:107150006C65642072656164696E67207365637431
:107160006F72733B20424F4F545F4D41585F494D02
:10717000475F534543544F52533D2564202D20749F
:107180006F6F20736D616C6C3F0A0025633A204677
:1071900061696C65642072656164696E6720696D00
:1071A00061676520686561646572733B20496D6144
:1071B00067653D25750A0025633A204661696C655F
:1071C000642072656164696E6720626F6F742073FA
:1071D00074617475733B20496D6167653D25750A5F
:1071E0000025633A2070616E6963210A0025633AC5
:1071F00020496D61676520696E20736C6F7420692A
:107200007320666F722077726F6E672073302F73F2
:107210003120696D6167650A0025633A20436C651A
:10722000616E65642D7570207365636F6E64617245
:107230007920736C6F74206F6620696D61676520BB
:1072400025640A0025633A204661696C65642074F0
:107250006F20636C65616E2D7570207365636F6E52
:107260006461727920736C6F74206F6620696D6140
:1072700067652025643A2025640A0025633A204486
:107280006574656374656420696E636F6E7369739A
:1072900074656E7420737461747573210A00626181
:1072A0006400676F6F6400756E7365740050726977
:1072B0006D61727920696D6167650025633A2025EB
:1072C000733A206D616769633D25732C2073776184
:1072D000705F747970653D307825782C20636F700D
:1072E000795F646F6E653D307825782C20696D611B
:1072F00067655F6F6B3D307825780A005365636F73
:107300006E6461727920696D6167650025633A205A
:10731000426F6F7420736F757263653A2070726983
:107320006D61727920736C6F740A0025633A204294
:107330006F6F7420736F757263653A206E6F6E6540
:107340000A0025633A205374617274696E67207372
:10735000776170207573696E67206D6F7665206147
:107360006C676F726974686D2E0A0025633A204E4F
:107370006F7420656E6F756768206672656520732F
:107380007061636520746F2072756E207377617011
:1073900020757067726164650A0025633A20726522
:1073A0007175697265642025642062797465732043
:1073B000627574206F6E6C7920256420617265207F
:1073C000617661696C61626C650A0025633A2053DD
:1073D00074617274696E6720737761702075736968
:1073E0006E67206E73696220616C676F7269746882
:1073F0006D2E0A003059301306072A8648CE3D020A
:107400000106082A8648CE3D030107034200042AEC
:10741000CB403CE8FEED5BA44995A1A91DAEE8DB9D
:10742000BE1937CD14FB2F245737E5953988D994E9
:10743000B9D65AEBD7CDD5308AD6FE48B24A6A8142
:107440000EE5F07D8B6834CC3A6AFC538EFAC12D80
:107450000020002B00307800305800286E696C291D
:10746000004661696C656420746F207265626F6F9D
:10747000743A207370696E6E696E6720656E646C15
:107480006573736C792E2E2E0A007F7F7F7F7F7F3E
:107490007F7F7F7F7F7F7F7F7F7F7F7F7F7F7F7FFC
:1074A0007F7F7F7F7F7F7F7F7F7F7F7F7F7F7F7FEC
:1074B0007F7F7F7F7F3E7F7F7F3F34353637383910
:1074C0003A3B3C3D7F7F7F407F7F7F00010203048A
:1074D00005060708090A0B0C0D0E0F1011121314E4
:1074E00015161718197F7F7F7F7F7F1A1B1C1D1EA3
:1074F0001F202122232425262728292A2B2C2D2E24
:107500002F303132337F7F7F7F7F41424344454676
:107510004748494A4B4C4D4E4F5051525354555683
:107520005758595A6162636465666768696A6B6C2B
:107530006D6E6F707172737475767778797A303199
:1075400032333435363738392B2F2A2A2A20426FE6
:107550006F74696E67204D79204170706C6963614A
:1075600074696F6E2076322E312E302D6465762D43
:10757000626638353263396262333838202A2A2A03
:107580000A002A2A2A205573696E67206E52462007
:10759000436F6E6E6563742053444B2076332E30F8
:1075A0002E302D33626663343635373865343220F9
:1075B0002A2A2A0A002A2A2A205573696E67205A25
:1075C0006570687972204F532076342E302E393909
:1075D0002D336530636537363336666136202A2AA7
:1075E0002A0A006D757465785F696E69742063613D
:1075F0006C6C65642077697468204E554C4C207023
:107600006172616D6574657200436F756C64206EA4
:107610006F7420616C6C6F63617465206D75746547
:1076200078206265666F726520696E697469616C45
:10763000697A696E670025633A204E6F7420656E23
:107640006F756768206D656D6F727920746F207338
:10765000746F726520696E636F6D696E6720646117
:107660007461210A0073657269616C5F61646170A5
:107670007465720072630025633A204572726F72FE
:10768000202564207768696C652065726173696E76
:10769000672072616E67650A0064617461006C65E1
:1076A0006E006F666600696D616765730070656E78
:1076B00064696E6700626F6F7461626C6500636F0E
:1076C0006E6669726D6564006163746976650070E9
:1076D00065726D616E656E7400736C6F74006861C5
:1076E00073680076657273696F6E002568752E2564
:1076F00068752E256875002E257500636F6E6669A6
:10770000726D0025633A204661696C656420746F70
:10771000206F70656E20666C6173682061726561B0
:107720002049442025640A0025633A2044696420E6
:107730006E6F742066696E6420696D61676520777D
:10774000697468207370656369666965642068613F
:1077500073680A00736C6F74730075706C6F61648A
:107760005F696D6167655F6964006D61785F696D10
:107770006167655F73697A6500636C6F636B403541
:10778000303030006866636C6B006C66636C6B0055
:10779000666C6173682D636F6E74726F6C6C65726A
:1077A00040333930303000474432354C453235357E
:1077B000454030006770696F4038343235303000F2
:1077C0000001020304050607756172744039303008
:1077D0003000756172744038303030007370694029
:1077E00062303030004552524F523A2043616E6E43
:1077F0006F742066756C66696C6C204558545F41E7
:10780000504920726571756573742E0D0A005741D9
:10781000524E494E473A204F7074696F6E616C202A
:107820004558545F415049207265717565737420E5
:107830006E6F742066756C66696C6C65642E0D0ADB
:10784000007065726D0074657374004255473B208B
:1078500063616E27742068617070656E0072657672
:107860006572740025633A205365636F6E646172BC
:107870007920696D616765206F6620696D61676554
:107880002070616972202825642E29206973207573
:107890006E726561636861626C652E205472656109
:1078A0007420697420617320656D7074790A0025F5
:1078B000633A20496D61676520696E6465783A2096
:1078C00025642C205377617020747970653A2025E7
:1078D000730A0025633A20496D61676520696E640B
:1078E00065783A2025642C20537761702074797074
:1078F000653A206E6F6E650A0004010403040204F9
:107900000104010403010403040104000001010255
:1079100002030303036D61696E00000000C00100F3
:10792000FFFF000088EACD1F55555515AAAAAA1ACF
:107930003F4702001F4202005C6A0200D8C60020D6
:107940003A000000ECC600203A000000C4C6002047
:107950003A00000000C700203A00000030C50020B7
:107960000000000000000000000000000000000017
:10797000000000002B250120200000000000000076
:1079800054C50020000000000000000000000000BE
:1079900000000000000000004D2501202000000034
:1079A000000000000000000000000000986D0200D0
:1079B0000300000078C5002078C50020000000000A
:1079C0000100000088C5002088C5002000000000DC
:1079D00001000000000000000000000000000000A6
:1079E0000000000000000000000000000000000097
:1079F0000000000000000000B4660200000000006B
:107A000000000000752501206D2501200070015047
:107A100000000000FFFF00003F000000FFFF00002B
:107A20003F00000000000000000000000000000017
:107A30000000000000000000000000000000000046
:107A40000000000000000000000000000000000036
:107A50000000000000000000000000000000000026
:107A60000000000000000000000000000000000016
:107A70000000000008000000FF00000000000000FF
:107A800001000000000000004CC600204CC6002091
:107A900000000000A137020098C6002090C6002018
:107AA00088C600200000000080C60020BD3802000B
:107AB000093802003D38020085380200A418012070
:107AC0003A00003AA81801203A00003AAC18012008
:107AD0003A00003AB01801203A00003AA8C6002047
:107AE0006CC6002064C6002060C600205CC6002072
:0E7AF000000000000000000000000000000088
:107B0000C4C60020C4C60020000000000000000021
:107B10000E000000D8C60020D8C6002000000000DB
:107B2000000000000E000000ECC60020ECC60020A3
:107B300000000000000000000E00000000C7002050
:107B400000C7002000000000000000000E00000040
:107B500015E015E0DEE61E2883845186025B0100F5
:107B600000C2010029CB283FEB613C985C237B8C51
:107B70000F4890F6B77267C4B007335CAE07ACE24B
:107B8000EDEDDB589252EAC0F7A501CCDE3BAFC069
:107B9000DEE6BE0F49EB1AAC2C171AB2ABFB4C95C4
:107BA0000DE19AF3854DFECF1D87D6A60D310F87C7
:107BB0003D7048781FA3230A99602FFC9472BDDEA4
:107BC0001D46B3832893866E1D7940B9B694BB8E4B
:107BD0008CAD28C06DD74911875F8FEDCD22C4C60B
:107BE000FF793525F7A5A44E4CE8301CFCAAF9977F
:107BF000444AAD285F0D32578CFE8481A3D4AE2E4B
:047C0000AD0BA6A082
:00000001FF
