:020000040000FA
:108000003DB8F396000000000002000004BA000032
:108010000000000000000000000000000000000060
:10802000FFFFFFFFFFFFFFFFFFFFFFFFFFFFFFFF60
:10803000FFFFFFFFFFFFFFFFFFFFFFFFFFFFFFFF50
:10804000FFFFFFFFFFFFFFFFFFFFFFFFFFFFFFFF40
:10805000FFFFFFFFFFFFFFFFFFFFFFFFFFFFFFFF30
:10806000FFFFFFFFFFFFFFFFFFFFFFFFFFFFFFFF20
:10807000FFFFFFFFFFFFFFFFFFFFFFFFFFFFFFFF10
:10808000FFFFFFFFFFFFFFFFFFFFFFFFFFFFFFFF00
:10809000FFFFFFFFFFFFFFFFFFFFFFFFFFFFFFFFF0
:1080A000FFFFFFFFFFFFFFFFFFFFFFFFFFFFFFFFE0
:1080B000FFFFFFFFFFFFFFFFFFFFFFFFFFFFFFFFD0
:1080C000FFFFFFFFFFFFFFFFFFFFFFFFFFFFFFFFC0
:1080D000FFFFFFFFFFFFFFFFFFFFFFFFFFFFFFFFB0
:1080E000FFFFFFFFFFFFFFFFFFFFFFFFFFFFFFFFA0
:1080F000FFFFFFFFFFFFFFFFFFFFFFFFFFFFFFFF90
:10810000FFFFFFFFFFFFFFFFFFFFFFFFFFFFFFFF7F
:10811000FFFFFFFFFFFFFFFFFFFFFFFFFFFFFFFF6F
:10812000FFFFFFFFFFFFFFFFFFFFFFFFFFFFFFFF5F
:10813000FFFFFFFFFFFFFFFFFFFFFFFFFFFFFFFF4F
:10814000FFFFFFFFFFFFFFFFFFFFFFFFFFFFFFFF3F
:10815000FFFFFFFFFFFFFFFFFFFFFFFFFFFFFFFF2F
:10816000FFFFFFFFFFFFFFFFFFFFFFFFFFFFFFFF1F
:10817000FFFFFFFFFFFFFFFFFFFFFFFFFFFFFFFF0F
:10818000FFFFFFFFFFFFFFFFFFFFFFFFFFFFFFFFFF
:10819000FFFFFFFFFFFFFFFFFFFFFFFFFFFFFFFFEF
:1081A000FFFFFFFFFFFFFFFFFFFFFFFFFFFFFFFFDF
:1081B000FFFFFFFFFFFFFFFFFFFFFFFFFFFFFFFFCF
:1081C000FFFFFFFFFFFFFFFFFFFFFFFFFFFFFFFFBF
:1081D000FFFFFFFFFFFFFFFFFFFFFFFFFFFFFFFFAF
:1081E000FFFFFFFFFFFFFFFFFFFFFFFFFFFFFFFF9F
:1081F000FFFFFFFFFFFFFFFFFFFFFFFFFFFFFFFF8F
:10820000D8910020D9BC000069060100C5BC00005F
:10821000C5BC0000C5BC0000C5BC0000C5BC00005A
:1082200000000000000000000000000001BE00008F
:10823000C5BC000000000000A9BD0000C5BC0000D6
:1082400079BF000079BF000079BF000079BF00004E
:1082500079BF000079BF000079BF000079BF00003E
:1082600079BF000079BF000079BF000079BF00002E
:1082700079BF000079BF000079BF000079BF00001E
:1082800079BF000079BF000079BF000079BF00000E
:1082900079BF000079BF000079BF000079BF0000FE
:1082A00079BF000079BF000079BF000079BF0000EE
:1082B00079BF000079BF000079BF000079BF0000DE
:1082C00079BF000079BF000079BF000079BF0000CE
:1082D00079BF000079BF000079BF000079BF0000BE
:1082E00079BF000079BF000079BF000079BF0000AE
:1082F00079BF000079BF000079BF000079BF00009E
:1083000079BF000079BF000079BF000079BF00008D
:1083100079BF000079BF000079BF000079BF00007D
:1083200079BF000079BF000079BF000079BF00006D
:1083300079BF000079BF000079BF000079BF00005D
:1083400079BF0000000000000000000000000000F5
:10835000000000000000000000000000000000001D
:10836000000000000000000000000000000000000D
:1083700000000000000000000000000000000000FD
:1083800000000000000000000000000000000000ED
:1083900000000000000000000000000000000000DD
:1083A00000000000000000000000000000000000CD
:1083B00000000000000000000000000000000000BD
:1083C00000000000000000000000000000000000AD
:1083D000000000000000000000000000000000009D
:1083E000000000000000000000000000000000008D
:1083F000000000000000000000000000000000007D
:10840000DEE61E284CBBCE8F025B00008C00000015
:1084100054B9000002000000008200000082000049
:10842000FFFF0291000000000000000000000000BB
:10843000000000000000000002000000DEE61E2830
:10844000EAAC45B8025B0000280000000310000001
:108450000100000001000000FF000000010000001A
:10846000D8910020DEE61E28EAAC45B8025B000089
:1084700028000000021000000000000001000000C1
:10848000FF00000001000000DC91002053B94AB950
:10849000002908BF00281CBF4FF0FF314FF0FF300C
:1084A00000F00CB8ADF1080C6DE904CE00F008F84E
:1084B000DDF804E0DDE9022304B07047704700BF37
:1084C0002DE9F04786468C460846089E15467446B8
:1084D0001946002B40F0C1808542B2FA82F245D99C
:1084E0004AB1C2F1200300FA02FC954094402EFAF2
:1084F00003F343EA0C0C4FEA154EA8B2230CBCFB65
:10850000FEF80EFB18CC08FB00F943EA0C43994532
:1085100028D9EB1808F1FF3704D2994502D9A8F100
:1085200002072B44A3EB0903A4B2B3FBFEFC0EFB32
:108530001C330CFB00F044EA0344A04214D92C196C
:108540000CF1FF3304D2A04202D9ACF102032C4457
:10855000241A43EA07401EB1D440002334607360FC
:10856000BDE8F0874746DDE76346F1E792BB431B72
:1085700001214FEA154EAFB2200CB3FBFEFC0EFBFF
:108580001C330CFB07F840EA0343984561D9EB180C
:108590000CF1FF3004D2984502D9ACF102002B4413
:1085A000A3EB0803A4B2B3FBFEFC0EFB1C330CFBD5
:1085B00007F744EA0344A7424DD92C190CF1FF33C5
:1085C00004D2A74202D9ACF102032C44E41B43EAD3
:1085D0000040C0E7C2F120039540944020FA03F127
:1085E0002EFA03F34FEA154E9040AFB20343B1FBAE
:1085F000FEFC0EFB1C10190C0CFB07F841EA0041B5
:10860000884522D969180CF1FF3004D2884502D977
:10861000ACF102002944A1EB08019BB2B1FBFEFCC6
:108620000EFB1C110CFB07F743EA01439F420ED9D6
:10863000EB180CF1FF3104D29F4202D9ACF10201D8
:108640002B44DB1B41EA004193E76046E3E76146C8
:10865000F7E76046A4E76346B8E7834206D916B950
:10866000002108467CE7C6E900E0F9E7B3FA83F7A2
:108670008FB9834201D3724508D8BEEB020460EB88
:10868000030301209C461EB9002169E73846FAE73A
:10869000C6E9004CF8E7C7F1200CBB400EFA07F51D
:1086A00022FA0CF42EFA0CF1BA401C4320FA0CF317
:1086B000B8404FEA144901431FFA84FEB3FBF9F8AE
:1086C00009FB18300B0C08FB0EFA43EA00439A45ED
:1086D00040D9E31808F1FF3004D29A4502D9A8F135
:1086E00002002344A3EB0A0389B2B3FBF9F809FBA8
:1086F000183308FB0EFE41EA03418E452CD9611860
:1087000008F1FF3304D28E4502D9A8F102032144B7
:1087100043EA0040A1EB0E01A0FB02984145CE4682
:10872000434602D306D14D4504D20138B9EB020EBF
:1087300068EB0403002EA7D0B5EB0E0261EB03013A
:1087400001FA0CFC22FA07F3F9404CEA0303C6E9EC
:10875000003199E74046C5E74346D9E7F0B5434BBA
:10876000434A87B0C3F800264921C3F8042641488C
:10877000C3F80826C3F80C26C3F81026C3F814263D
:10878000C3F81826C3F81C2607F03AFE07F007FACC
:1087900000F084F878B14FF05023D3F800340BB1D7
:1087A000DB0708D54921344807F02AFE02F0C4FA55
:1087B000324803F0D5F800F0ABFA054603A801F003
:1087C00001F80446284600F0B3FA2D4B1B68A3427B
:1087D00005D045212B4807F013FE07F03AFB49214D
:1087E000059A294807F00CFE039928484B7D0A7D1D
:1087F000C98A0091492107F003FE4921244807F066
:10880000FFFD4FF420314FF4004004F0C1FD044659
:1088100020B145211F4807F0F3FDFEE702A99DF8AE
:10882000100000F05FF8029B059D1D44039B1E890C
:1088300004F096FDAF1901F0D7FB01F0A7FB01F0A2
:10884000C1FB84F30B8884F30A88AB5983F308884F
:1088500084F31488BFF36F8FBFF36F8F7B689847E3
:1088600045210D4807F0CCFDFEE700BF0080015018
:108870003546526E8E2E0100A72E0100D829010028
:1088800008000020CB2E0100EE2E01001D2F01005C
:108890003B2F0100602F0100932F010073B50F4C97
:1088A000204609F01CFDB8B12569A6682B681A217D
:1088B00043F080632B6020463368094A984720467E
:1088C000736801A9984720B92B6801985840C0F3F4
:1088D0008060003818BF012002B070BD642601001E
:1088E00011000100024608B538B1054800234521B2
:1088F00007F086FD6FF0150008BD0860FCE700BFBB
:10890000B62F010021B1012906D06FF01500704784
:10891000044B53F830007047024B03EBC003586818
:10892000704700BFE02901002DE9F04F9B46FDB0E4
:108930007E4B0746DDE987893CA80E4614461D6834
:1089400004F044FDB8F1000F07D0B9F1000F04DDC9
:108950004A4641463CA804F047FD4FF000083389E1
:108960007289D6F80CA013449A44C2453ED80CA98B
:108970003CA804F03FFD899B23B1202218460CA996
:1089800007F0D2FE00232246009331464FF6FF73D4
:1089900006A807F005F9804628BB214638460B9EFD
:1089A00000F0A0F986421ED84FF0FF36DFF880A114
:1089B000DFF880910DF1120304AA05A906A807F0BB
:1089C0003DF900280FDB40F0A680059906A807F0C6
:1089D00081F910BB4FF6FF71BDF81200564A32F80C
:1089E000023B8B4217D1514B1D6898E0869BAAEB46
:1089F0000809994528BF99465A464B4641462046A4
:108A000007F00CFD0028EED14A4659463CA804F078
:108A1000EBFCC844A9E79842E1D1BDF81230102B15
:108A200017D0222B53D0012BC4D1BDF81030202BEE
:108A3000D9D8204605991CAA07F0F0FC0646002864
:108A4000D1D19DF810B0BBF1200F21D94FF0FF36E6
:108A5000B0E7BDF81070202FC5D13B4620460599E0
:108A60001CAA07F0DBFC0028BDD100F051F93A4602
:108A700080461CA90CA800F0E5F80746404600F027
:108A800057F9DAF80030BB42ADD14FF0010891E759
:108A9000D9F80030294F0393039B9E42D6DA3CA8B5
:108AA00004F094FC7A683CA8126857F8081B04F09C
:108AB0009BFC14A93CA804F09DFC5A461CA914A8D0
:108AC00007F00BFE00283FF475AF0136E4E7731C96
:108AD0003FF470AFD9F80030B342B7DDBDF81030C5
:108AE000802B80D8204605991CAA07F097FC002807
:108AF0007FF479AF00F00CF9F6B207462021BDF8FB
:108B000010301CAA00960CA800F01AF8054638464A
:108B100000F00EF99AE7B8F1000F3FF464AF00F0EF
:108B2000FFF828467DB0BDE8F08F00BF04000020AC
:108B300008000020F0290100602E0100F429010046
:108B40002DE9F04796B016461D469DF87820384B23
:108B5000074653F8321003EBC2035B6801911868B3
:108B6000DFF8D0800144302302AA01A8D8F8009091
:108B700007F0CFFA002851D1DDE901431C4421461A
:108B800006AB03AA01A807F0ECFA002846D1049A24
:108B9000072A43D12849059807F09FFD00283DD1B9
:108BA000079A082A3AD12549089807F096FDA8BBEC
:108BB000214602AA01A807F0C0FA78BBDDE901A3AB
:108BC0000AEB0302944229D1412B27D135443023AB
:108BD000294603AA02A8029607F09BFAE0B9DDE94C
:108BE000023213449D4217D32A4602A906A807F071
:108BF0007FF888B92A4602A90EA807F079F858B973
:108C00009AF80030042B07D12021384606AB0AF130
:108C1000010204F0F5FB38B1D8F8009000F080F8BC
:108C2000484616B0BDE8F087054BD3F80090F5E74D
:108C3000F429010004000020E52F0100DC2F0100D1
:108C40000800002070B5094B04461D6800239342BC
:108C500005D1074B1D6800F063F8284670BDE65C3F
:108C6000C85C8642F7D10133F1E700BF0400002061
:108C700008000020094A40000B7852F820108B426F
:108C800009D0013052F82000834214BF4FF0FF306A
:108C90004FF4C06070474FF4C0607047FC2901007A
:108CA0001FB5582303FB0100046A1023A1686A461C
:108CB0002046103907F0B2FB034640B12278452127
:108CC000064807F09DFB0024204604B010BD10228A
:108CD0006846034907F001FDF6E700BFED2F0100EC
:108CE0007E2E010013B508460C4607F032F86A469E
:108CF0000146204606F03AFF30B10448452107F00E
:108D00007FFB002002B010BD0098FBE71930010086
:108D1000024B1868421C1A60704700BFF003002025
:108D2000024A1368013B1360704700BFF003002044
:108D3000034B1B68834201D007F08BB8704700BF1C
:108D4000F0030020034637B54FF40072084693F84D
:108D5000B84013490192620051F82250A8420ED146
:108D6000582101FB043201FB0434526A283401A962
:108D700007F0C6FB08B9019B236003B030BD013288
:108D800051F82220904208D1582101FB043201FB06
:108D90000433126D03F15404E9E70120EDE700BF4D
:108DA0000C2A010070B590F8B850104E6D0056F8BE
:108DB00025100446FFF7C6FF98B9013556F825106F
:108DC0002046FFF7BFFF054668B9582294F8B8302F
:108DD00002FB0343186A07F063FBC4F8B40028469B
:108DE00070BD0125FBE70925F9E700BF0C2A01004A
:108DF0002DE9F04F4FF02C095825044609FB01F9E5
:108E000090F8B8A085B005FB0A9303441E6A0F468C
:108E10003046904607F04BFB94F8B83015FB0395AD
:108E200025446B1E033513F8012F82422ED19D423B
:108E3000F9D1F7B13146204607F075F898F80730B8
:108E4000042B10D1582294F8B830204602FB03437B
:108E5000196A07F068F860B9492194F8B8203148D8
:108E600007F0CEFA05E094F8B80004F09BFB042864
:108E7000E8D02D4B1C68FFF753FF204605B0BDE836
:108E8000F08F2A4B1C683DE0294A47E058212C22EC
:108E900001FB0AF302FB0733E5182869C206C8D4B0
:108EA000E258244B9A42ECD1EA682B899B18E8D20D
:108EB0006A89D218E5D2B3689A42E2D240F60C6BC6
:108EC00010EA0B0BDDD1FFF723FF0546FFF720FF6C
:108ED00058214FF480730AFB0191804621443246A9
:108EE00000932046144BCDE902BBCDF804B0FFF748
:108EF0001BFD04464046FFF71BFFFFF711FF284606
:108F0000FFF716FF0D4B1B68A342B4D0002FBBD058
:108F1000B2680021304607F0ABFA094A45210948FA
:108F20009EE700BF66300100000000200400002022
:108F3000543001003DB8F3969255002008000020FF
:108F40005C300100A530010073B50D4600210446D8
:108F500090F8B8202846CDE9001106F0D5FF58B3A7
:108F600058235A43234EA358B34203D1204601AAA3
:108F700006F017FF582294F8B83002FB0343DB6A6F
:108F8000B34204D16A460121204606F00AFFDDE91A
:108F90000032934288BF0193019BAB6094F8B860A4
:108FA000154B9B5DBBB1012E1AD12046294600F01E
:108FB0009FFF304601F09CFA11462046FFF770FEF5
:108FC000064605F1080106F0CFFEAB683046019376
:108FD00007F023FAE2E729462046019A00F072FEE4
:108FE000064B1A68002A03DD5721054807F008FAE6
:108FF00002B070BD3DB8F39694560020C0480020E2
:10900000CD3001007FB51B4B90F8B82006460D46C9
:1090100013F8320001A901F0ADFC40BB019806F045
:1090200098FED6F8B4100446284606F0ECFF044437
:10903000019807F035FA0646019807F038FA082239
:1090400001460DEB020007F07AFB2B7921468DF8E3
:1090500008300198334602AA07F0F5F9041E01987A
:1090600018BF012407F0D9F9204604B070BD0124CF
:10907000FAE700BF0C2A01002DE9F84F8846914617
:109080009A460026DFF868B01A4C1B4D0B9B9E4297
:1090900001D300200FE00B9B40469F1BB7F5806F6C
:1090A00028BF4FF48067124A3B4606EB0A0107F0DF
:1090B000B5F910B10120BDE8F88F0A993B465A4630
:1090C0004846711807F0BFF90028F3D1C4F80056DC
:1090D0003E44C4F80456C4F80856C4F80C56C4F804
:1090E0001056C4F81456C4F81856C4F81C56CDE7E8
:1090F000F4030020008001503546526E2DE9F04FF8
:109100004FF0000B04460D4695B0DFF89892DFF85B
:1091100098A2CDF808B0BBF1010F84F8B8B029D9F6
:109120000026A24F17F8011B012918D13046FFF77E
:10913000E9FB0EA9C0B201F01DFC0346002840F077
:10914000E9810E981946826807F092F903460028D3
:1091500040F0E08132464521954807F051F9002E54
:1091600000F0D681029B002B00F0408200212C27CA
:109170005826DBE104EB0B0292F8B960002E46D1D1
:109180004FF0580808FB0B4109EB0B324A6202F51D
:1091900000520A6531465846FFF7B4FB202394F885
:1091A000B810074618FB01312C2303FB0611C0B28F
:1091B000214401F0DFFB48B15B463A464521CDE949
:1091C00000607C4807F01CF906F043FE01277EB1E1
:1091D0002046FFF7E7FD064660B90022204611460B
:1091E00006F068FEC8B1572194F8B820724831E003
:1091F0003E46CFE74FF400725721704807F000F960
:1092000094F8B830012E234483F8B070E5D194F877
:10921000B83001335FFA83FB7DE7204606F008FF94
:10922000002807DD012294F8B8300AF833200AEB51
:10923000C3035860204606F0F9FE68B10AA806F09C
:109240005AFE0146204600F03FFB60B1572194F8DA
:10925000B8205B4807F0D4F8012294F8B8302344D2
:1092600083F8B020D3E70AA806F04EFE80F0010193
:109270000AAA2046C9B206F01DFE02460028B2D155
:109280000AA806F041FE039000284CD194F8B830AB
:109290005BBB20460AA9FFF757FE94F8B8009DF87B
:1092A0002F30221882F8B030033B012B08D800F091
:1092B00065FB28B1FF2294F8B830234483F8B0202E
:1092C0009DF82F3094F8B800023B022B1ED800F016
:1092D0003FFBD8B1FF2294F8B830234483F8B02084
:1092E0004521384807F08CF8FEE794F8B020042AAE
:1092F00004BF012284F8B020012BCAD094F8B13009
:10930000042BC6D1012384F8B130C2E794F8B830F9
:10931000234493F8B030FF2BE2D0002220461146C0
:1093200006F0C8FD98E79DF82FB0BBF1010F40F0A3
:10933000D580582194F8B830234F0792FA5401FB96
:109340000343224AD96AD3F84C80914278D1998E4E
:109350000423404607AA194407F060F8C0B34FF051
:10936000050894F8B830234483F8B08094F8B830F6
:1093700073B1E21892F8B020012A3FF448AF042AF2
:109380000DD094F8B020042A02D1012284F8B02034
:10939000234493F8B030023B022B3FF638AF039BD7
:1093A000029334E7F4070020F4470020925600208F
:1093B00019320100FC3001008B31010049310100FC
:1093C000B7310100E1310100945600203DB8F39619
:1093D00094F8B800AE4E012851D1327802B93070FD
:1093E000325C0AB9012232540021FFF78BFA0EA930
:1093F000C0B201F0BFFA83460028B0D10799A1F5A9
:10940000E032B2F5A03F40D894F8B8204FF0010800
:10941000002AA6D007F802800E9A5268B2F5004FD3
:1094200002D0B2F5E03F03D1012194F8B820B9543D
:1094300094F8B8200221012A4CD131700221B15494
:1094400094F8B80004F0AEF8831E022B804688D84A
:10945000FFF75EFC012107460AAA2046FFF7C8FC79
:1094600083463846FFF764FC8A4B1B689B453FF4F4
:1094700078AF894B1B689B457FF471AF27E072780A
:10948000024308BF86F801B0AAE7A1F50042B2F591
:10949000A03F14D84521814806F0B2FF5946D8F8BC
:1094A0000820404606F0E4FF452194F8B8207C48A7
:1094B00086F800B086F801B006F0A2FF4FE70E98DC
:1094C0004268914203D3806802449142A4D94FF08C
:1094D000010846E7002AB1D17170AFE7FFF718FC29
:1094E000012107460AAA2046FFF782FC804638463B
:1094F000FFF71EFC674B1B68984518BF052294F8C0
:10950000B83008BF9DF82F20234483F8B0202DE702
:10951000012607E632464521624806F071FF1EE645
:10952000631893F8B92032B10131C9B2012984F826
:10953000B810F5D95AE093F8B0300EA803F0FB0349
:10954000013B18BF01237B4306FB013216FB0131AF
:1095500001232244D2F82080214400934246402334
:1095600006F01EFB002878D100230DF1160206A993
:109570000EA806F063FB002838DB6BD1BDF816306F
:109580000C2B6CD14046069907AA06F047FF68BB32
:109590009DF81C30012B29D8E21892F8B0207343B3
:1095A000023A022A8CBF0022012207FB0233234425
:1095B000197D9DF820209142D6D80AD3597D9DF877
:1095C00021209142D0D804D3DA8ABDF822309A42C1
:1095D000CAD294F8B830234493F8B020012A37D087
:1095E000023A012A02D8012283F8B0200022FF2685
:1095F000012A84F8B82037D90023264EDFF8A88046
:10960000254F0E93012B84F8B83040F284800E9BD6
:10961000022B01D006F01DFC94F8B930002B40F06D
:10962000C480582606FB034284F8B830106A06F05E
:109630009BFA287194F8B83006FB03431B6A5B68F9
:10964000AB6094F8B83003FB06462E60114B7EE009
:109650000422C9E794F8B81066E70328C6D140F29F
:109660000113A4F8B030C1E7A11891F8B930002B6C
:109670004CD10AA806F03FFC91F8B030042B8DF8CD
:109680002F3013D8012B17D833D081F8B06030E0D9
:10969000925600200800002000000020ED3101005B
:1096A000193201004432010004000020052BECD1E6
:1096B000104600F063F912E020460AA9FFF744FCC7
:1096C00094F8B800231893F8B030DA1E012A0ED8A7
:1096D00000F054F920B994F8B80000F039F940B11D
:1096E000FF2294F8B830234483F8B02001E0022B25
:1096F000F1D094F8B830234493F8B030FF2B05D163
:1097000045212E4806F07CFE06F0A3FB94F8B82015
:109710000132D2B26CE7234493F8B9208DF81C20B3
:109720009DF81C1001F0FF0239B10E9B01330E931E
:1097300094F8B8300133DBB264E793F8B030012B12
:1097400007D01146204606F0B5FB10B11C4B1D6832
:109750001BE094F8B830012BE7D0FFF7D9FA0022CC
:10976000824611462046FFF743FB81465046FFF7ED
:10977000DFFA3368994506D1D8F80030994502D010
:109780003B689945D1D1D8F80050102200210AA891
:1097900006F0D5FF204606F06FFBFFF7C1FA28461A
:1097A00015B0BDE8F08F01233BE794F8BA30002BE9
:1097B000F9D0022384F8B83048E700BFE131010056
:1097C0000400002070B50B4E0446BC220021304638
:1097D00006F0B5FFFFF79CFA214605463046FFF735
:1097E0008DFC04462846FFF7A3FAFFF799FA2046B6
:1097F00070BD00BF044800202DE9F8432E4F3B7890
:1098000033BB3C7A24BB2D4DDFF8B480012C85F8A6
:10981000B84015D8582606FB045208EB0433002143
:109820005362204603F500531365FFF76BF895F874
:10983000B810C0B206FB0151203101F09BF850B1C5
:109840001E4806F019FBBC2200211C4806F077FFD9
:109850001948BDE8F88301212046FFF753F895F831
:10986000B810C0B206FB01514C3101F083F800285A
:10987000E6D195F8B860DFF84C907600284659F8A4
:109880002610FFF75FFA88B9013659F826100B4801
:10989000FFF758FA50B9094806F0CAFB0028C1BFC3
:1098A000012307F8343007EBC404606095F8B84032
:1098B0000134E4B2AAE700BFF447002004480020C6
:1098C000F40700200C2A010073B50D46064600F08F
:1098D0003FF90446E86078B3022832D196F8B82000
:1098E0001A4B01A913F8320001F044F858BB2A467C
:1098F0003146019800F0C4F80446D0B9019807F049
:10990000D2FE012301460DF10302019806F086FD07
:109910000446A0B9012201980DF1030107F0D7FE1A
:1099200010B101238DF803309DF8033003F00F03CD
:10993000EB71019806F071FD204602B070BD012464
:10994000F7E70724F8E70124F6E700BF1C2A010027
:1099500013B5094B01A913F8300001F00BF848B911
:10996000019807F04BFF0446019806F056FD20468B
:1099700002B010BD0124FAE71C2A01001FB50F4BED
:1099800001A913F8300000F0F5FFA8B9019802A969
:1099900003F0B2FD044668B99DF80B30032B03D1E8
:1099A000019807F0F9FE0446019806F036FD2046BE
:1099B00004B010BD0124F7E70124F8E71C2A0100D8
:1099C0002DE9F34105460C4617461E460BB900210A
:1099D00027E0184606F098FA0028F8D1284695F8AE
:1099E000B810FFF75DF918B9012002B0BDE8F081A9
:1099F00001A906F0B9F90028F6D10199284606F028
:109A0000F3FA582295F8B83002FB03535B6A5968A1
:109A10007379012B1DD1002CD9D13368834298BFB3
:109A20000021582295F8B83053432C2202FB04330E
:109A30001D443A462023286A06F0F0FC0028D3D1C2
:109A4000002ED2D038680D4BC01A18BF4FF0FF302F
:109A5000CBE7022BBBD13368012B05D98342B6D8A3
:109A6000B4FA84F46409B2E7B1D1002CD9D0012C46
:109A7000ADD13479023C18BF0124A8E73DB8F39674
:109A80002DE9F04F0C460746014685B094F8B80022
:109A90001646FFF7EFF8051E53DB3846D4F8B440FE
:109AA00006F057F95FFA84F94FF0000A4FF0010B06
:109AB0004FF0FF346B1E09FB0308A5B9BAF1010F83
:109AC00003DD4521214806F09BFC631C07D0B4F55B
:109AD000007F2ADA40F2011301343460B380284653
:109AE00005B0BDE8F08F6B1E009341460123384658
:109AF0000DF10F0206F092FC031E019323DB0122FD
:109B000038460DF10F0107F0E2FD019B40B15B45C6
:109B100001D00AF1010A9B46009DA8EB0908CCE799
:109B2000B4F1FF3F08BF2C46F5E70223A4F500740B
:109B30007371631004F00104013301343360347134
:109B4000CDE70725CBE70125C9E700BF7B32010040
:109B5000582330B590F8B85089B003FB050304468C
:109B600004A9186A03F0C8FC9DF81020012A43D00C
:109B7000264B2749032A08BF0B469DF8132049218D
:109B800002929DF81220234801929DF81120009224
:109B9000214A06F035FC582303FB054406A9E06C76
:109BA00003F0AAFC9DF81820012A27D0174B18496A
:109BB000032A08BF0B469DF81B20492102929DF8FD
:109BC0001A20144801929DF819200092134A06F0B9
:109BD00017FC9DF81030012B12D19DF81230032B89
:109BE0000ED19DF81830012B0AD00D48492106F0FE
:109BF00007FC022009B030BD0A4BBEE7094BDAE78B
:109C00000948492106F0FCFB0020F3E79E320100E1
:109C1000A7320100BB320100AD320100FC3201006D
:109C20000C330100A23201002B33010070B54B68E8
:109C300014461E4A03F0FF23934206460D4686B0A3
:109C40002FD10B68012B2CD1204604A903F054FC22
:109C50009DF81020012A26D0154B1649032A08BF6B
:109C60000B469DF81320492102929DF812201248BC
:109C700001929DF811200092104A06F0C1FB9DF858
:109C80001030032B0DD12146304606F04CF920460A
:109C900007F082FD2046A96806F074F8204603F01C
:109CA0000BFC06B070BD064BDBE700BF00010004F3
:109CB0009E320100A7320100BB320100FC320100DC
:109CC000A23201002DE9F04F04461646582789B00C
:109CD0000D468248492106F093FB3146204606F0A6
:109CE00083F994F8B830834607FB03435B6A284640
:109CF0005E6806F009F910B3D4F8B40006F024F851
:109D000094F8B83007FB03439F6A0023013F3344B4
:109D1000984201D9013FFAE7BB4510D3572170485B
:109D200006F06EFB07FB06F357210BFB06626D483E
:109D300006F066FB0123EB7109B0BDE8F08F94F8E3
:109D4000B830DFF8A4815F0018F8330006A90137A6
:109D500000F010FE07A918F8270000F00BFE2946B6
:109D60002046079AFFF762FF6B79012B50D15F46BF
:109D7000DFF878A146E02A68C2F101035B449F4204
:109D80003FD8582194F8B830012A01FB03435B6A9D
:109D9000196853F8370003EBC70353F8083CA0EBEE
:109DA0000109A3EB0103049311D1079B0393EB6813
:109DB000022B08D04146204606F0B5F82A46414617
:109DC000204606F0EDF82046039906F0ACF832463E
:109DD0004946404606F0A5F8049B424641462046C7
:109DE000CDE90096FFF748F929462046FFF70AF922
:109DF0002B6801332B6020B1DAF800300133CAF848
:109E00000030013FDDF81880002FB4D101232B6012
:109E1000022301276B71BB45DDF8189006D2484636
:109E200006F0FBFA079806F0F8FA85E72B689F42E0
:109E300052D3582394F8B820DDF81CA003FB02424B
:109E4000516AFB0051F83700126D04900868083B16
:109E5000C9580390D0581368A0EB03082B79012B45
:109E600038D1039B3246C91A4846059106F059F885
:109E7000059943464A460091204651460196FFF710
:109E8000FBF829462046FFF7BDF802232B7118B1D5
:109E9000164A13680133136032464146504606F0B5
:109EA00040F8DDE9032349469B1A20465246CDE996
:109EB0000086FFF7E1F829462046FFF7A3F82B6854
:109EC00001332B6001232B7130B1084A1368013331
:109ED000136001E0022BDFD001379CE74233010021
:109EE0006B3301009A3301002C2A0100C048002086
:109EF0007FB5044649211E4806F082FA5822002503
:109F000094F8B83002A902FB03431B6D07205E687A
:109F100000F030FD94F8B820164B03A903EBC20300
:109F2000187900F027FD02980021826805F0F9FFFA
:109F3000029A039993682046019300952B46FFF7F8
:109F40009BF80399204605F0EEFFDDE902309A68A0
:109F5000836832449A4228BF1A46294605F0E1FF39
:109F6000029806F05AFA039806F057FA04B070BD4A
:109F7000CB3301003C2A01000A4619B1024B0021F3
:109F80001B681847704700BF0C000020BFF36F8F9D
:109F900072B600234FF0FF30094A03F1200101336C
:109FA000102B42F82100F8D100234FF0FF30044A73
:109FB00003F160010133102B42F82100F8D1704702
:109FC00000E100E0002318460649D1F89020C2F3D2
:109FD0000722934200DB7047C1F89830C1F8A00017
:109FE0000133F6E700ED00E02DE9F8434FF0FF35CF
:109FF00001274FF00008204BDFF880905F60C3F826
:10A000004853C3F8085303F580535F60C3F84853BF
:10A01000C3F8085359F8044B002644F30730C4F83A
:10A02000085301F00DFF80226760C4F84C61D4F83A
:10A030004C31C4F81061D4F81031C4F84461314691
:10A04000D4F84431A018C4F8006506F078FB8022EB
:10A05000314604F5C07006F072FBB8F1000F08D06D
:10A06000074BC3F808554FF05023C3F80853BDE819
:10A07000F8834FF00108CDE700400150502A01005D
:10A0800000700150014B1B68184700BF10000020F2
:10A0900007B50B46002102460091034800F006F880
:10A0A00003B05DF804FB00BF85A000002DE9F04F70
:10A0B00082464FF000098DB01D46531E0191039357
:10A0C000039B58785C1C252819D100204FF0FF38DD
:10A0D0001E464446034602360290317803963929DB
:10A0E00055D81F2914D8002900F0EF8101992520A7
:10A0F000D04701993078D04709F10209E0E70028FC
:10A1000000F0E3810199D04709F101090394D7E7F1
:10A11000A1F12002192AE9D801A757F822F000BFBF
:10A1200089A10000EDA00000EDA0000089A10000C1
:10A13000EDA0000009A20000EDA00000EDA00000CD
:10A14000EDA00000EDA0000055A2000089A10000D4
:10A15000EDA0000069A2000015A20000EDA0000023
:10A1600023A2000043A2000043A2000043A200007B
:10A1700043A2000043A2000043A2000043A200004B
:10A1800043A2000043A2000008460136A5E7582973
:10A1900000F0EB80A1F16302D7B2172FA6D8172ADF
:10A1A000A4D801A757F822F011A400008FA2000044
:10A1B000EDA00000EDA00000EDA000006FA20000E7
:10A1C0008FA20000EDA00000EDA000006FA2000033
:10A1D000EDA00000EDA00000EDA0000045A30000F0
:10A1E000EDA00000EDA00000E5A30000EDA0000040
:10A1F0008FA20000EDA00000EDA0000045A300002C
:10A20000EDA000006FA2000025200199D04709F1C0
:10A21000010955E7029A4FF0000802F0FE0202928F
:10A22000B3E7002C0DDAB8F1000F0DDA029A002A1C
:10A2300000F043810A2224EAE47402FB0414303C57
:10A24000A3E7B8F1000FF5DB0A2202FB0812A2F126
:10A2500030089AE7B8F1000F55F8042B80F22F81EF
:10A26000002A80F22E815442022202928DE7682950
:10A2700003D1682B06D1482387E76C2902D16C2BC8
:10A2800000F02181002B7FF431AF0B467DE77A2B64
:10A2900006D1752955F8046B14D14FF0000B0CE072
:10A2A0006C2BF6D04C2BF4D1073525F0070375291C
:10A2B00003F10805D3E9006B06D120283BD1854F77
:10A2C000013C09E04FEAE67BBBF1000FF5DA76428C
:10A2D000814F6BEB4B0B013C0DF12D0305930023DC
:10A2E0000493304659460A220023FEF7CFF8059B17
:10A2F000B446303203F8012D5A460593049BBCF155
:10A300000A0F8B4672F1000203F1FF3106460491F9
:10A31000E7D2C3F1010B30330DEB0306B8F1000FA8
:10A32000A6F104066DDA029BD9077DD4A8EB0B03D6
:10A33000A4EB0B0413E02B280ABF684F684F04F10D
:10A34000FF34C9E770290FD155F8042B0023FAB95F
:10A350006FF004034FF0050B614F624E053C029A0B
:10A36000920770D4A04666E078216C2B03D10023BD
:10A3700055F8042B08E04C2BF9D1073525F00703DD
:10A380001D465B6855F8082B232825D1880621D562
:10A39000554F023C002601F06001A1F1390B0DF18F
:10A3A0002D0E02F00F01092988BF594430310EF8F3
:10A3B000011D102A4FEA121141EA03714FEA131CE2
:10A3C00073F1000306F1FF3008D2C6F1010B06F16C
:10A3D0003003A1E7454FDCE7414FDBE706460A467D
:10A3E0006346DEE755F8046B304606F06FF9B8F1C6
:10A3F000000F834602DB4045A8BFC3464FF000086C
:10A40000374FA8EB0B03002B92DDA4EB0804A6E763
:10A4100055F8043B4FF0010B8DF81830304F4FF0DA
:10A42000FF33013C06AE9AE7A046EAE702932020FC
:10A430000199D047029BB8F10108F7D524EAE472EC
:10A44000013C9144A41AB84606E004930292019993
:10A45000D047029A049B9046424612F8010B00280E
:10A46000F3D11A46013A15D5002BACBFC7EB030751
:10A470007F425B46013B15D5BBF1000FA8BF5F448F
:10A4800026464F44013E14D5002CA8BF3F1907EBC8
:10A49000080915E60493029230200199D047049BE5
:10A4A000029ADFE70293019916F8010BD047029B4D
:10A4B000E0E701992020D047E4E70122D5E6904665
:10A4C00063E6144661E64C235FE648460DB0BDE8FE
:10A4D000F08F00BF513401004F34010053340100AC
:10A4E000183001005B34010055340100583401007C
:10A4F000044608B5EFF31183202383F31288BFF3DA
:10A500006F8F02F02DFF204601F074FD024805F028
:10A5100088FE06F0BFF8FCE7613401002DE9F04346
:10A52000079D15B91560002012E00324B5FBF4F473
:10A5300004EB4407BD4218BF0134B4F1804F09D287
:10A54000A40001348C4200D838B96FF00B001460BD
:10A55000BDE8F0834FF0FF34F7E704460021DFF851
:10A56000B4E0B94203F1030C04F104062BD3A94271
:10A57000274623D201F1010CAC451F7828BF0023E8
:10A5800024494FEAA70E38BF5B7811F80EE0AC45BE
:10A5900084F800E001EB131E2EBF3D239B0003F067
:10A5A0003C034FEA071738BFCB5C07F030071EF8B3
:10A5B0000770A3703D2367703746E3700023381A95
:10A5C00010603B70AFE71CF8034C1CF8023C4FEAEC
:10A5D000A4091EF8099024011CF8018C04F0300431
:10A5E00006F8049C0EEB131919F804409B0006F8BA
:10A5F000034C03F03C030EEB9814E35C08F03F08B7
:10A6000006F8023C1EF80830344606F8013C0331D7
:10A610006346A6E70A3501002DE9F04300273C46D2
:10A620003D46DDF81CE0DFF8288175451FD3E4BB0B
:10A6300000201460BDE8F0830136764533D013F86E
:10A6400006C0BCF1200FF7D0AEEB0609B9F1010F3F
:10A65000A6EB05050DD0BCF10D0F0AD103EB0609E1
:10A6600099F80190B9F10A0F6ED1751CDDE72E46FD
:10A67000E3E7BCF10A0FF8D02DB9BCF13D0F05D1CD
:10A680000137022F0DD96FF01500D3E71CF0800FB2
:10A69000F9D118F80C507F2DF5D03F2D01D8002F9F
:10A6A000F1D10134E1E73546C1E74FF0060C04F083
:10A6B0000706E4080CFB06F60CFB04F40736E41B63
:10A6C00004EBD60470B18C420CD800270146032657
:10A6D0003C46DFF87CE0DFF87C801D449D4205D1DC
:10A6E0000C1AA5E76FF00B001460A3E713F8019BA9
:10A6F000A9F10A0C5FFA8CFCBCF1160F04D848FAD9
:10A700000CFC1CF0010FE9D01EF809C00134BCF1AB
:10A71000400F08BF013E0CF03F0C042C4CEA871799
:10A72000DCD17EB13C0C012E0C7002D10131002431
:10A73000D4E7022E4FEA17244C7016BF8F700231F7
:10A740000331F4E73446C9E7002DA2D09BE700BFF0
:10A750008A340100F6FFBFFF2DE9F047058B044660
:10A760002807904611D4022905F0070540F0CC8057
:10A77000204605F06DFD78B10138218B042811D8F1
:10A78000DFE800F0C2106D85950001290CBF45F08F
:10A79000100545F02005258388F31188BFF36F8FDE
:10A7A000BDE8F08701F0070AAA4500F0A580002760
:10A7B000B9463E46A368002B00F0BC8041F008017A
:10A7C000218388F31188BFF36F8FA168002900F0FF
:10A7D000BA800D68002900F0B68033465246204604
:10A7E000D1F80480C047002D76D02B6829461D463D
:10A7F000F0E701F007035A1F012A1BD8002221F0BD
:10A800000701062B276889B2C4E9002209D13B461B
:10A8100003E0628B013262831B68002BF9D141F0A7
:10A8200002012046218305F013FD00287AD041F073
:10A83000200176E0042B0AD121F0070189B22046DD
:10A84000218305F005FD10B141F020012183218B0A
:10A8500001F0070AAA454FD00027B946AAE72369A5
:10A8600021F0070141F00601062DD3F80090218365
:10A870002DD1B9F1000F3FD041F00801218388F3B9
:10A880001188BFF36F8F20463949C84729E021F06E
:10A890000701236941F0040189B2042DD3F8049023
:10A8A0002183E6D000274FF0040A3E4682E721F0DC
:10A8B0000701236941F0050189B2052DD3F80890FD
:10A8C0002183D6D000274FF0050A3E4672E70027C5
:10A8D0004FF0060A3E466DE72B4687E7B9F1000FB9
:10A8E000D1D1EFF31188202383F31288BFF36F8F48
:10A8F000238B23F008032383258BEA062ED525F02E
:10A900001003238305F007056669218B002EBFF62F
:10A9100070AF00232768C4E9003321F0070141F03C
:10A9200001012183218B4FF0000901F0070AAA459C
:10A930007FF440AF002F9CD041F00801218388F3C1
:10A940001188BFF36F8F002FC8D03D68394633465A
:10A950005246204605F0A8FC2F46F4E7AB067FF5EB
:10A960001BAF25F02003238305F0070500E700BF98
:10A97000D502010070B5104B0D461C68B4B10F4BE9
:10A98000196800238B4202DB6FF0010070BD224684
:10A9900012F8106B864202D014460133F2E7E068E9
:10A9A00007F09DFC28B100202C60EFE76FF00C0051
:10A9B000ECE76FF01200E9E714000020582A0100CC
:10A9C00010B5436888B0029383680C46CDE9033222
:10A9D00000230A68C068CDE90623054901AA05934A
:10A9E00005F085FF079808B9059B236008B010BDE6
:10A9F000BD04010008B5054805F013FC044805F046
:10AA000010FCBDE80840034805F00BBC4A350100C6
:10AA100082350100B5350100014804F0EDBE00BFEC
:10AA2000CC2B010038B5044618B90F4B0F485B68B2
:10AA300098476168B1F5683F10D0B1F5680F0DD047
:10AA40000B4DA9420AD011F46861206807D0014675
:10AA5000084807F09FFC00232360656038BD14227E
:10AA600005F06DFEF9E700BF6C010020E335010041
:10AA70002C5F5CA9C44D002008B500B34368B3F552
:10AA8000683F0CD101220368D3E8EF1F002903D1EE
:10AA9000C3E8E02F0028F7D10DD1002008BD094AF6
:10AAA00093420AD000684FF0FF324FF0FF3304F0BA
:10AAB00023F80028F1D00448F0E70448EEE76FF4EB
:10AAC000E040EBE72C5F5CA9E98FFFFFEA8FFFFF17
:10AAD00008B5B8B14368B3F5683F0CD100220368EC
:10AAE000D3E8EF1F012903D1C3E8E02F0028F7D1F5
:10AAF0000BD1002008BD074A934208D0006804F03B
:10AB000073F8F6E76FF4E040F4E70348F2E7034830
:10AB1000F0E700BF2C5F5CA9E98FFFFFEA8FFFFF22
:10AB200010B5044618B91D4B1D485B68984763680B
:10AB3000B3F5683F2FD0B3F5680F2CD0194A934274
:10AB400019D1236803BB4FF0FF324FF0FF3321468A
:10AB5000154803F0A3FF08B923681BB90F4B13482E
:10AB60005B68984714220021206805F0E8FD4FF447
:10AB70006863636008E0B3F5683F0DD83A2B03D0F3
:10AB800040F6BA629342DED1206807F04DFC63685C
:10AB900043F03A03636010BD054AF3E76C010020FF
:10ABA000E33501002C5F5CA9C44D0020093601008B
:10ABB0003A00003A08B5064940231422054807F038
:10ABC000DBFBBDE808400449044804F087BE00BF31
:10ABD000C4480020C44D0020D42B0100E82B010004
:10ABE000F7B5254E30688368DB6B03B19847306852
:10ABF0008368DB6A002B31D1204C214D306883689B
:10AC00001B69002B2DD001220DF107019847012867
:10AC100027D1236843B92B682BB369681A688B4224
:10AC20002A6000D16A602360164A9DF807001188E7
:10AC30007F2904D823684F1C0B44178018720A28F8
:10AC4000DCD1002023681188186059600E494D68D6
:10AC500075B9C1E9003310802060CEE7984700281D
:10AC6000CAD103B0F0BD4521084805F0C9FBF8E79B
:10AC70002B604B60EFE700BF38520020E04D002012
:10AC8000F04D002090550020E84D002036360100A0
:10AC900010B5044B044618688368E1B25B689847B6
:10ACA000204610BD38520020F8B505461646084625
:10ACB000EFF31187202383F31288BFF36F8F1B49B3
:10ACC0000B684BB11A4C62689A4205D000221A6098
:10ACD000626862B9C4E90033164A136853B987F34E
:10ACE0001188BFF36F8F18460B603360F8BD136097
:10ACF0006360F1E7D2F804C01C686345146008BFC4
:10AD0000546087F31188BFF36F8F5C680B60A042BB
:10AD1000D8BF00F1FF3403F108012246284605F0B0
:10AD200003FD0023601C2B550123DEE7E44D0020CA
:10AD3000F04D0020E84D0020002313B51C462049AB
:10AD4000204AC1E90033C2E900331F4A4868146051
:10AD500020BBC1E900220133082B02F18802F5D1A2
:10AD60001A4C1B48206007F0BAFA28B320688368A1
:10AD700023B11B6C13B100221649984720688368E1
:10AD8000DB6A0BB1984760B1206883681B69002BB0
:10AD9000FAD001220DF107019847F4E702604A60FA
:10ADA000D9E700220C4B20681A8083681B6A03B124
:10ADB0009847002002B010BD4FF0FF30FAE700BF07
:10ADC000F04D0020E84D0020F84D002038520020C2
:10ADD0008C260100E1AB00009055002041F20443B5
:10ADE0002DE9F043ADF21C4DADF8083040F60613E6
:10ADF0000025ADF80C30DFF81091444BD9F8001065
:10AE00001B68434E4D70A3EB06080B7828465A1C6E
:10AE100062F302030B7098FA98F34B808B88082238
:10AE20005BBA8B8005F0E7F931464246ADF8100079
:10AE300005F0E1F902271FFA88F440BA04F10A0389
:10AE40005BBA0222ADF810000DF1120106A8ADF8B0
:10AE5000123005F069FC0822D9F800100DF11A0033
:10AE6000ADF8127005F060FCBDF8120006AB0830BA
:10AE700080B231464246ADF81200184405F054FC49
:10AE8000BDF812303A461C44A0B22C4606ABADF8D1
:10AE9000120004A9184405F047FCBDF8123040F236
:10AEA00049213B449BB2ADF81230009305AA06AB92
:10AEB00073A8FFF733FB059B164E174FADF8123002
:10AEC000BDF81230A34203DC0DF21C4DBDE8F08347
:10AED000336802215B68A4B903A89847BDF81250F3
:10AEE00033682D1B7C2DA8BF7C2573AA1019294619
:10AEF0005B6898473368012138465B682C44984763
:10AF0000DEE702A8E9E700BF9C520020545200206F
:10AF100096560020A05200201730010038B5054693
:10AF20000A4C0A21204607F0A4F9022220460849CB
:10AF300007F092F92946204607F06BF920460A21CE
:10AF400007F09FF9BDE83840FFF748BF5452002092
:10AF50007436010073B583680C469A420646114662
:10AF600013D2944213DC6A4604F000FE68B9DDE9AE
:10AF700000351D442A1B2146304605F079FA024669
:10AF800040B14521044805F03BFA6FF01504204616
:10AF900002B070BD2C46FAE7773601002DE9F04784
:10AFA0004FF0FF34D4B00B4605940694079401216A
:10AFB00000240AAD0246C5E9004430A80091CDE95D
:10AFC000014404210894099406F017FE402221460A
:10AFD00020A805F0B4FB8B4B03211C93052304220E
:10AFE0001D93894B0DF11809CDE91E39874B88480F
:10AFF0002193884B05AFCDE92335874B07AE2693C8
:10B00000864BCDE92B01CDE92836CDE92D372791A7
:10B0100009AB1CA930A8229205F0CAFA20B3032478
:10B020000A217F4807F025F97E4902227C4807F073
:10B0300013F921467A4807F0ECF84CB97449032219
:10B04000774807F009F9784B7548196807F0EBF86D
:10B050000A21734807F015F9FFF7C0FE089805F0BC
:10B06000DCF954B0BDE8F0873B68D5E900845A1C90
:10B07000D5D0B8F1000FD2D06C4A33B9D9F800104E
:10B08000B1F1FF3F18BF0B461360106804F05FFD7D
:10B0900008A9C0B2FFF76EFC0028C0D13B68624D22
:10B0A000002B4BD1089F2B603846D7F8089004F04E
:10B0B00050FE5F4A0146384604F058FD28B145214C
:10B0C0005C4805F09DF90124AAE733684B45A6D8F2
:10B0D000594A1060594A13602A68574E2244316811
:10B0E0000898013AFFF736FF0028306097DB089890
:10B0F00005F0D6F9B4FBF0F303FB1046DFF83C9102
:10B100002B68A71B1C44D9F8003008989C4238BF14
:10B11000002605F0C5F9012806D9089805F0C0F900
:10B12000013818EA000F4AD13B4642462968089880
:10B1300005F089F900287FF472AF2FE02A68934266
:10B1400001D000246CE73D4A234412689342C3D9DE
:10B1500065E7BA45089828BFBA4605F0A8F9402225
:10B1600001460CA805F0EBFA524641460CA805F042
:10B17000DBFA5346296808980CAA05F064F90446DE
:10B1800000287FF44DAF2B68D04453442B60A7EBCD
:10B190000A07089805F084F9B842DAD996B92B68FD
:10B1A000D9F8002033443B4493422B60C9D1204B53
:10B1B00008981A681146FFF7CDFEC40F30E74FF02C
:10B1C000400AE6E7089805F072F9082201460CA843
:10B1D00005F0B5FA324608EB07010CA805F0A4FA11
:10B1E000DDF82080296840467C1805F059F9214691
:10B1F00003460CAA404605F026F900287FF40FAF5D
:10B20000CDE700BF06330100E91E010099360100B9
:10B21000A2360100F31E01009E360100EF1E010060
:10B2200054520020743601004C520020505200202D
:10B230004452002019300100405200203C520020AE
:10B24000F0B50C68164F85B002380D46C4F5806124
:10B250000090144B381903AA0131FFF7DDF90446B9
:10B26000D0B92B68039A1344022B2B6011D93E8866
:10B27000023B76BAB6B29E420BD13246B91C04F0FC
:10B28000BAFF30B9022E04D92B689A1E2A60FC54EA
:10B290000124204605B0F0BD4FF0FF34F9E700BFB0
:10B2A0003F580020425C00202DE9F04F0121A9B059
:10B2B0009F4806F0DEFF06229E499D4806F0CCFF1F
:10B2C00005219B4806F0D1FF4FF00009484602F0E7
:10B2D00069F900268046DFF860B2984B314648464F
:10B2E0001D68FDF70FFB07A9C0B2FFF743FB04463B
:10B2F00020BB202301460DEB0302079805F08EF8D2
:10B30000089B8F4A934211D1FDF702FD4023074667
:10B31000079A009308A918AB2046CDE9024401948E
:10B32000FDF702FB05463846FDF702FDDBF800306D
:10B330000799AB4217D0084605F06FF88EB1B9F106
:10B34000000F0CD005217A4806F097FF01217848BC
:10B3500006F097FFFFF742FD29B0BDE8F08FB14638
:10B36000B4E70126B9E710AA08A805F0F4F8824668
:10B37000079805F052F814216D4806F07AFF05226F
:10B3800070496B4806F068FF4946694806F04BFF74
:10B39000B8F1010F0C9C09D104F01005002E53D018
:10B3A000002D72D12F462C462B4653E0B8F1020FE8
:10B3B00004F0100411D1002E3AD1002C00F0A68028
:10B3C00000252F462C4609225F49594806F044FFC4
:10B3D0000121574806F069FF49E0B8F1030F10D189
:10B3E000002EEAD0002C00F09780584907225048E0
:10B3F00006F032FF01214E4806F057FF092254495A
:10B400001AE0B8F1040F0FD1002ED6D135463746D9
:10B41000002C7ED006224F49454806F01DFF012131
:10B42000434806F042FF24E0002C2ED12546B9E720
:10B43000002C75D0072245493D4806F00DFF01213B
:10B440003B4806F032FF20E0002D6CD135463746F0
:10B4500044460123082240493548059306F0FCFE86
:10B460000121334806F021FF059B002BABD1002CB6
:10B47000D0D147B1354907222D4806F0EDFE012114
:10B480002B4806F012FF002DB8D134490422284879
:10B4900006F0E2FE3146264806F0C5FEBAF1000F7E
:10B4A00009D104222E49224806F0D6FE2022204847
:10B4B00010A906F0C8FE07222A491D4806F0CCFE56
:10B4C000BDF83630402101939DF83530264A00936F
:10B4D00018A89DF8343000F061FD0E9B4BB1421E60
:10B4E0003E2A06D818ACC0F14001204A204400F0A2
:10B4F00055FD18A805F0EAF818A902460C4806F010
:10B50000ABFE14210A4806F0BCFE17E72546274685
:10B510009FE7012433469DE7012523462F4699E7FF
:10B52000254601273FE73546374644464BE700BFEF
:10B5300054520020A636010008000020040000201C
:10B540003DB8F39606330100BE360100AD3601006A
:10B55000CF360100C8360100B5360100D9360100EA
:10B56000DE360100E3360100EB360100F73601005C
:10B570002DE9F0430B4600240121D9B008AFC7E9FB
:10B5800000448DF817400246CDE90144009134A8EB
:10B590000421069406F031FB214618221EA805F06E
:10B5A000CEF8454B0DF117081A9307231B93434B15
:10B5B0000222CDE91C38424B1AA91F930423209381
:10B5C000404B34A8CDE9213706AB04F0F1FF044627
:10B5D00000286FD17B68202B6CD1DFF8EC90012123
:10B5E0002046FDF78FF907A90646C0B2FFF7C2F95A
:10B5F000054600B332464521344804F001FFC4B18A
:10B600004521334804F0FCFE05240A21314806F0A8
:10B6100030FE022230492F4806F01EFE21462D48FA
:10B6200006F0F7FD0A212B4806F02BFEFFF7D6FBAC
:10B6300026E00124D3E72023014612AA079804F04C
:10B64000EDFE129B4B451ED007990AAA12A804F0E2
:10B6500082FF0546079804F0E0FE002DCFD120229E
:10B6600039680AA805F039F80028C8D1204698F8AA
:10B67000001002F017F804460028C6D1FFF714FEA8
:10B6800059B0BDE8F083FDF743FB40230646CDE902
:10B690000255079A0195009312A924AB2846FDF79D
:10B6A00043F905463046FDF743FB0C4B1B68AB42A4
:10B6B000CAD0A4E70324A8E7FB3601009F1F0100BE
:10B6C000DE360100F31E01003DB8F396033701009A
:10B6D0002837010054520020743601000800002071
:10B6E000002307B502210093044A4FF4D4730448A1
:10B6F00006F0E6FD03B05DF804FB00BF965600209F
:10B700005452002007292DE9F74F044640F2FB80F0
:10B71000037813F0050F40F0F6804388A1F1080587
:10B720005BBA9BB2AB42C0F0EE80834B186083885B
:10B730005BBA8380FFF7D4FFA088012840F0E68041
:10B74000E37904F10800012B12D0062B16D0002B50
:10B7500040F0EC8023785A0704D103B0BDE8F04FE5
:10B76000FFF7A2BD294603B0BDE8F04FFFF700BFC9
:10B77000294603B0BDE8F04FFFF710BC23785B0704
:10B7800002D00820FFF7CAFBFEF736F80121074672
:10B790006A4806F06EFD06226949684806F05CFDBD
:10B7A0000221664806F061FD0025DFF8989104212A
:10B7B000624806F05EFD002847D0052262495F48D6
:10B7C00006F04AFD002840D029465C4806F02BFDD3
:10B7D00000283AD005225D49584806F03DFDA0B347
:10B7E0000221564806F041FD78B30026534CDFF89D
:10B7F00060A1DFF860B122E004225146204606F045
:10B800002BFD10B33146204606F00DFDE8B1314660
:10B810002846FDF777F801A9C0B2FFF7ABF88046DC
:10B82000C8B102224946204606F016FD68B14146DD
:10B83000204606F0EEFC40B1002E43D10126032144
:10B84000204606F016FD0028D6D1FFF749FF02205A
:10B85000FFF764FB55E004225946204606F0FCFC45
:10B8600090B1019B2046996806F0DDFC60B10F2283
:10B870002046394906F0F0FC30B106EB4501204680
:10B88000013106F0D0FC18B9019804F0C6FDDCE7E0
:10B89000019804F0C2FD0321204606F0F2FC0028C6
:10B8A000D3D0002ECAD00221244806F0E6FC00289E
:10B8B000CBD017F8353043B90421204806F0E1FC1D
:10B8C0000028C2D08DB9012571E70E2223491B48FB
:10B8D00006F0C2FC0028B8D03B1D53F835101748BD
:10B8E00006F0A1FC0028E7D1AFE70221134806F0DB
:10B8F000C4FC0028A9D00121104806F0C2FC002891
:10B90000A3D0FFF76BFA03B0BDE8F08F70B9E3790D
:10B91000012B0CD0052B09D1FFF700FB4FF4005091
:10B92000002106F004FE0120FEF7E2FD082003B02E
:10B93000BDE8F04FFFF7F2BA9C52002054520020AD
:10B94000A6360100743601000633010054370100A9
:10B95000D9360100743701005A3701006A370100F7
:10B9600001232DE9F34100240546264FDFF8988096
:10B970003B70264B264E009418603B7813B902B0FA
:10B98000BDE8F081234BC4F58061C3F80086C3F89D
:10B990000486C3F80886C3F80C86C3F81086C3F87B
:10B9A0001486C3F81886C3F81C862B6801AA0131D7
:10B9B000301998470028019B01DC002BDDD004449E
:10B9C0002BB940F201439C42D7D10024D5E733780C
:10B9D000062B09D17378092B0BD1002300936946FC
:10B9E000A01EFFF72DFC04E0042B02D17378142B6A
:10B9F000F5D00128E9D1009907480239FFF782FE06
:10BA0000E3E700BF3E5800203546526EA0520020AA
:10BA1000405C0020008001504158002030BFFFF7FB
:10BA2000FDBF00BF074A936893F90E10002907DB9A
:10BA3000526993421FBF044A536843F080535360D6
:10BA4000704700BF8853002000ED00E0154B9A6A54
:10BA500012F0007F9A6A14BF1E201D2012F0807F12
:10BA60009A6A18BF1F2012F4801F9A6A18BF02201A
:10BA700012F4002F9A6A18BF212012F4802F9A6ABC
:10BA800018BF222012F4003F9A6A18BF232012F434
:10BA9000803F9A6A18BF24206FEA02426FEA12427E
:10BAA0009A62704700ED00E010B5194B0246986AA3
:10BAB0009C6A10F4805F14BF1720162014F4006FE6
:10BAC0009C6A18BF1820A40509D5986B986A0004D1
:10BAD00004D51AB19A6A22F400429A6219200C4BDA
:10BAE0009A6A12F4806F9A6A18BF1A20D2050CD491
:10BAF0009B6A13F4005F18BF1C20054A936A43F445
:10BB00007F43936200230B7010BD1B20F5E700BF3D
:10BB100000ED00E010B51C4B0246986A9C6A10F0DC
:10BB2000100F14BF1120102014F0080F9C6A18BFCA
:10BB30001220A40709D5586B986A000604D51AB1DB
:10BB40009A6A22F080029A6213200F4B9A6A12F0CE
:10BB5000010F9A6A18BF142012F0200F9A6A18BFBA
:10BB60001520D40658BF9B6A074B9A6A920642BFBB
:10BB70005A6A22F400525A629A6A42F0FF029A62AA
:10BB800000230B7010BD00BF00ED00E070B5444B0A
:10BB900006465B6800258AB0C3F3080385F3118865
:10BBA000BFF36F8F02F07F40B0F17F4F11D102F0F1
:10BBB0000C0008280DD010074CBF0E4601250022AE
:10BBC000033B8DF80720032B05D8DFE803F01E5C4C
:10BBD00060592E46F3E700249DF807309BB92022D8
:10BBE000314602A804F0A0FD099B002D53D0C3F3F9
:10BBF000080222B96FEA53236FEA432309932046D0
:10BC000002A904F027FD0AB070BD254BDA6A91073E
:10BC1000E1D4DA6A002ADEDBDA6A5200DBD55A693F
:10BC2000B16942F480725A61BFF34F8FBFF36F8FD7
:10BC30005A6931F8021C22F480725A61BFF34F8FA7
:10BC4000BFF36F8F4DF60272914209D09A6AD2B259
:10BC500042B101200DF10701FFF75CFF0446BBE78D
:10BC60003468B9E79A6A12F47F4F05D001200DF1CC
:10BC70000701FFF719FFF1E79B6AB3F5803FAAD3ED
:10BC8000FFF7E4FEEAE700200DF10701E4E70020FA
:10BC90000DF10701EDE723F4FF7323F00103ADE796
:10BCA00000ED00E0064B5A6942F010025A615A69F1
:10BCB00042F480625A615A6922F008025A61704760
:10BCC00000ED00E0EFF30880EFF3098101B5724663
:10BCD000FFF75CFF01BD00BF002080F31488BFF3B5
:10BCE0006F8F002080F30A8880F30B880F4880F361
:10BCF000088801F031FD00200D490860BFF34F8F27
:10BD000000F01AF8202080F311880A484FF40061EF
:10BD1000401880F30988EFF314800221084380F370
:10BD20001488BFF36F8F00F0C3F80000D891002093
:10BD300094ED00E09860002072B6002383F313882E
:10BD40004FF0FF300C4A03F120010133102B42F871
:10BD50002100F8D100234FF0FF30074A03F16001C2
:10BD60000133102B42F82100F8D162B6BFF34F8F98
:10BD7000BFF36F8F704700BF00E100E0084B9B6886
:10BD800083420BD1EFF3058343B1064B5A6842F06F
:10BD900080525A605A6A22F400425A6203F0A0BAF2
:10BDA0008853002000ED00E013498A684FF030000E
:10BDB0001044EFF3098C80E8F01F202080F31288F4
:10BDC000BFF36F8F0D4F4FF000664A698A603E6087
:10BDD000506F0023536780F3118802F1300090E820
:10BDE000F01F8CF3098802F1000004B504F047FC51
:10BDF000BDE80440704700008853002004ED00E0D7
:10BE00001EF0040F0CBFEFF30880EFF30980816987
:10BE100011F8021C0229FFD001B5724604F020FC83
:10BE200001BD00BF40B2002807DB01234109034ADE
:10BE300000F01F00834042F82130704700E100E02D
:10BE400040B200280CDB01220649430900F01F0024
:10BE50008240203341F82320BFF34F8FBFF36F8F11
:10BE6000704700BF00E100E0054B420953F8222073
:10BE7000012300F01F0003FA00F01040704700BFDC
:10BE800000E100E040B2002801F10101ACBF00F187
:10BE90006040064B4FEA4111C9B2ABBF00F56140AB
:10BEA00000F00F0080F800131954704714ED00E003
:10BEB0000B4A08B50B4B22F07F029A60BFF34F8FFD
:10BEC000BFF36F8FD3F8882022F47002C3F8882064
:10BED00002F028FD03F012FB00F042F802F062FDD0
:10BEE0000082000000ED00E042F8203C009B0B497E
:10BEF00042F81C3C019B21F0010142F8183C029BD6
:10BF000042F8081C42F8143C4FF0807342F8043C9D
:10BF10000023203A02654367704700BF3D020100DD
:10BF200000B5094B0E4698601546436E83F30B88A7
:10BF30002C4686F309880020044B984720460021B0
:10BF400000220023024C204788530020870601006E
:10BF50003D0201001022014B1A61704700ED00E024
:10BF6000002320210348C2180133412B82F800131B
:10BF7000F9D1704700E100E008B5EFF30583064A08
:10BF8000103B02EBC30152F8330049688847BDE813
:10BF90000840FFF747BD00BFDC2601000CB410B518
:10BFA00086B009B90DF10B000024CDE9040109ABFD
:10BFB000089A009404A905480393FEF777F8049BB8
:10BFC0001C7006B0BDE8104002B070475107010078
:10BFD0000122024B0020C3F8402570470090035017
:10BFE00020B1034B800143F001031847704700BFA5
:10BFF000D0290100BFF34F8F0549064BCA6802F4F0
:10C00000E0621343CB60BFF34F8F00BFFDE700BF7B
:10C0100000ED00E00400FA05084B70B5C31A0D46A8
:10C0200007499B10044659434022064804F0A6FBEA
:10C030002B4601462046BDE870401847B852002004
:10C04000B76DDBB650260100402373B50B4C00934F
:10C05000041B0B460D460A49A41061430646094AD3
:10C06000094804F0B6FB011E05DA30462B4602B043
:10C07000BDE87040184702B070BD00BFB852002044
:10C08000B76DDBB63B0801005026010010B5EFF399
:10C090001184202383F31288BFF36F8F074A13683C
:10C0A00023F00201DB07116002D4012005F06EFCD1
:10C0B00084F31188BFF36F8F10BD00BF08530020B9
:10C0C00070B50022012104460520FFF7DBFE0F4872
:10C0D00001F068FC0E4B984215D101F073FC266903
:10C0E0000C49304604F003F900280BDB01253564C8
:10C0F0002469084904F11C0004F0F9F8002801DB68
:10C100000020E56470BD6FF00400FBE711C2000081
:10C110000000AD0BF82B01001FB500220123CDE973
:10C1200002236B46084ACDF800D0CDF804D004F0C5
:10C130007DFB002805DB4FF480420023684602F0B7
:10C14000D7FD05B05DF804FB590801000C22104B27
:10C15000014602FB0033002030B4D3E90E5298634D
:10C16000EFF31180202484F31288BFF36F8F1C6CCF
:10C1700004F0C00444F002041C6480F31188BFF38F
:10C180006F8F1DB12B4630BC0248184730BC70473A
:10C19000B85200205026010010B4EFF31182202382
:10C1A00083F31288BFF36F8F1748016841F00204D0
:10C1B0000460C80707D482F31188BFF36F8F012092
:10C1C00010BC01F013BC4FF05021D1F80C04D1F891
:10C1D0000C14C907EFD5EFF3118083F31288BFF376
:10C1E0006F8F0A490B6C03F0C00343F002030B642A
:10C1F00080F31188BFF36F8F82F31188BFF36F8FC5
:10C20000002010BCFFF7A2BF08530020B852002046
:10C2100010B1012804D07047034B1B6C5B0701D1A0
:10C22000FFF794BF704700BFB85200202DE9F041DE
:10C23000012207463649D1E8EF3FC1E8E02F002848
:10C24000F9D133B9334934484B60CB608A6004F08C
:10C2500061F87B1E012B2BD8012F07D14FF0502303
:10C26000D3F81C3403F00303022B21D006F0EFF8BF
:10C270000546F8B9294B1B78E3B14FF05023022251
:10C280000646C3F808234FF05024DFF89480D4F812
:10C290001824D4F81834D20315D503F00303022B65
:10C2A00001D0012F0FD16DB386F31188BFF36F8FCB
:10C2B000BDE8F081EFF31186202383F31288BFF3EA
:10C2C0006F8F0125DFE7C5B1304604F0F0F9D4F8EF
:10C2D0001835DBB2012BDAD1D4F80421002AD6D0EC
:10C2E0000022C4F80421D4F804210222C4F818253D
:10C2F0002022C8F88021A360C9E70021212006F090
:10C3000016F9E4E74FF050230222C3F80423CFE7E5
:10C31000B4520020A4520020D45200209560002086
:10C3200000E100E0C3780F2B14D9C96B0B480B0E4A
:10C3300013708B0200EA911003F47C030906034397
:10C3400001F0FE4110680B43054901400B430020FA
:10C35000136070476FF08500704700BF00FF030057
:10C36000FF000080024B0B6001231360704700BF89
:10C370000C530020004870471C2C010010B501220E
:10C380000648114606F057F805F067FB044C20609C
:10C3900005F060FB6060002010BD00BF145300205A
:10C3A0000C53002070B50C46154605F053FB29468A
:10C3B0000646204604F0D0FA08B3B4FBF6F306FBB9
:10C3C0001343E3B9B5FBF6F306FB1353BBB9AE4217
:10C3D00001D9002070BD4FF0FF324FF0FF33094804
:10C3E00002F086FC05F036FB0646204601F026FFEB
:10C3F000AD1B3444F9D1034802F046FCE9E76FF085
:10C400001500E7E714530020F8B50E4619463046EC
:10C4100017461C4604F0A0FA08B346EA040515F0D6
:10C4200003051CD1A4B14FF0FF324FF0FF330D488C
:10C4300002F05EFC24F00304A54206EB050009D1DE
:10C44000094AD2F80034DB07FBD5064802F01CFC91
:10C450000020F8BD795901F00FFF0435ECE76FF0CB
:10C460001500F6E714530020009003500048704771
:10C470009C2C010038B545682B69B3B110352846AE
:10C4800001F0B8FD044680B90146284601F080FD60
:10C49000084B98420BD122462846074901F060FD1F
:10C4A000224605210D20FFF7EDFC002038BD6FF07E
:10C4B0000400FBE70000AD0BBDC40000430970B5EC
:10C4C00007D10B4B596821B101250C68094E8540F5
:10C4D00001B970BD8A682A4002D030464B6898473F
:10C4E0001CB1236821461C46F2E72346FAE700BF49
:10C4F00044530020642601002DE9F04340F2063544
:10C500004668D00648BF0320337B02EA050558BFC2
:10C51000C2F3401087B001F01F07B5F5837F1446C2
:10C5200047EA43178DF8030042D00FD8062D18D0E4
:10C5300007D8B5B1022D3DD06FF0150007B0BDE8AA
:10C54000F083B5F5807FF7D101250AE040F20222A1
:10C55000954231D0B5F5407F30D0B5F5007FEBD1B5
:10C5600002250123220303FA01F129D5736899609A
:10C57000326952BB07F01F037F0973D13B4A84F431
:10C58000803102EB8302D2F80032C1F30041C4F3E0
:10C59000404423F4E16344EA410423F007031C43CD
:10C5A00044EA800444EA0524C2F800420020C5E7BA
:10C5B0000725D6E70425D4E70525D2E70325D0E7EC
:10C5C000630344BF7368D960D2E7103639463046FA
:10C5D0000DF1020201F0CAFC14F4403F80460CD178
:10C5E0003946304605F02CFA214B9845DED13046CD
:10C5F0009DF8021001F008FDD8E74FF0000901ABEB
:10C600003946304603AACDE90439CDE90199CDF880
:10C610000C9001F07FFB164B98428DD114F400333F
:10C6200015D09DF8033084F48034C4F300448DF8B1
:10C630000E3039464B46304603AA8DF80C508DF823
:10C640000D4001F015FC0A4B9842CDD074E7CDE9BE
:10C65000043339460DF10303304603AA039301F076
:10C6600059FBF0E7803352F82330FFDE0025845079
:10C670000000AD0BF0B5406801F01F04057B87B0EA
:10C6800044EA45140569002D5FD0B2F5001F00F1A2
:10C69000100506D12146284605F0D4F9002007B040
:10C6A000F0BD0027B2F5800F01AE0197776037D15A
:10C6B000B3F1007F14BF052304238DF80430002359
:10C6C000CDE904630393836823FA01F111F00101BA
:10C6D00018D1B2F1A07F15D104F01F03620903F154
:10C6E000800338D11D4A52F82330DB070AD40DF1FC
:10C6F000030632462146284601F038FC184B984282
:10C7000019D002962146284603AA01F003FB154BD7
:10C7100098421DD101222146284601F081FCBDE747
:10C72000B3F1C06F05D0B3F1007F14BF0123022322
:10C73000C3E70323C1E73146284601F06BFC094BF0
:10C740009842DED06FF00B00A9E76FF08500A6E7F6
:10C750006FF01500A3E751F82330FFDE0025845069
:10C760000400AD0B0000AD0B2DE9F04740F2FF16C1
:10C77000594FDFF868C1DFF868E100EB81018142C1
:10C7800002D10020BDE8F087046814F4804FC4F3A0
:10C79000C325C4F3080340F08C80240EB34208BFC5
:10C7A0004FF0FF337D5D192C00F28680DFE804F046
:10C7B0000D13191C1F251C84848484366084848492
:10C7C00084848484848463787B7EC2F80C355C1C0A
:10C7D0005BD10430D3E7C2F814355C1CF9D00024D7
:10C7E0005CE0C2F80835F2E7C2F81035F5E75C1CEA
:10C7F000C2F80835EDD0002404E05C1CC2F80C350A
:10C80000E7D001245FEA531859D14FF00109DFF84E
:10C81000CC8009FA03FAC8F80CA008E0C2F8083581
:10C82000002DDAD15C1CD4D000240625A146D0F816
:10C8300000A00AF40048B8F1000F1CBF4FF0000937
:10C84000012403F01F085B093FD10CEB8808D8F8DE
:10C850000032CAF3412A03EA0E0343EA8A0343EA99
:10C86000052343EA090343EA4403C8F80032B0E76A
:10C87000C2F80C35D4E7C2F86035B3F1FF3F046865
:10C88000A7D0C4F30044002CBBD05C091AD101240A
:10C89000DFF8488004FA03F9C8F80890A146C6E713
:10C8A000C2F86435E9E7C2F86835E6E7C2F86C35E6
:10C8B000E3E76FF0150065E76FF0850062E700239E
:10C8C000DB60FFDE00239B60FBE7002308F18008AC
:10C8D00053F82830F5E700BFC03701000025845029
:10C8E000F0F8FCFF2DE9F04104460D46476805F0DD
:10C8F000AEFD4FF0200888B9264B1B7873B1642633
:10C90000606804F0AFFCF0B9012004F0DFFF013EE5
:10C91000F6D10021212005F00AFEF0E7EFF31186A1
:10C92000314688F31288BFF36F8F606804F09AFC79
:10C93000A8B986F31188BFF36F8FEFE786F31188EC
:10C94000BFF36F8FE5E7EFF31186314688F3128866
:10C95000BFF36F8F606804F085FC0028EED0BB69E0
:10C9600000201D706368BA691B68C3F84425012262
:10C97000C3F84825C3F82001D3F82041C3F8580173
:10C98000D3F858019A6081F31188BFF36F8FBDE827
:10C99000F08100BF95600020F7B505464268136935
:10C9A0001168C1F82435137D507D927D03431343F4
:10C9B000C1F86C356E68D6E9004313F0010348D026
:10C9C0002F6907F10C0000F0E7FF304B98425AD175
:10C9D000387B04F10C0204F5907104F079FF387B88
:10C9E000012707FA00F000F0D1FF0823C4F8003552
:10C9F000B369C4F844350023C4F84835A760D4F8B7
:10CA00005831002BFBD00021C4F800156B6801AA37
:10CA1000DC68204604F06FFB002805DB019B2268E0
:10CA200019791868FFF7A0FE08216A681368C3F82F
:10CA30000015117A51B9D269C3F834250122C3F81F
:10CA40003825C3F81011D3F810111A60002003B074
:10CA5000F0BD0822C4F80025B269C4F84425C4F822
:10CA600048350123A360D4F82031002BFBD00023EC
:10CA7000C4F82031D4F820310123E3604FF48073EF
:10CA8000C4F80433BBE76FF00400E0E70000AD0B2F
:10CA90002DE9FF4105690646D0F80480A86C2B6D8E
:10CAA000002835D1002B53D0B8F830406A6C9C4236
:10CAB00028BF1C46EF6CEB6C53B1296D41B107F0F8
:10CAC0006041B1F1005F03D0082C28BF08246F6ECD
:10CAD00000926A6CAC651AB1AA6C002A18BF224693
:10CAE000CDE901271BB12B6D002B18BF2346002277
:10CAF00069464046039301F077FD184B984229D0D0
:10CB00006FF00401304604B0BDE8F04104F03BBDD5
:10CB1000696CEF6C0A46B8F83040ABB1834228BF6D
:10CB200003469C4228BF1C460029C4D001F0604344
:10CB3000B3F1005FBFD0082C28BF0824286E22461E
:10CB400003F0F2FD2A6EB6E7844228BF0446EBE705
:10CB50001946D7E704B0BDE8F08100BF0000AD0B77
:10CB60002DE9F04F8DB001934368884602938B887E
:10CB700005469904914604692DD44FF0FF324FF0D9
:10CB8000FF3304F1100002F0B3F8C4F80480D5F8C4
:10CB900004B0D5F810A0DBF8083003939AF85D30A4
:10CBA00023B1DAF80030984500F09D80B8F804E031
:10CBB0001EF4006F16D06FF0850623689B8813F46F
:10CBC000005304D1636004F1100002F05DF83046B8
:10CBD0000DB0BDE8F08FA369002BCED163689845F6
:10CBE000CBD1D4E71EF0090F02D06FF01506E4E7B1
:10CBF000CEF34513082BF8D1D8F800C08B4B9C45D9
:10CC0000F3D904AE0BF10C070FCF0FC697E80F0056
:10CC100086E80F00039B634528BF63469C46844B10
:10CC20009C4511D2834B9C4546D8834B9C4545D8A7
:10CC3000824B9C4544D8824B9C4543D88149824BCA
:10CC4000824A8C4588BF13461EF0020F09930EF0EE
:10CC5000040339D0002B14BF032302238DF828309E
:10CC6000CEF300138DF82930DBF800301EF0020FF0
:10CC7000D3F8082576484FF00103CEF340014FEA80
:10CC8000521625D1002E40F0CB809340C3609AF815
:10CC90005D302BB1584601F06BFC00238AF85D3003
:10CCA0002B4658466B4A04A901F02EFC6A4B984269
:10CCB00014D06FF0040680E7684BC5E7684BC3E704
:10CCC000684BC1E7684BBFE7003B18BF0123C5E7CE
:10CCD000002E40F0A78093408360D8E70123CAF874
:10CCE00000808AF85D30012384F85C30029B996BE8
:10CCF0004A1C03D003F13C0000F0E8F8B9F1000F42
:10CD000068D1C4F834900023A36304F1480204F10D
:10CD1000380104F1340004F061FB019B6064002BD6
:10CD200060D1E3630023236404F1500204F1400165
:10CD300004F13C0004F052FB002601213246E0647D
:10CD40002663204604F081FB2846FFF7A1FE324609
:10CD50003346A06B83424DD100231946266CB14265
:10CD60004FD1934238BF134627464FF4FA524FF043
:10CD7000000802FB03F657F8203B4FF4004C1B68F9
:10CD80004146B6FBF3F640F2E730C8364FF47A720C
:10CD90000023E6FB0C01FBF779FB02460B46384605
:10CDA00001F0A6FF024618B9266B16F1740F2FD1B9
:10CDB0000298C4F8588001F0DBFB6FF0730128463D
:10CDC00084F85D8004F0DFFB384601F0B7FF6FF0B8
:10CDD0007306F2E6D9F800306363002B93D0D9F8DC
:10CDE000043091E7019B1B68E363002B9AD0019B01
:10CDF0005B6898E7616B01EBC301496801330A4442
:10CE0000A8E7E06B00EBC100406801310344A6E7EE
:10CE1000002E3FF4D2AE0146286904F016FBCCE6A2
:10CE2000C960FFDE00239B60FBE700BF47E801000D
:10CE300000127A00FF083D007F841E003F420F0071
:10CE40001FA107008FD0030048E8010090D0030025
:10CE500000258450A91501000000AD0B00093D001C
:10CE600080841E0040420F0020A107000123F0B57E
:10CE700087B08DF80230022300248DF804306B4413
:10CE800003930F4601AB0DF1030104930546029194
:10CE9000059401F0BFF80C4B064698420FD1394675
:10CEA000284603AA00F036FFB0420BD028469DF872
:10CEB000031001F0A9F86FF0040007B0F0BD6FF0A7
:10CEC0001200FAE72046F8E70000AD0B2DE9F0412B
:10CED0000D46064604F0B8FD0022074629463046B6
:10CEE00001F09EF86B0905F01F0429D1174B03EBE5
:10CEF0008404D4F80022164B134043F00C03C4F80A
:10CF0000003204F0B6FB80463368DB597BB1002762
:10CF10003046294604F096FDD4F800220C4B3846E2
:10CF2000134043F00403C4F80032BDE8F08104F07C
:10CF3000A0FBA0EB08000628E6D96FF07307E7E72F
:10CF40000023803453F82430FFDE00BF00258450D6
:10CF5000F0F8FCFF0123834070B5DC430B4AD2E8B4
:10CF6000EF1F01EA0405C2E8E65F002EF7D14FF497
:10CF7000803282400648C0F80823BFF35F8FBFF3BA
:10CF80006F8F0B4214BF0120002070BD545300204E
:10CF90000050015070B40E4922F07F46D1E90034B0
:10CFA000D01AC31844F10004C1E90034A6F50013F7
:10CFB000B3F5400F09D2074B1B681A0A1B069C19D0
:10CFC000054B42F10005C3E9004570BC02F056BBB9
:10CFD000400200205853002048020020D9B101230C
:10CFE0000D4A8340D2E8EFCF4CEA030CC2E8E1CF10
:10CFF0000029F7D14FF48033084A8340C2F8043344
:10D00000074BD3E8AF3FC340DB0742BF4FF40012EA
:10D01000044BC3F8002170475453002000500150C6
:10D020005053002000E100E00D4B1868010A000693
:10D03000BFF35F8F0B4BD3F80435181841F1000193
:10D04000B3F5801F0AD2084BD3E90023904271EB5D
:10D05000030303D210F1807041F10001704700BF5B
:10D060005853002000500150480200202DE9F04F95
:10D0700085B016461F4604469DF840A0FFF76AFF9C
:10D080000190FFF7D1FFB04271EB070352D23B4B47
:10D09000301A67EB0101984271F100014DD2384B13
:10D0A00003EB0413D3E902239F4208BF964258D0F2
:10D0B0004FF48038334908FA04F8204626F07F4BB5
:10D0C000C1F8488304F0C9FA4FF00309584604F147
:10D0D0005005AD00ADB205F1502504F5A87305F576
:10D0E00080350293029A20F07F4341F82230C1F844
:10D0F0004483D1F80435244AC01A033820F07F4015
:10D1000090422ED9286868B1D1F80435A3EB0B0002
:10D1100020F07F40B0F5000F039322D9204604F0A1
:10D120009CFA039BBAF1000F07D109EB030009F148
:10D130000109D7E7BAF1000F09D06FF015052046B5
:10D140000199FFF74BFF284605B0BDE8F08F01239A
:10D150000E4AA340D2E8EF0F1843C2E8E10F0029BE
:10D16000F8D107490E982301C8500F9B01EB041218
:10D170000025C2E902675360E1E700BF01008000BB
:10D180003002002000500150FDFF7F00505300206E
:10D190007FB500254FF0FF304FF0FF31194C1A4B8F
:10D1A0000226C4F80833C4F84833184BC4F80855AD
:10D1B000C3E902014FF480334FF40012C4F8043382
:10D1C000134B0121C4F804631520C3F880212A46BB
:10D1D000FEF758FE1520FEF725FE01230D4AA36039
:10D1E000236013600C4B0D4A009328460023CDE9C1
:10D1F0000155FFF73BFF3046FFF718F8284604B00B
:10D2000070BD00BF0050015003000F00300200202D
:10D2100000E100E05453002095CF0000FFFF7F00A5
:10D220002DE9F7432E4BD3F8042390070BD5D3F801
:10D23000042142B10022C3F804212A4AD3F8043160
:10D24000136801331360264AD2F80433D90326D574
:10D25000254BD3E8EF1F21F00100C3E8E40F002CB9
:10D26000F7D1CB0702D4D2F84031C3B100251C4C12
:10D27000C4F84051D4F84031FFF7D6FEEFF31182E5
:10D28000202383F31288BFF36F8F184BD3E9026713
:10D29000B042B94106D282F31188BFF36F8F03B059
:10D2A000BDE8F0834FF0FF38D3E900104FF0FF39AD
:10D2B0001D60C3E902894FF48033C4F84833C4F8D1
:10D2C0004051D4F8403182F31188BFF36F8F0029A9
:10D2D000E5D0009032463B4628468847DFE700BF4E
:10D2E00000500150585300205053002030020020BD
:10D2F00030B5431C124C85B005D08442A8BF04460B
:10D30000012CB8BF0124FFF78FFE0E4B0C4DD3E963
:10D310000013401AB0F5000F0FD22218AA4228BFFE
:10D320002A46002052180849CDE90100009143F136
:10D330000003FFF79BFE05B030BD2A46F1E700BFB2
:10D34000FFFF7F004002002095CF000008B5FFF7E7
:10D350006BFE024B1B68C01A08BD00BF40020020D4
:10D36000012310B5074C15206360FEF769FD4FF4EB
:10D370000012054BC4F80833C4F84833034BC3F814
:10D38000802110BD0050015003000F0000E100E0BB
:10D3900040EA0103C3F30E0330B58BB940F2151513
:10D3A000094CC90BC0F3C730994201D1002030BDF0
:10D3B000C218D2B202F5C07244F822500133F3E72A
:10D3C0006FF01500F3E700BF00300050054B1B68FD
:10D3D000DA6AB2F5807F01D8DB6918476FF00D007B
:10D3E000704700BFDC910020014B1B681B6A184787
:10D3F000DC910020014B1B685B6A1847DC91002020
:10D4000010B4034C2468E469A44610BC604700BF14
:10D41000D89100202DE9F043234885B004F02DF980
:10D4200000250446204B214ED3F83880DFF8809049
:10D43000A84503D8002005B0BDE8F083636A96E8EC
:10D4400007001F6801AB83E807000C221946384625
:10D4500003F043F988B987B1636A21691B681A69C7
:10D4600091420AD19A69A169914206D8E169914233
:10D4700003D962695B699A430CD0276A77B10D487A
:10D4800002F0CFFE002383F31188BFF36F8F0423D4
:10D49000184602DFE36801351C44C9E7484602F03C
:10D4A000C0FE636A1F60F5E700840000B029010038
:10D4B0000E380100E537010030B5816885B01039BC
:10D4C00021F00704054602F0F2FF102201466846EB
:10D4D00003F035F910226846064903F025F91023B8
:10D4E0006A462146284602F0AEFF003818BF0120E8
:10D4F00005B030BD7E2E010030B50D46816887B085
:10D50000102302AA1039044602F088FF002802DA2C
:10D51000012007B030BD1022204602A904F0D7F840
:10D5200000283AD110221E4902A803F0D6F800289C
:10D530000CBF012302232B70204604F0B4F8012312
:10D5400001460DF10702204602F068FF0028DFDBEC
:10D550009DF80730204603F00F021B096A702B71FB
:10D5600001220DF1070104F0B2F810B96B78042B19
:10D5700003D901236B7000232B71A2682046183A4F
:10D5800022F00702083AA91C04F0B4F80028BFD121
:10D590002046E91C04F007F9BBE70323CBE700BFF3
:10D5A0007E2E0100F0B5354F85B046000546694630
:10D5B00057F8260004F0FDF8044610B1FF2005B02E
:10D5C000F0BD013657F8260002A904F0F2F8012850
:10D5D00037D12A4649212A4802F012FF294B8DF8FB
:10D5E0000C40029300229DF800609DF80870264CC4
:10D5F0003146207804F05DF850B33946607804F085
:10D6000058F828B3A378042B03D09DF8031099424F
:10D610001ED1E378042B03D09DF80B10994217D14B
:10D620002379042B10D16279022A1DD1174B184897
:10D630002A46492102F0E4FE6079831E022BBED9FE
:10D64000BCE70028CED0B9E79DF802109942EAD095
:10D650000132032A04F10604CAD10E482A464921A0
:10D6600002F0CEFE0120AAE7032A05D00A4B0B499F
:10D67000042A08BF0B46DAE7094BD8E7B02D0100B2
:10D680006438010003010303F93801004638010042
:10D69000AF380100D33801004B3801005D3801007C
:10D6A0004138010013B50C4B0C4603EBC00001A937
:10D6B0000079FDF75FF9014660B9221E18BF01220B
:10D6C000019804F0A3F80446019802F0A6FE204653
:10D6D00002B010BD0124FAE7B02D010008B5EFF348
:10D6E0001083012B0C4A07D1126ABFF34F8F511CD4
:10D6F0004A424A41104608BD04F0C6F800B172B66D
:10D70000126ABFF34F8F531C5A425A4104F0BCF8BF
:10D710000028EFD062B6EDE70080FF0008B5EFF318
:10D720001083012B0B4A06D1D269BFF34F8F02F051
:10D730000102104608BD04F0A7F800B172B6D26924
:10D74000BFF34F8F02F0010204F09EF80028F0D0E2
:10D7500062B6EEE70080FF0010B504F095F830B136
:10D760004FF050230022C3F81421C3F8182104F00D
:10D770009AF828B101225F4BC3F8382AC3F87825FC
:10D780004FF47F02D2F83031D2F83421BFF34F8FFB
:10D79000C3F30B03092B05D1012A1EBF0122554BF0
:10D7A000C3F8782504F07FF818B10E22524BC3F865
:10D7B000E42E04F069F830B100224E4BC3F80C2778
:10D7C0000122C3F810270022D30003F57F03D3F80A
:10D7D0000013BFF34F8F013108D0D3F8001301328B
:10D7E000D3F80433B2F5807F0B60EDD1EFF31084F2
:10D7F000FFF794FF00284DD0BFF34F8F3F4BD3F876
:10D800000024012AFBD1C3F80425D3F80024012AFF
:10D81000FBD1012C03D004F037F800B172B6FFF74A
:10D820007DFF58B1364AD36923F00103D361BFF3BA
:10D830004F8F324AD2F80034012BFBD1FFF74EFF55
:10D8400068B12F4A136A23F0FF0343F020031362E9
:10D85000BFF34F8F294AD2F80034012BFBD1012CA2
:10D8600003D004F011F800B162B60022234BC3F8D4
:10D870000425D3F80024012AFBD1BFF34F8F21499F
:10D88000214BCA6802F4E0621343CB60BFF34F8FB1
:10D8900000BFFDE7FFF722FF0028ADD1194AD2F8FB
:10D8A0008C3043F44063C2F88C304FF47F03D3F8DC
:10D8B0003021D3F83431BFF34F8FC2F30B02092A62
:10D8C00016D1013B022B02D8104AD35C83B10C481D
:10D8D0000F490368094A8B420CBF5A230023C2F840
:10D8E000103EC36A8B420CBF5A230023C2F8003E8D
:10D8F00010BD00BF0040005000A003500090035036
:10D900000080FF0000ED00E00400FA050B39010083
:10D91000FA50FA5030B50468ACB1B4FA84F301227D
:10D92000C3F11F03DBB29A4024EA0202D0E8EF5FA2
:10D93000A54204D1C0E8EC2FBCF1000FF6D1EAD12A
:10D9400002480B7030BD0248FCE700BF0000AD0B81
:10D950000200AD0B10B50368CB40DB0710D40123E8
:10D960008B40026843EA0201D0E8EF4F944204D1B1
:10D97000C0E8EC1FBCF1000FF6D1F2D1014810BD98
:10D980000148FCE70000AD0B0400AD0B014BC3F8F0
:10D9900004057047007001500146014800F0B6B818
:10D9A000E8000020044B1A7922B9012218601A718C
:10D9B00002487047024870475C5300200000AD0BDE
:10D9C0000C00AD0B08B5084B1B6833B10520FEF702
:10D9D0004BFA10B90520FEF725FA4FF0502301222B
:10D9E000C3F8182508BD00BF5C53002010B510B166
:10D9F000012847D010BD4FF05023D3F81814D3F8A6
:10DA00001824C90322D502F00303022B05D0012BF1
:10DA100002D0002003F063FF01234FF050220220C8
:10DA2000C2F8183508224FF48273002103F1502305
:10DA300019601C68012402F150221460164A126811
:10DA400022B34FF05023C3F80403D3E7D3F81424D0
:10DA5000D207E1D5D3F81C2402F00302013A012ACF
:10DA6000D7D80D4A12681AB10222C3F80423C1E7BD
:10DA7000D3F80421002AFBD00022C3F80421D3F8F4
:10DA80000431B7E700224FF48073CEE71A68002A0A
:10DA9000FCD019601B68ADE75C530020F8B54FF06F
:10DAA000502301250026D3F80443174F04B9F8BDCD
:10DAB000B4FA84F0C0F11F00830003F580739BB2B9
:10DAC00003F1502305FA00F21968D2B224EA0204E5
:10DAD0000029EBD01E601B684FF05023022AC3F8C8
:10DAE00008230DD1D3F81814D3F8181401F003014A
:10DAF000012905D1C3F81825C3F804239960D5E797
:10DB00003B68C0B29847D1E75C5300200079024BD4
:10DB100003EB0010FFF7FEBEF0000020036803F0E7
:10DB20001F025B090260024818BF0020704700BF57
:10DB30000025845070B50D4C00F1080334F8133003
:10DB40000546DA050E4607D5C3F3432304EBC302AB
:10DB5000526854F833309847A3682BB131462846B1
:10DB6000E268BDE87040184770BD00BF00010020AA
:10DB7000024611F0010004D003490B6A13600B62E6
:10DB800003B90020704700BF0025845010B4124A2A
:10DB9000C0B2083032F81030D9051BD5C3F3432189
:10DBA00023F4F85322F81030002002F10E0434F868
:10DBB000023F13F4807F03D0C3F34323994209D07B
:10DBC00001302028F3D1002342F83130034810BC43
:10DBD000FFF7C0BE10BC70470001002058010020B4
:10DBE000F0B5054600200126044607468C420BD1BD
:10DBF000114BD3F87C2132B10022C3F87C21D3F839
:10DC00007C3140F00040F0BDE3B29B0003F5807230
:10DC10009B0806FA03F31D420BD002F1A04202F565
:10DC20005042D2F800C0BCF1000F02D01760126859
:10DC300018430134DAE700BF00D00050064BC0B2F1
:10DC4000083033F81000830643BF400B800000F516
:10DC500080704FF4BE70704700010020CBB20246C6
:10DC600008460D49083331F81330990611D5990744
:10DC70000FD4012110685B0B9940C0F8081312689B
:10DC800002EB8303D3F8102522F00302C3F810251A
:10DC90007047002103F0C5BE00010020F7B5194E02
:10DCA000CDB2083536F815300746DB070C4626D5C9
:10DCB000FFF7D4FF36F815309A0608D55A0B3B68A3
:10DCC00003EB82030022C3F81025C3F81025204679
:10DCD000FFF75CFF002301A826F815300194FFF739
:10DCE0001DFF019B00EB8300D0F80022064B134080
:10DCF00043F00203C0F80032044803B0F0BD04480A
:10DD0000FBE700BF00010020F0F8FCFF0000AD0BB6
:10DD10000400AD0B2DE9FF41136807460C4616467B
:10DD2000FBB1DFF83C81CDB2083538F8152002F0A0
:10DD30002202222A22D000222046CDE900228DF89C
:10DD40000E208DF80F200DF10E010DF10F0203F0E2
:10DD50001FFE38F8153023F0020343F0010328F8C2
:10DD6000153073684BB31A785868DFF8F4C0E3B223
:10DD700008333CF813108D0702D5B0B139481FE0C5
:10DD800021F02001C904C90C2CF8131068B1032A32
:10DD9000F4D870683D68406890F800E005EB8E05A7
:10DDA0008AB9C5F81025C5F810253CF8131021F0E4
:10DDB0001C0141EA82022CF81320B3682BBB2A48CD
:10DDC00004B0BDE8F081D5F8108541EA4E3128F065
:10DDD0000308C5F810853D6841F0200105EB8E056C
:10DDE000D5F810052CF8131020F4473020F44070BB
:10DDF000C5F810052002D5F8107500F4F85040EA77
:10DE000002403843C5F81005CFE72046D3E9006744
:10DE1000FFF7BCFE002ED2D0114DD5E9002396426B
:10DE200003D19F4201D1002209E010480DF10F01FA
:10DE3000FFF770FD0C4B9842C2D19DF80F20E4B261
:10DE400005EBC20308345F6035F8143045F83260E2
:10DE500043EA422343F4807325F81430AFE700BF50
:10DE6000000100200400AD0B0000AD0B58010020A4
:10DE70002DE9FF4107460C461E4612B3DFF8D48059
:10DE8000CDB2083538F81530980701D4990621D459
:10DE900013F01C0F02D05378012B1BD001238DF8F7
:10DEA0000F3000232046CDE900230DF10F01931C14
:10DEB000013203F06DFD38F8153043F0030328F804
:10DEC0001530002E44D0234DE1B2083135F8112031
:10DED000930703D4204804B0BDE8F081002096F8F1
:10DEE00000E03B6822F02002D20403EB8E03D20C48
:10DEF000C3F8100525F81120C3F8100596F801C0E5
:10DF00004FEA8E08BCF1000F22D03868B678404442
:10DF1000D0F810354FEA0C4C23F4981323F4F8533F
:10DF2000C0F81035230203F4F8530CF4403C3605D6
:10DF3000D0F8107543EA0C0306F48016334342EA26
:10DF40004E323B4342F02002C0F8103525F8112034
:10DF50000248C0E7000100200400AD0B0000AD0B3B
:10DF6000014BC3E90212704700010020054BC9B202
:10DF7000083133F81130990643BF5B0B0248137028
:10DF800002487047000100200000AD0B0400AD0BFB
:10DF900070B5154D064695F860401CBB21464022E1
:10DFA00005F1100002F0CBFB214630682E6D8E4249
:10DFB0000ED10023C0F87C31D0F87C3140F307301B
:10DFC000FDF730FF0123094885F86030AB6570BD6F
:10DFD000CBB29B0003F580727C2B04BF8450835826
:10DFE0000131E4E70248F2E7000100200000AD0B38
:10DFF0000C00AD0B034B93F86000003818BF0120F4
:10E00000704700BF000100200148FFF7A3BC00BF1C
:10E01000540100200148FFF77DBC00BF54010020DF
:10E0200073B503680C46D3F804130029A4BF4FF05E
:10E030000041C3F804131E49E3B2083331F813302A
:10E0400099061AD513F0020617D15B0B05689C00E0
:10E0500004F580716E50695801682144D1F810456B
:10E0600044F00104C1F810452AB10122016802FA06
:10E0700003F3C1F8043302B070BDC3F38203042B71
:10E0800011D0052B11D001A80194FFF747FD019A8B
:10E090000369D34003F00103991C204602B0BDE898
:10E0A000704003F0BEBC0321F7E70221F5E700BF93
:10E0B000000100202DE9F347534B544FD3F80403DC
:10E0C000396DC0B240F00040FFF78AFD051E18DA36
:10E0D00000236846F96D00934FF00108FFF748FDF3
:10E0E00097F85C30DA0757D4396D4FF00040FFF7EE
:10E0F00077FD6846F96DFFF73BFD0028F0D125F06C
:10E1000000450124002D66D102B0BDE8F08794FAE5
:10E11000A4F4B4FA84F4E00804F1080337F8139087
:10E1200004F007021DF8003008FA02F223EA0203A5
:10E130000DF8003001A80194FFF7F0FC019B4FEAB5
:10E140009901803350F82360C9F3820A4B07D14606
:10E15000C6F3014624D520465146FFF7EBFC01A843
:10E160000194FFF7DBFC019BF6B2803350F82330BB
:10E17000C3F301439E4207D10021204603F051FC26
:10E180003146204603F04DFC01A80194FFF7C6FC80
:10E19000019B08FA03F30362009C002CB7D1A3E7AC
:10E1A000022E0CD10321204603F03BFC0AF00503AC
:10E1B000012BE9D149462046FFF7BCFCE4E70221E8
:10E1C000204603F02EFCBAF1030FF3D0032EDBD16F
:10E1D000BAF1020FEDE795FAA5F3B3FA83F304FA67
:10E1E00003F29B0003F1A04303F55043D3F810055D
:10E1F000D3F81015C0F30420C1F3014125EA02054C
:10E20000FFF798FC7EE700BF00D00050000100201F
:10E210000022034BC3F88425C3F80425704700BFD0
:10E2200000900350044AD2F80834DB07FBD50160A4
:10E23000BFF35F8F704700BF0090035008B5C0F375
:10E240000B0383B90222094BC3F88425C3F80425C4
:10E250004FF0FF320260D3F80024D207FBD5FFF75E
:10E26000D7FF034808BD0348FCE700BF00900350F8
:10E270000000AD0B0A00AD0B012208B5054BC3F839
:10E280008425C3F80425FFF7CDFFBDE80840FFF75C
:10E29000BFBF00BF00900350430904D10123034ACC
:10E2A00083409360704700239B60FFDE002584500D
:10E2B0000C4B984213D00AD80B4B98420FD00B4B03
:10E2C00098420CD00A4BC31A584258417047094B28
:10E2D000984204D0084B984201D0084BF3E7012044
:10E2E000704700BF40420F0090D0030020A10700FC
:10E2F00048E8010000093D0000127A0080841E00F9
:10E30000431C14D000F01F0340090BD1084A02EB54
:10E310008302D2F80012074B0B4043F00203C2F80D
:10E32000003270470022803352F82330FFDE7047FE
:10E3300000258450F0F8FCFF430904D10123034A6F
:10E340008340D36070470023DB60FFDE00258450EC
:10E3500038B51446421C054616D0012902D1A3B196
:10E36000FFF79AFF05F01F036D0911D10B4A41EA2F
:10E37000840402EB8303D3F80002094A02401443E9
:10E3800044EA4101C3F8001238BDFFF7D5FFE9E7C1
:10E390000022803352F82330FFDE00BF0025845076
:10E3A000F0F8FCFF2DE9F843504B4D6906469D42BD
:10E3B0000C4690F8049000F0848077D84C4B9D4236
:10E3C00000F082804B4B9D4200F081804A4B9D4281
:10E3D0000CBF4FF000754FF080452422DFF81C8100
:10E3E000E07E02FB0983997F60F30001997733791E
:10E3F000217C02FB03839A7F61F341029A77E77ED7
:10E40000EFB9237E3A46012B94BF0023012301215B
:10E410002068FFF79DFF3B463A4601216068FFF701
:10E4200097FF3B463946A27EA068FFF791FF237C09
:10E430003A460121E06883F00103FFF789FF2423B6
:10E4400003FB0983E2681A62217C9A7F61F341022F
:10E450009A77277FA07C217E637E326847B9D4E912
:10E4600000C7A468C2F808C5C2F80C75C2F8104508
:10E47000003B18BF01230229C2F8C005C2F8245589
:10E480002BD003292CD0012901D143F00203C2F87B
:10E49000543524223379534358F803301BB3306882
:10E4A000BDE8F84340F30730FDF7BCBC144B9D4278
:10E4B00010D0144B9D420CBF4FF000454FF08045EB
:10E4C0008BE74FF0805588E74FF0806585E74FF088
:10E4D000006582E74FF000557FE743F00403D6E77D
:10E4E00043F00603D3E7BDE8F88300BF40420F00C6
:10E4F00090D0030020A1070048E8010064530020E9
:10E5000080841E0000127A002DE9F8430746242576
:10E5100097F80480124C05FB08F504EB05091E462C
:10E5200099F81C30C3B999B14869FFF7C1FEA8B189
:10E5300038466251C9F80460FFF734FF242303FB17
:10E54000084400236377012306482377BDE8F88356
:10E550006251C9F80460F1E70348F7E70348F5E7BB
:10E56000645300200000AD0B0C00AD0B0400AD0B9C
:10E570002DE9F041044606790068194D40F3073053
:10E58000FDF75EFC24237343EB5853B12368154A0F
:10E5900006EBC601C3F80823206805EB810103F0F0
:10E5A000B2FA2368242404FB0654D3F80805D3F8F0
:10E5B0000C75D3F81085A37FDB070AD4FFF7A0FE04
:10E5C0004046FFF79DFE3846FFF79AFE206AFFF7A8
:10E5D00097FE242303FB065500232B77BDE8F0812B
:10E5E000645300205201080024232DE9F0430779E9
:10E5F000534D7B439046EA180E46517F814685B0C5
:10E60000002940F09B80EB5823B118F0140F04BF91
:10E6100001235377242496E80F0004FB075404F1E8
:10E620000C0C8CE80F00206A421C04D0A37F9B07CF
:10E630001AD5FFF731FE3368D9F8004023B103F053
:10E640006043B3F1005F06D1B36883B103F0604368
:10E65000B3F1005F0BD02423002203FB075339489A
:10E660005A7705B0BDE8F083FFF766FEE3E718F0E0
:10E67000010318BF0123C4F8503518F0020318BF76
:10E680000123EC46C4F8403596E80F008CE80F00F3
:10E69000039BC4F84405C4F84815C4F83425C4F8ED
:10E6A00038350023C4F81831D4F818310723C4F8DA
:10E6B000003524237B4318F0080F05EB03021DD11E
:10E6C0000121E858216158B9D4F81831002BFBD04A
:10E6D00062464021204603F0D8F924237B43EA1800
:10E6E000EB5813BB106A461C13D107EBC707204633
:10E6F00005EB870103F007FA1348B2E7EB58A3B91B
:10E70000106A411CF8D0937F9A070BD5FFF714FECF
:10E71000F2E7937F9B0702D5FFF70EFEE5E7FFF7D1
:10E72000BBFDE2E7FFF7B8FDE6E7402318F0040F72
:10E7300014BFC4F80833C4F80433DDE7034890E796
:10E74000645300200A00AD0B0000AD0B0B00AD0BB5
:10E7500010B540210F4A104803F097F9C8B10F4C8B
:10E76000206A421C04D0A37F9B070FD5FFF7E4FD6E
:10E77000637F1BB10949084803F0C5F900232372E0
:10E780000748D4E90031BDE810401847FFF784FD81
:10E79000EEE710BD7053002000B00050645300201D
:10E7A0006C53002070B516461D465A1C036804467B
:10E7B0001344C2689A4205D20821006A03F0A2FC01
:10E7C000002070BD32783DB1AB1E062B8EBF0023FA
:10E7D0000B4AD35C1833DAB2204603F096FC0028CB
:10E7E000EED03544B54203D1A3680133A360E8E716
:10E7F00023685A1C226015F8012D1A70F2E700BF39
:10E800000E39010038B5EFF31185202383F3128808
:10E81000BFF36F8F064B9C6803F074FD85F311887E
:10E82000BFF36F8F2046BDE83840FDF7A7BA00BFA1
:10E830008853002038B5094B53F82040013053F875
:10E840002050A54200D838BD636823B1204603F0AC
:10E850005CFD0834F5E723689847FAE7C02D01000E
:10E86000012270B52A4B032086B01A70FFF7E2FF31
:10E87000FCF7C0F803F065FD0420FFF7DBFF254C33
:10E88000254D2646AE4204F1300410D300F028FC9A
:10E89000204C224EAC4226D300F036FCF9F75EFF46
:10E8A0001F4A137B23F00103137306B070BD54F8A5
:10E8B0000C3C059354F8103C049354F8143C039317
:10E8C00054F8183C029354F81C3C019354F8203C33
:10E8D000009354E90A2354E90C0100F05FFA54F85C
:10E8E000303C5E65CDE7D4E90A23B3F1FF3F08BFB2
:10E8F000B2F1FF3F05D052EA0301206803D100F0D6
:10E90000C3FC3034C6E73146183000F041FEF8E76A
:10E9100095600020E4280100E4280100272501007B
:10E92000D002002008B50348034A0021121A03F060
:10E9300004FD08BD30020020986000200023012261
:10E9400070B586B0CDE904230F220193CDE90232E0
:10E9500014234FF4A0720E4D0E4E03FB00550E49CA
:10E9600006EBC016044602FB00110C4B3046009526
:10E9700000F014FA737B2C7423F004037373084BB8
:10E98000013403EBC423EE606B6006B070BD00BFC2
:10E9900088530020500200209868002003240100C2
:10E9A00098600020BFB50020FFF744FF2A4B03F515
:10E9B000006282F3088883F30A880024E023274D4D
:10E9C000274E85F82230EC772C766C76AC7685F87D
:10E9D00020406B6A234F43F4E0236B6285F82340A9
:10E9E000FDF760F9FDF7B6FA4FF0FF3340F2011280
:10E9F000AB62EB621C4B1D4D9A81B360C3E91944B5
:10EA00001C6703F06BFC0120FFF714FF0220FFF7E7
:10EA100011FF00F0ADFB164B7561059301231549FD
:10EA20004FF42052CDE9034328463B46CDE901444B
:10EA3000009400F0B3F906466A7B284622F00402EF
:10EA40006A7303F044FD2046FFF778FF3A463146EB
:10EA50002846FDF765FA00BF9860002000ED00E051
:10EA60008853002061E8000050030020D0020020FD
:10EA700015390100D8690020002038B5054C064D35
:10EA8000AC4200D338BD204603F05CFC0028F9DB23
:10EA90001C34F5E7DA010020DA01002073B50C46DA
:10EAA000EFF31181202585F31288BFF36F8FC568BE
:10EAB0005DB125602B68C3608369013383610020E9
:10EAC00081F31188BFF36F8F11E052EA030603D17F
:10EAD0006FF00B002560F3E7CDE900230246083014
:10EAE00000F05EFA18B9034B9B685B69236002B0C3
:10EAF00070BD00BF885300202DE9F341044617463E
:10EB00001E46EFF31188202383F31288BFF36F8F23
:10EB1000C368334A7BB180689168884219D057EA4C
:10EB2000060318D188F31188BFF36F8F6FF00F00C1
:10EB300002B0BDE8F081916891F90E100133E360F5
:10EB400093682161A36088F31188BFF36F8F002061
:10EB5000EEE72169F2E791F90E1090F90E306FF0AF
:10EB60007E029942A8BF19469142B8BF11468B4216
:10EB70002DDD03F051FC054622464146CDE90076E5
:10EB8000184800F00DFA0028E1D0EFF31186202399
:10EB900083F31288BFF36F8FA068D0B12368216917
:10EBA0009C420AD04BB193F90E309942A8BF194646
:10EBB0006FF07E039942B8BF194603F02DFC40B1B7
:10EBC0003146084800F066FA6FF00A00B0E7002509
:10EBD000D2E7002DF4D186F31188BFF36F8FF3E7EE
:10EBE0008853002096600020F8B583680546002B06
:10EBF0003FD0234A926893423ED1C368012B03D988
:10EC0000013BC3600020F8BDEFF31187202383F39D
:10EC10001288BFF36F8F0169806803F0FDFB2C68D9
:10EC2000AC4207D10023C5E9023387F31188BFF353
:10EC30006F8FE7E7002CF5D0D4E90032002613608F
:10EC40005A60637BC4E9006623F002036373A66025
:10EC500004F1180003F09DFCAC6094F90E302046DE
:10EC60002B61A66703F033FC3946064800F012FA20
:10EC7000C8E76FF01500C6E74FF0FF30C3E700BFED
:10EC8000885300209660002070B5EFF31186202392
:10EC900083F31288BFF36F8F0468A0421AD0CCB1FF
:10ECA000D4E90032002513605A60637BC4E9005543
:10ECB00023F002036373A56004F1180003F069FCFC
:10ECC0002046A56703F003FC3146BDE870400748C5
:10ECD00000F0E0B9D0E902329A4218BF01338360F4
:10ECE00086F31188BFF36F8F70BD00BF9660002060
:10ECF00013B5EFF31181202484F31288BFF36F8FD3
:10ED0000846844B1013C846081F31188BFF36F8F44
:10ED1000002002B010BD52EA030406D181F311882D
:10ED2000BFF36F8F6FF00F00F3E7CDE900230246CA
:10ED3000014800F035F9ECE7966000202DE9F0413C
:10ED40000546EFF31188202383F31288BFF36F8FFA
:10ED500000266FF00A072C68A54214D09CB1D4E9B4
:10ED6000003213605A60637BC4E9006623F002033B
:10ED70006373A66004F1180003F00BFC2046A7673C
:10ED800003F0A5FBE7E70023AB604146BDE8F04197
:10ED9000014800F07FB900BF966000202DE9FF41D7
:10EDA0000E9E00F1580506730426C0E9165500258D
:10EDB000044646730D9EC0E906558673D61D0C9A0F
:10EDC00026F00706C0E919168560C573C56602926C
:10EDD0000B9A01EB060801920A9A00924246FDF74F
:10EDE00083F8054B65659B6803B11B6F404623673D
:10EDF00004B0BDE8F08100BF885300206FF00A0125
:10EE0000084A93689967084958674B6843F08053EC
:10EE10004B60002383F31188BFF36F8F9368986F63
:10EE2000704700BF8853002000ED00E070B590F9F6
:10EE30000D20437B002A39DBD90637D18269002AAD
:10EE400034D11D4C63F07F032246437352F8183FC0
:10EE500093422CD1E169C0E900210860E06111E032
:10EE60009942F8D01B68002BF5D090F90E5093F919
:10EE70000E60B542F4D0AE42F2DD5968C0E900310F
:10EE800008605860A569954200D005B9E568A36897
:10EE90005A7BD20604D1DA897F2A01D9AA6942B104
:10EEA000AB4202D0284600F0D1FA656170BDE1693D
:10EEB000D9E76361FAE700BF8853002038B590F9BD
:10EEC0000D200146002A437B04DA03F07F034373DD
:10EED00003F0C3FA0D4D2A4652F8184FAB6894421E
:10EEE00000D004B9EC688B4207D05A7BD20604D11B
:10EEF000DA897F2A01D9A2692AB1A34202D0204629
:10EF000000F0A4FA23466B6138BD00BF885300208F
:10EF100070B590F90D200146002A437B04DA03F016
:10EF20007F03437303F099FA1C4C4B7B224663F03A
:10EF30007F034B7352F8183FE069934207D1C1E950
:10EF400000200160E16111E09842F8D01B68002BBD
:10EF5000F5D091F90E5093F90E60B542F4D0AE425F
:10EF6000F2DD5868C1E9003001605960A569A36805
:10EF7000954200D005B9E5688B4207D05A7BD2068E
:10EF800004D1DA897F2A01D9AA692AB1AB4202D019
:10EF9000284600F05BFA2B46636170BD8853002061
:10EFA000F8B5124B0C46DDE9067611469868104A12
:10EFB0001060EFF31182202282F31288BFF36F8F6B
:10EFC0009D68284603F05BFAB6F1FF3F08BFB7F132
:10EFD000FF3F06D03A463346064905F1180000F0D7
:10EFE000D7FA2046BDE8F840FFF708BF8853002055
:10EFF000A853002027250100F8B50446EFF3118639
:10F00000202383F31288BFF36F8F437B49B2DA0664
:10F0100017D18269AAB903F07F031D4D437303F032
:10F020001CFA2A46437B817363F07F03437352F8D3
:10F03000183F93422AD1E869C4E900200460EC61DA
:10F0400016E00020A17386F31188BFF36F8FF8BD1F
:10F050008342F1D01B68002BEED093F90E70B942B9
:10F06000F6D08F42F4DD5968C4E900310C605C6071
:10F07000AC69944200D004B9EC68AB689C4202D001
:10F08000204600F0E3F901206C61DCE7E869E2E783
:10F090008853002049B9EFF3058030B9054B5A6910
:10F0A0009B689A4201D0FFF7A9BE81F31188BFF394
:10F0B0006F8F704788530020034648B9EFF30582ED
:10F0C00032B9064A51699268914201D0FFF796BE63
:10F0D00083F31188BFF36F8F704700BF8853002000
:10F0E000EFF31181202383F31288BFF36F8F054B59
:10F0F0009A68D37B013BD37381F31188BFF36F8F81
:10F10000704700BF8853002070B5EFF311862023AD
:10F1100083F31288BFF36F8F144DAB68DA7B013233
:10F12000DA732A4652F8184F944200D004B9EC68BA
:10F130005A7BD20604D1DA897F2A01D9A2692AB181
:10F14000A34202D0204600F081F923466B6186F38A
:10F150001188BFF36F8FEFF31180202383F31288A0
:10F16000BFF36F8FBDE87040FFF7A6BF8853002044
:10F17000024B03F11802C3E90622704788530020AE
:10F1800070B5EFF31186202383F31288BFF36F8FDE
:10F190001B4CA168E0690B68814214BF1A4600222B
:10F1A00049680B605960A368E1692AB9154AC3E947
:10F1B00000210B60E3610CE093F90E0092F90E5010
:10F1C000A84218D0854216DD5168C3E900210B60C2
:10F1D0005360A5690B4B9D4200D005B9E568A36853
:10F1E0009D4202D0284600F031F965613046BDE805
:10F1F0007040FFF703BE8A42D8D01268D5E700BF3F
:10F2000088530020A053002050EA01032DE9F0416B
:10F2100005460E4604D1FFF7B3FF0020BDE8F0819C
:10F22000831C71F1FF3324DB03F0D4F92C18EFF3C6
:10F230001188202383F31288BFF36F8F0F4F104B79
:10F24000B8681860FFF73AFEB8680E492A46334698
:10F25000183000F09DF9BA684046537B43F0040330
:10F260005373FFF7CBFD03F0B5F9201A20EAE070E5
:10F27000D4E76FF00104241AD9E700BF88530020B7
:10F28000A85300202725010038B50446183003F0A4
:10F2900080F9EFF31185202383F31288BFF36F8F7A
:10F2A000637B5A0704D485F31188BFF36F8F38BD91
:10F2B00023F0040320466373FFF7B8FDEFF30583E3
:10F2C000002BF0D12946BDE838400148FFF7E2BEE7
:10F2D00096600020014B9868704700BF885300205B
:10F2E0002DE9F8430446EFF31187202383F31288B6
:10F2F000BFF36F8F067B16F001060DD087F31188E0
:10F30000BFF36F8F002383F31188BFF36F8F042344
:10F31000184602DFBDE8F883437B1A0704D587F35C
:10F320001188BFF36F8FF5E7D90943F0080250D178
:10F330004273A36813B1204603F097F804F1180054
:10F3400003F027F9A56D04F15808A84511D04FF036
:10F35000000975B1284603F088F805F1180003F09C
:10F3600018F92846C5F87890FFF760FDA56DA84507
:10F37000EFD11C4DAB689C4204D1EFF30586003EF3
:10F3800018BF0126D5F81880174A904502D0B8F169
:10F39000000F01D1D5F80C80434502D0404600F063
:10F3A00055F8C5F8148046B140F201120F4B9A810E
:10F3B0000022C3E919221A67AB60AB689C42AED148
:10F3C000EFF30583002BAAD13846BDE8F843FFF7D9
:10F3D00015BD03F07F0343F00803437303F03DF8CA
:10F3E000A7E700BF88530020A0530020500300204F
:10F3F0000122044BC01A044BC0105843034B1A544B
:10F40000704700BFD0030020ABAAAAAA96600020D4
:10F41000C3897F2B12D80A4B1B6863B1094B90F943
:10F420000E201B689A4209DB437BDB0606D1064BA4
:10F43000C31A18BF012303F0010070470023FAE745
:10F44000B0530020AC5300205002002070B50E4B8A
:10F450000E4C1E7C054606EB460304EBC304204617
:10F4600003F097F800220A4B28469A55FFF7D0FF81
:10F4700048B1084B2046BDE870401A680649013A79
:10F48000D31700F085B870BD88530020D00300204A
:10F4900096600020B0530020F1F3000038B5EFF380
:10F4A0001185202383F31288BFF36F8F104B114A0D
:10F4B0009C681068A04206D1FFF7C8FF85F3118849
:10F4C000BFF36F8F38BD00211B7C11600A4AD35CEB
:10F4D000002BF3D02046FFF79BFF0028EED0637B84
:10F4E000DB0602D12046FFF713FD2046E4E700BF0C
:10F4F00088530020A853002096600020074808B5D4
:10F50000074A0849121A02F01AFFBDE808400648E7
:10F51000064A0749121A02F012BF00BF000000207D
:10F520002C020020243901000000002000000020EF
:10F5300024390100024B1868984208BF0020704728
:10F5400064010020034B1B680BB9FDF7FFBE0020D0
:10F55000704700BFB453002030B570B10B4B5B68EF
:10F5600098420AD0036843B1D3E90421D0E90445A5
:10F57000121941EB0501C3E90421D0E900321360FF
:10F580005A600023C0E9003330BD00BF6401002091
:10F59000B3F1FF3F08BFB2F1FF3FF8B504461D4687
:10F5A00016465AD08160EFF31187202383F3128827
:10F5B000BFF36F8F013275F1FF3321DA6FF0010372
:10F5C0002B49D1E900209B1A4FF0FF3262EB00007B
:10F5D0009E1B60EB0500012E70F1000301DA01268D
:10F5E0000020C4E90460FFF7A5FF224E844670683E
:10F5F000BCF1000F0DD1C4E90060046074601CE030
:10F60000FFF7A0FF013645F10005361845EBE07025
:10F61000E7E7DCE90425D4E90431934271EB050EF8
:10F620001CDAD21ADCF8043065EB0105CCE90425BC
:10F63000C4E900C31C60CCF80440FFF77BFF8442A0
:10F6400007D10D4B1C6824B902F08AFF2146FDF753
:10F650004FFE87F31188BFF36F8FF8BD9B1A61EBE4
:10F6600005018445C4E90431C5D0DCF800C0BFE71A
:10F67000E803002064010020B45300202DE9F04786
:10F68000EFF31185202383F31288BFF36F8FDFF828
:10F69000A0900026C9F800000027FFF74BFFDFF815
:10F6A0009480D9F80030D8E900ECD91750B1D0E9EE
:10F6B0000442A34271EB020A1ADAE41A62EB010275
:10F6C000C0E90442002413EB0E034CEB0101C8E92E
:10F6D0000031C9F8004002F043FF2146FDF708FE63
:10F6E00085F31188BFF36F8FBDE8F047FFF7D6BEF3
:10F6F00014EB0E024CEBE473C0E90467C8E9002385
:10F70000FFF72AFF85F31188BFF36F8F836898474F
:10F71000EFF31185202383F31288BFF36F8FD9F89D
:10F7200000301B1BC9F80030FFF704FFB9E700BF2A
:10F73000B4530020E803002010B5EFF31184202318
:10F7400083F31288BFF36F8FFFF7FCFE0346054A71
:10F75000D2E90001181841EBE37184F31188BFF37B
:10F760006F8F10BDE803002010B50A4C23681BB151
:10F7700001232360002010BD00F0ECF80028F7D032
:10F780000138062803D8044B53F8200010BD034865
:10F7900010BD00BFB8530020D82D0100FE8FFFFF21
:10F7A000BFF34F8F0549064BCA6802F4E06213436A
:10F7B000CB60BFF34F8F00BFFDE700BF00ED00E05F
:10F7C0000400FA0530B44FF0FE320025074B084C18
:10F7D00008494968C3F80024C3F80424C3F808247E
:10F7E000C3F80C24C4F8005530BC084700108450FE
:10F7F000000084506C010020024BD0E90012C3E9E4
:10F80000001270476C01002010B5044650B16368C7
:10F8100013F0685F05D0064A934202D0002362606D
:10F82000236010BD034B04485B689847EFE700BFB7
:10F830002C5F5CA96C010020F42D0100C8B1436865
:10F840000D4A934213D013F0685F0ED0012350E8A5
:10F85000002F194640E8001C9CF0000FF7D1012A48
:10F86000F5D0BFF35F8F002070470448704704480D
:10F8700070476FF4E04070472C5F5CA9E98FFFFF91
:10F88000EA8FFFFF034680B1426809498A420AD0E5
:10F8900012F0685F05D0BFF35F8F002210461A6038
:10F8A000704704487047044870476FF4E040704761
:10F8B0002C5F5CA9E98FFFFFEA8FFFFF10B50446BC
:10F8C00020B10023034A2360626010BD0248FFF7A5
:10F8D00079FFF6E73A00003A1C2E010070B5194C8A
:10F8E000D0F804C00668C4F804C0D0F808C0C068E6
:10F8F000C4F808C0E06026600868134B134D186018
:10F900004868D5F818215860886812F0685F9860D8
:10F91000C8680969D860196112D000230C4A05F53E
:10F920008A70C5F81431C5F8B831C5F81821C5F882
:10F93000BC21B047236805F5DC70BDE8704018476E
:10F9400070BD00BF8801002074010020D05300204A
:10F950002C5F5CA938B500F02FF820B1032400F02B
:10F9600063F8204638BD00F031F898B900F0ACF8E3
:10F9700098B90F4DD5F828391B0EF02B08D1D5F8C2
:10F98000242A0C4B9A420AD0072400F017F8E6E725
:10F990000624FAE70424204638BD0024F5E70120B8
:10F9A00000F092F804460028F7D1C5F80C0AD8E711
:10F9B000001084500000E0200020704700207047B5
:10F9C000014BC3F8040A70470010845010B5114869
:10F9D00000F048F800B110BD0F4800F043F80028CF
:10F9E000F9D10E4C204600F03DF80028F3D10C4B25
:10F9F0000C481C6000F036F801460028EBD100F0FE
:10FA00002DF8044608B1204610BD00F03FF820460E
:10FA1000FAE700BFC8010020C4010020C001002097
:10FA2000B8010020BC01002008B5084800F024F807
:10FA3000074800F021F8074800F01EF8064800F0DB
:10FA40001BF8BDE8084000F00BB800BFC80100205B
:10FA5000C4010020C0010020BC010020002070472C
:10FA6000704700BF08B5034B02681B6810689847D1
:10FA7000002008BD8801002008B5034B02685B68C0
:10FA800010689847002008BD8801002070B5094C17
:10FA9000094D2069AB68984718B1084B08485B6866
:10FAA00098470021074AEB6811602069BDE8704063
:10FAB000184700BF74010020880100206C0100205D
:10FAC000402E0100CC530020F8B51A4D1A4E0446C2
:10FAD000B26828699047E8B9184F3B684CB1A3B1A8
:10FAE000012B19D0013B3B602869F368984700203F
:10FAF000F8BD43B90121124AC2F800151149D1F8E5
:10FB00001029002AFBD101333B60F368286998472C
:10FB10000020F8BD0C48F8BD0A4AD2F81039002B75
:10FB2000FBD1074A6FF07E40C2F80035FFF748FF6F
:10FB30003B68D7E77401002088010020CC530020E7
:10FB40000000845000108450E98FFFFF70470128A7
:10FB500005DC0028ACBF0B206FF0150070470228B1
:10FB600018BF6FF0150070470020704730B58368EC
:10FB700004468B42154685B00ED96368C0681944A7
:10FB800001AA00F0B0FE28B96268019B9B1A2B60A5
:10FB9000029B6B6005B030BD6FF02100FAE7704743
:10FBA0002DE9F7430E4617469946044628B94FF00B
:10FBB000FF38404603B0BDE8F0830029F7D0002AA3
:10FBC000F5D0CB680D8938461D44042329460DEB3A
:10FBD000030200F023FC80460028E8D146F6081214
:10FBE000BDF804107389914225D1BDF806109942E1
:10FBF000DDD1042338460DEB0302294400F00EFC4E
:10FC00000028D4D146F60713BDF804209A42CED17D
:10FC1000C4E900679DF82830A4F80890A37273899E
:10FC2000BDF806202B44E360738913442B4404354C
:10FC300063612561BDE7002BE4D0B8E72DE9F3410E
:10FC40000E4617461D46044620B94FF0FF3002B05D
:10FC5000BDE8F0810368002BF7D04368002BF4D097
:10FC60004FF6FF78D4E904239A4216D223685B89C1
:10FC700023B1E368934204BF043323610423216961
:10FC800060680DEB030200F0C9FB0028DDD1A37A08
:10FC90002BB1D4E903329A4201D30120D7E723895B
:10FCA000BDF80610434501F1040203D0BDF804C0BD
:10FCB0009C450BD115B1BDF804302B80236904336A
:10FCC00033603980236913442361C0E723691344F7
:10FCD0002361C7E748B103683BB143682BB1C068F3
:10FCE000884294BF0020012070474FF0FF307047DA
:10FCF00073B50C46064611460223204601AA00F0C1
:10FD000008FA0546E8B9019A1F2A0ED9A2F1200186
:10FD1000304620222368194400F006FD2368019A2A
:10FD200013442360284602B070BD0146C2F1200290
:10FD3000304600F004FD019A2168C2F120003044F1
:10FD4000EAE76FF00205EDE74FF4C0635843303047
:10FD5000704710B5044600F0A3FB4FF4C062A368DF
:10FD6000303B02FB103010BD70B50D46044601F06B
:10FD70009AFC2A46A0F1080104232046BDE8704001
:10FD800000F04CBB13B50446019101F08CFC042338
:10FD9000A0F108010DEB0302204601F0C7FC02B000
:10FDA00010BD2DE9F743044690F8B8000D461746FC
:10FDB000F8F7A8FD6946C0B2FAF7DCFD38B10126B4
:10FDC000009800F02AFB304603B0BDE8F0832C22F7
:10FDD0004FF05808554394F8B830009808FB035387
:10FDE0002344B3F80890DB689944042349460DEB9B
:10FDF000030200F013FB06460028E0D194F8B83067
:10FE0000BDF8042008FB035546F608132C449A421B
:10FE1000648900981AD1BDF806309C4201D00326AF
:10FE2000CEE7042304EB09010DEB030200F0F6FA20
:10FE30000028C4D146F60713BDF804209A42EED13B
:10FE4000BDF80610214449443960B9E7002CF1D0CF
:10FE5000E5E7FFF7FEBFFFF7FCBFFFF7FABFFFF7CD
:10FE6000F8BFFFF7F6BFFFF7F4BFFFF7F2BFFFF7EA
:10FE7000F0BFFFF7EEBF704738B5044600235825A2
:10FE8000012B84F8B83000D938BDE21892F8B920B7
:10FE90005AB905FB0343D86C00F0BFFA94F8B830A8
:10FEA00005FB0343186A00F0B8FA94F8B830013340
:10FEB000DBB2E5E7F8B51346164658220F4690F830
:10FEC000B810044601FB02020021F9F779FD94F80D
:10FED000B85008B1012D0DD1582303FB0545012170
:10FEE0003346204605F12C02F9F76AFD10B1002FC8
:10FEF00008BF0020F8BD0123036003F10123436024
:10FF00000023C0E9023370474379012B07D103680E
:10FF1000012B04D10079431E5842584170470020FC
:10FF2000704700F0A5BA58222DE9F84F0E4690F818
:10FF3000B830044602FB0302116A8E422CD0D26C08
:10FF400096422BD101272C224FF05808574308FB2B
:10FF50000373D4F8B40023449D6AFFF7F5FE4FF015
:10FF6000000A8146013D94F8B830304608FB03731F
:10FF700023445B6A03EBC50253F83510D2F804B092
:10FF80001B685A46C91ADA44FFF7CBFFCA4505F188
:10FF9000FF35E8D3BDE8F88F0027D4E70120F9E763
:10FFA000582373B5154690F8B8600C4603FB06005D
:10FFB0006946C06CFDF7A0FAE979012903D0324601
:10FFC000204601F00AFC9DF80330012B02D12046A7
:10FFD00001F0E2FBA9682046FFF7D4FE2046FDF7BA
:10FFE0006BFA002002B070BD582290F8B83002FBC6
:10FFF0000300436A00205A68034613448B4200F111
:020000040001F9
:100000000100FAD3704710B543790279012B06BF7E
:1000100000230C464B0202F1FF3201FB023302685F
:1000200018BF4C00013A04FB023010BD012070479C
:10003000F8B55825044690F8B83005FB03035A6A12
:100040001B6DD0F8B40057685E68FFF77DFE002294
:1000500094F8B81005FB0145AB6A013B3A44904265
:1000600003F1FF33FAD8582202FB0144606D7B4351
:100070007043984228BF1846F8BD70B50368CD1A82
:10008000002D02DC6FF05F0070BD93F900601C78FA
:10009000002E0ADB5C1C04601B7813600368C91A1D
:1000A00013688B42EED80020EEE704F07F04013C99
:1000B000032C2BD8DFE804F0020A1421012DE1D033
:1000C0005B781360036802330360E7E7022DD9DD34
:1000D000B3F801305BBA9BB2136003680333F3E7F4
:1000E000032DCFDD9C785D782402DB7844EA05445B
:1000F0002343136003680433E6E7042DC2DDD3F81D
:1001000001301BBA136003680533DDE76FF063004D
:10011000BAE770B404680E1B002E07DD26789E42F5
:1001200008D10134046070BCFFF7A7BF6FF05F0017
:1001300070BC70476FF06100FAE738B503230446DE
:10014000FFF7E7FF18B9136813B96FF0670038BD00
:10015000013B136023681A78002AF6D1013323602B
:10016000F5E72DE9F34190461F4601AA30230546E5
:100170000E46FFF7CEFF0446F0B92B68F61A002EA4
:1001800034DD42461B78284642F8043B2E68019B2A
:100190001E4431460623FFF7BCFF044660B92B68B6
:1001A000D8F80420C8F808309918B142296007D15E
:1001B0000C213846F9F7E0FE204602B0BDE8F08198
:1001C0009B5C3A4642F8043B2B6831460133284693
:1001D0002B60FFF752FF60B92B687A68BB6013444D
:1001E000B34218BF6FF065042B60E5E76FF05F0462
:1001F000E2E70446E0E70A448A4200D1704711F87A
:10020000013B40BA80B25840C0F303134340180387
:1002100080B24340580100F4FF505840ECE7002002
:1002200070470FB407B504A951F8040B0191F9F711
:100230002FFF03B05DF804EB04B07047044608B527
:10024000084611461A46A047FFF744F8FBF796FD0B
:10025000038B13F0070305D10368002B0CBF0020AC
:1002600003207047022B05D1408BB0FA80F0400983
:1002700080007047012B05D10368002B0CBF0020C4
:10028000052070470020704710B50C4600B111B929
:100290006FF0150010BD081D00F093F80028F9D18B
:1002A000A368032BF6D9F3E72DE9F0410D46074685
:1002B0001946281D90461E4600F094F8044638B1B1
:1002C0003346424629463846A446BDE8F0416047D9
:1002D000BDE8F08110B4EFF31182202484F312887A
:1002E000BFF36F8F416110BC0121FAF735BA38B501
:1002F0000C46054658B151B10B6843B14B6833B158
:100300001C22002100F01BFA00202C6138BD6FF088
:100310001500FBE770B505460E46FFF7B5FF041E56
:1003200014DBEFF31182202383F31288BFF36F8F66
:100330004FF6FF716B8B2C8B8B4204F0070407D1B7
:1003400082F31188BFF36F8F6FF00A04204670BDEF
:10035000022C0CD101336B8382F31188BFF36F8FB2
:100360000023224631462846FFF79EFFEEE7062C83
:1003700014D8DFE804F004131313041A0400002354
:1003800033606B683BB9C5E90066ACB90221284609
:10039000FAF7E2F9DAE71E606E60F6E782F3118899
:1003A000BFF36F8F6FF00404D0E782F31188BFF3BF
:1003B0006F8F6FF08504C9E782F31188BFF36F8FE9
:1003C000C4E7034658B1426802F00302012A03D091
:1003D000032A04D1026812B10020986070476FF0C0
:1003E000150070474268034602F00302032A4FF0EB
:1003F0000002816014BF104600685A607047704761
:100400000FB407B504A951F8040B0191F9F740FEA8
:1004100003B05DF804EB04B070477047002930B4B6
:10042000044618460BDBA5680844A84207D8E068D4
:100430006468214484682468A44630BC60476FF037
:10044000150030BC7047002930B4044618460BDB59
:10045000A5680844A84207D8E06864682144846815
:100460006468A44630BC60476FF0150030BC70472C
:100470000029034610B410460BDB9C680844A042D8
:1004800007D8D8685B68194483689B682BB110BC97
:1004900018476FF0150010BC70476FF05700FAE76F
:1004A00008B5C0688368DB689847006808BD08B570
:1004B000C0688368DB689847407908BD70B54C68B0
:1004C0000368A34201D2012070BD8A68224493428E
:1004D00001D30020F8E74E69D1E90325B54203D3E3
:1004E0006FF00B038B61F4E71B1B42F83530436858
:1004F000086902EBC00253600B6901330B61E2E74C
:1005000037B50C46C0B201A91546FAF733FA0028F0
:100510000CDB019850B121462A46FAF751FA0446FD
:100520000198FFF77AFF204603B030BD6FF0150445
:10053000F9E7002008B5F9F7DBFF70B506460D4670
:100540000024AC4200DB70BD305DFAF7A1FB013046
:10055000F9D00134F5E7002330B58BB00C461546D1
:1005600000930A464FF6FF73014604A8FFF718FBF5
:1005700018B14FF0FF300BB030BD0DF10A0302AAE5
:1005800003A904A8FFF75AFB0028F2D1BDF80A30EE
:10059000102BF2D1BDF80830202BEAD12A46204694
:1005A0000399FFF73BFF003818BF01204042E2E704
:1005B0002DE9F74F05460E4690461F4601F09FFC79
:1005C00020B96FF04C0003B0BDE8F08F4FF0140974
:1005D000002334464FF0010B09FB08693B60694674
:1005E000284601F089FC60BB284601F0B1FC0028D8
:1005F000E7D00020E7E7A14598BF3446019A636839
:100600009A4212D12168009800F067F868B9237CFB
:10061000D3B9D4E9023128469847C0B184F810B064
:100620003B68143401333B60D9E714340AF1010A02
:10063000C245E0D10021284601F0E1FC0028CED1DE
:10064000D2E74FF0000AF3E76FF06F00BBE76FF0FF
:100650002200B8E7012801D1EFF30583FEF7D2B8F5
:1006600001460068FFF7F6BF08B5FBF7D7F9BDE80C
:100670000840FBF7D7B900210120FFF7EBBF436E1D
:1006800083F30B88704761B662B680F31188BFF3BD
:100690006F8F704772B6002383F31188BFF36F8F9B
:1006A000BFF34F8F30BF62B6BFF36F8F704772B624
:1006B000002383F31188BFF36F8FBFF34F8F20BFE9
:1006C00080F31188BFF36F8F62B670470346002036
:1006D0001A5C02B970470130FAE710B55AB1013916
:1006E000841810F8012B11F8013FA04201D09A4262
:1006F000F7D0D01A10BD1046FCE7431A934210B54C
:1007000000EB020308D3024601399A420BD011F8DC
:10071000014F02F8014BF8E70A4412F8014D8A42F2
:1007200003F8014DF9D110BD10B5431E0A449142A2
:1007300000D110BD11F8014B03F8014FF7E7034654
:10074000C9B20244934200D1704703F8011BF9E794
:100750004B68012B07DD0B6818700B6801330B60C9
:100760004B68013B4B60002070470C220369C9B203
:1007700001FB0233186C00F00700704770B5C9B276
:100780000369EFF31185202484F31288BFF36F8F80
:100790000C2606FB0134246C14F0C00408D0A242DD
:1007A00006D085F31188BFF36F8F4FF0FF3070BD17
:1007B000012271430B441A6485F31188BFF36F8FD4
:1007C00043680B445B6898470020F0E78022FFF7FE
:1007D000D5BFF8B5069F0469C9B2EFF3118620258D
:1007E00085F31288BFF36F8F0C2569430C44256C89
:1007F00005F0070CBCF1010F0BD1276486F31188BB
:10080000BFF36F8FC4E90E2343685B5898470020FD
:10081000F8BD05F0C005AF4286F31188BFF36F8FB6
:100820000CBF6FF077004FF0FF30F1E713B5802475
:100830000094FFF7CEFF02B010BD10B41C24006975
:10084000CBB203FB0400002110BC10470020FDF7D1
:10085000CDB8002001F09AB81046FEF715BA4B1E2D
:100860005B0800EB8300C369C90758BF1B0CC3F3C7
:10087000072113F0FF031BBF002011706FF015005C
:1008800053707047F7B51C460023164682682360F4
:10089000A3600D465369694601AA9847019B5A1EF9
:1008A00001921BB96FF0150003B0F0BD0098A2686B
:1008B00047682168676085B9B31AD0F800C06345FE
:1008C00028BF634603FB07111A442160A260026837
:1008D0009A4206D808300090E0E76B1AB3FBF7F3B2
:1008E000EBE70020E0E713460022FFF7CBBF2DE93E
:1008F000F0470024836886B0884691465B6902AA67
:1009000001A99847A2462546029BAB4202D806B0F1
:10091000BDE8F0870026019F07EBC5077B680493BD
:100920003A680AEB0603B24202D89A460135EBE771
:1009300049460394059303A8C0470028E7D0049BC9
:1009400001361C44ECE710B50C4601F080F800239A
:10095000C4E90003184610BD38B505460C4601F041
:1009600076F8002D07DBA84205D9401B84428CBFD6
:100970000020012038BD0020FCE770B50D46194667
:10098000284616461C46FFF7E7FF38B124B1224639
:1009900029463046FFF7C8FE002070BD6FF01500F5
:1009A000FBE743681C330B60012313607047436807
:1009B00000209B69C1E900307047FEF765B94FF030
:1009C000FF324FF0FF33FEF793B9F0B54468076983
:1009D00000208BB000908DF804000120119E07903C
:1009E00010988DF80010D107CDE9080602F08005B7
:1009F000CDF818D00DD53A7D1BBA0493D3071DD579
:100A0000042204A90DF10100FFF78EFE079B0433B9
:100A10000793002E0CBF0122022206ABCDE903236F
:100A2000029302232146059351F8040B85B1836894
:100A30001C68002302AAA0470BB0F0BD03220DF1F1
:100A400011010DF10100FFF76FFE079B0333DFE794
:100A500083681C6804ABEDE7002373B50D1E466880
:100A600014BF04210621CDE9003380220446FFF79C
:100A7000ACFF96F834309B0609D540B93DB9034622
:100A8000CDE90000802298212046FFF79EFF02B0AA
:100A900070BD1FB5012301930DF10F0300930023D7
:100AA00005211A46FFF791FF08B99DF80F0005B020
:100AB0005DF804FB2DE9FF41064615461C4601275B
:100AC0000DF10F08002305211A463046CDE90087B5
:100AD000FFF77BFF40B99DF80F30DB0704D52846B0
:100AE000214601F024FDEDE704B0BDE8F0812DE9D9
:100AF000F34743680F1E05461646D3F818907EDB71
:100B0000BB184B457BD847EA0204C4F30B04002C06
:100B100075D10069FFF753FF21462846FFF79CFF78
:100B20004FF0FF3A0446002E46D101212846FFF738
:100B300093FF002C08BF04462869FFF73EFF2046BC
:100B400002B0BDE8F087A046286900F115031D300A
:100B50005A7882B10AFA02F137EA01010BD1012178
:100B60009140B14207D8B8F1000F1CD098F801109D
:100B7000914238BF984602339842E9D1B8F1000F4C
:100B800013D00023812298F800102846CDE90033C5
:100B90003B46FFF71AFF012398F8012004469340D3
:100BA0001F44F61A21E09846E5E76FF0150401218D
:100BB0002846FFF751FFBFE7002CF8D12346CDE9C7
:100BC0000044802206212846FFF7FFFE0446002845
:100BD000EDD1B145B7D10346CDE900008022C72150
:100BE0002846FFF7F2FE00260446002CDFD140F233
:100BF000676200232846FFF75DFF044693E76FF026
:100C000015049CE72DE9F74F05461F464368006928
:100C10000E1E91469B69B0F81E8050DBF2199A4275
:100C20004DD8FFF7CCFE00212846FFF715FF0446FC
:100C3000D0BB82462FB901212846FFF70DFF04469D
:100C400036E0B845C34628BFBB4606EB0B03013B65
:100C500096FBF8F2B3FBF8F3934218BF08FB12625D
:100C60004FF0000318BFA8EB020B06218022284694
:100C7000CDE900AAFFF7A9FE0446A8B933468122B0
:100C800002212846CDE9009BFFF79FFE044658B994
:100C9000012200232846FFF70DFFA7EB0B070446B0
:100CA000D9445E440028C5D001212846FFF7D4FE70
:100CB0002869FFF782FE204603B0BDE8F08F6FF091
:100CC0001504F8E7F7B51E4643680D1E044617469F
:100CD0009B6914DBAA199A4211D80069FFF76FFECD
:100CE0002B46012203212046CDE90076FFF76DFE59
:100CF00005462069FFF761FE284603B0F0BD6FF09E
:100D00001505F9E7F7B54468054694F834309A07B5
:100D100044D5076901F062FC4FF47A76A0FB0632F5
:100D200006FB0122DB0B43EA42433A699B1A13D4C8
:100D3000E28D268E9B1AB3420EDA4FF4004740F242
:100D4000E7300021F61A4FF47A720023E6FB070120
:100D5000F7F79CFB01F0EBFB94F8343013F004033D
:100D60001CD18022AB212846CDE90033FFF72DFEB0
:100D7000A8B994F834309B0710D540F2E7314FF40E
:100D800000450E460146648E4FF47A72E5FB04611D
:100D900000233046F7F77AFB01F0C9FB002003B0CF
:100DA000F0BD2DE9F043044687B000694FF0FF32F3
:100DB000012101F040FB6768386801F090FA28B91A
:100DC0006FF01205284607B0BDE8F083F86858B9FF
:100DD0002069FFF7F4FD2046FFF794FF002808DAAA
:100DE0002069FFF7EAFDEBE701F079FA0028EFD17F
:100DF000E6E72046FFF74DFE051E40F30181ED07B3
:100E000000F1F8802069FFF7D8FD2069FFF7D7FDD2
:100E10004FF00308002302AE1A469F212046CDF86A
:100E200004800096FFF7D1FD05462069FFF7C5FD58
:100E3000002DC5D13046424607F12401FFF74DFC95
:100E40000646002840F0F08097F82C30206963B304
:100E5000FFF7B5FD2046FFF71CFE051E20DD97F8C5
:100E60002C30802225EA0305062133462046CDE9B1
:100E700000668DF81050FFF7A8FD03460028AFD19B
:100E8000012104AA0092204680220191FFF79DFDD6
:100E90000028A5D1002200232046FFF70BFE0546BF
:100EA0002069FFF78AFD002D8AD10022CDE90422B6
:100EB0006368276993F8271007F115088DF8131058
:100EC0009E6A7368934280F2A280012123F000435E
:100ED000A3F12002C3F1200001FA02F221FA00F08E
:100EE000024301FA03F3DB0843EA427500210822BA
:100EF0004046FFF724FC4FF00109494609F101097A
:100F0000424630465FFA89F9FFF7A9FCB9F1050FAF
:100F100008F10208F1D19DF813300A2B89BFB36A9A
:100F20004FF48073C3F30312012388BF9340FB8304
:100F300063689B699D427FF443AF336813F4C02F0D
:100F400027D0314603AA04A8FBF7ECF9054600BBFD
:100F50009DF80C60731EDBB2FD2B1AD8B0073FF46E
:100F60002FAF2069FFF72BFDB10752D40023802259
:100F7000B7212046CDE90033FFF727FD00287FF495
:100F80002FAF2269137D43F0010313752069FFF72A
:100F900014FD6268D2E907134B4392699A427FF4C9
:100FA0000FAF2069FFF70BFD636893F834309A07A1
:100FB00049D500238022B9212046CDE90033FFF72F
:100FC00004FD0546002840D16368256993F8343054
:100FD0009B072CD42846FFF7F0FC2069FFF7EFFCB5
:100FE0002046FFF78FFE05462069FFF7E6FC05EA7D
:100FF000E575E7E6002200232046FFF75BFD054686
:101000002069FFF7DAFC002DBFF6FFAED8E601330A
:1010100069E72B46802206212046CDE90055FFF7DF
:10102000D4FC0028A2D0DBE66FF01505CAE601F07B
:10103000D5FA4FF47A72A0FB020302FB0131C00B18
:1010400040EA414028612069C5E72069FFF7B5FC07
:10105000002DC2DA15F1860FBFD0B3E64368002039
:101060005B681B690B607047436802EA01005B68BC
:1010700021EA020198600020D9607047436800208F
:101080005B6899607047436800205B68D96070476F
:1010900043685A68536821EA03000B4090600020BF
:1010A000D360704710B503695868F8B1884219D108
:1010B0009C680868A142586000D1986000200860D0
:1010C0002AB15A680A609A68596002B9996000208A
:1010D00010E0814206D10868206098688142EDD115
:1010E0009C60EBE7044600680028F2D1002AE8D1B2
:1010F0006FF0150010BD30B543681360057A446881
:1011000004EBC504A34202D36FF0010030BD5C794B
:101110008C4201D00833F0E70020F7E743681B68F2
:10112000D3F88004C3F88004704742681368D3F88A
:10113000100150B10020D26912780A70C3F8100172
:10114000D3F8102101221A6070474FF0FF3070472A
:10115000002A0FDD42681368D3F8100158B100204F
:10116000C3F81001D3F810010120D26912780A7077
:10117000186070470020704710B54368196803690C
:10118000EFF31182202080F31288BFF36F8F0024C9
:101190001868847301201B68D8734FF48003C1F86A
:1011A000043382F31188BFF36F8F10BD01210369EF
:1011B0001A68917300221B68DA737047026903464C
:1011C0001168C87B40B15B681B68D3F8580118B13F
:1011D00000230B6113689889704743681B68D3F834
:1011E0001001003818BF01207047102243681B68A7
:1011F000C3F804237047102243681B68C3F8082310
:1012000070474FF4007243681B68C3F804237047AB
:101210004FF4007243681B68C3F80823704738B561
:10122000436804461D68D5F804335B0205D4D5F83D
:10123000040310F0100006D138BDFFF7BFFF0028EF
:10124000F5D00120F8E72046FFF7C7FF003818BFA8
:101250000120F1E7012070470369186801601B68ED
:101260005A60704702680346D2F8580140B95B687B
:10127000DB0706D4D2F82001003818BF01207047E0
:101280000120704710B4436802691B68D3F8041347
:10129000C90517D5D3F82011A1B1EFF3118120248E
:1012A00084F31288BFF36F8FD3F8204134B1002448
:1012B000C3F82041D3F820410124DC6081F3118878
:1012C000BFF36F8F1168D3F8584171B17CB100241E
:1012D0000C611168C97B19B94FF48001C3F8081378
:1012E00011688C7B1CB100238B7310BC7047D3F842
:1012F000241121B10021C3F82411D3F8243112683C
:101300001368002BF1D0516810BC184710B5044683
:10131000002201210920FAF7B5FD0920FAF782FD24
:101320002046BDE81040FBF737BB10B5044600224D
:1013300001210820FAF7A6FD0820FAF773FD2046E0
:10134000BDE81040FBF728BB2DE9F04106690546D2
:10135000336801279C8910339442A8BF1446D3E810
:10136000EF2F002A03D1C3E8E07F0028F7D10CBF9C
:101370003B4600232BD1336822469868FFF7D4F907
:10138000EFF31188202383F31288BFF36F8F69680E
:101390000846FFF767FF326840B90446106188F3DA
:1013A0001188BFF36F8F2046BDE8F0810B6892680B
:1013B000C3F844250022C3F84845C3F82021D3F8D8
:1013C0002011C3F85821D3F858219F60E7E71C4645
:1013D000E9E7002201210B20FAF754BD10B50B6894
:1013E00013B91846136005E003685C681CB114600B
:1013F0000368186810BD083303600B68013B0B607D
:10140000EDE713B5002101AA0446FFF774FE00289A
:1014100005DB019B226819791868FBF7A5F902B072
:1014200010BD03460A4619790123006803FA01F149
:1014300003691B68194218BF82F0010212B1836868
:10144000DB68184783681B69FBE710B50446006832
:10145000D0B18368C3B149B101210830FFF7E1FF82
:1014600023681869BDE8104000F034BF12B98388C2
:10147000DB0409D4006900F02DFF20680021BDE8DD
:1014800010400830FFF7CDBF10BD10B5012200217C
:101490000446FFF7DAFFA36933B9636004F1100073
:1014A000BDE81040FDF7F0BB10BD10B50069036842
:1014B0008B4206D190F85C4034B9FFF7E6FF204636
:1014C00010BD6FF01500FBE76FF00F00F8E72DE996
:1014D000F843446806690546606BFFF792FF0028F1
:1014E00021DBA16B481C15D10127E36A9847B4683A
:1014F0000834D6E9023203EBC203A4F10802934296
:1015000013D83046FFF7C1FF6B68586BFFF779FFC0
:10151000002008E004F13C00FBF7A8FC10F1130FD9
:1015200001D0411DE0D1BDE8F88354F8080C00F06B
:10153000D6FE28B354F8080C14F8041C34F8023C06
:10154000D0F810E0DA0754BF43F4B01383F4D0139B
:10155000DEF800C023F4801207FA01F8DB074CBF65
:1015600048EA0C032CEA0803D0F80890CEF80030C3
:10157000D9F800309847002804F10804B9DAD2E716
:101580006FF01200CFE738B505690446296305F10D
:101590002000FDF779FB002285F85C2020691146C8
:1015A000BDE83840FFF751BF38B502780346002A3E
:1015B00052D10C69A26D32B9606D6FF07301BDE854
:1015C0003840FFF7E0BFE06C40B1216D31B1DB681E
:1015D00023B1834202D0616EFFF7A6F8A36CA56D1C
:1015E0009BB19D4211D85B1BA3644BBB636B04F1A1
:1015F000480208336363A36B04F13801013BA36322
:1016000004F13400FFF7EAFE6064236D9BB19D4254
:1016100011D85B1B2365CBB9E36B04F1500208338F
:10162000E363236C04F14001013B236404F13C00BB
:10163000FFF7D4FEE064606DBDE83840FBF728BAE0
:10164000636C002BE1D02B446364DEE7E36C002B7A
:10165000F1D02B44E364EEE738BD002200F15003E3
:101660009B009BB203F1502303F580331A601B6883
:10167000704708B5FBF7D8FC08BD03465A6B00233A
:101680003C309A4200D17047C16801330844F8E702
:10169000FEF76AB808B5F9F7BFF9F9F78BFABDE8B4
:1016A0000840FEF761B88068183820F0070010384D
:1016B0007047042809D0052803D1481E18BF01200F
:1016C0007047431A5842584170470120704738B557
:1016D00015460C4661B15AB1FEF7E9FE2146254494
:1016E00011F8013B834203D1A942F9D1012038BD51
:1016F0000020FCE738B50C4601231146224605467A
:10170000FEF78CFE00280FDB012221462846FFF75A
:10171000DEFF38B92378012B14BF022301230020F8
:10172000237038BD0323FAE70120FAE72DE9F743D8
:101730001D4606460F469046FEF7B2FE6C1E044458
:1017400040420440082C1AD83046FEF7B0FE8146CD
:101750002A4641466846FEF7E7FF4946621B0DEB05
:101760000500FEF7ECFF23466A4639463046FEF791
:101770006AFE003818BF012003B0BDE8F0834FF0C7
:10178000FF30F9E707B501238DF8042001AAFFF720
:10179000CDFF03B05DF804FB81680122183921F008
:1017A0000701FFF7EFBF8268183A22F00702FFF740
:1017B000A1BF13B50C46C0B201A9F9F7DBF850B9C7
:1017C00021460198FBF798FE04460198FEF725FE96
:1017D000204602B010BD0124FAE713B541EA021118
:1017E00004468DF80710FFF75EFF012301460DF157
:1017F00007022046FFF79AFF02B010BD8168012260
:10180000183921F007010839FFF7BCBFF7B50D1EE5
:1018100069460CBF17462F460446FBF76DFE78B9A4
:101820009DF80060022E25D0032E0BD0012E27D16B
:1018300035B19DF80330032B02D12046FFF7ACFFF2
:1018400003B0F0BD002DFBD12046FBF735FE00288C
:10185000F6D16FB12046FFF79FFF0028F0D1227824
:101860003146D31F5A4220465A41FFF7B6FFE7E7F9
:101870000226F4E735B929462046A268FEF7F8FDAE
:101880000320DDE70420DBE74FF47F03D3F83001CA
:10189000D3F83431BFF34F8FC0F30B00A0F109032D
:1018A0005842584170474FF47F02D2F83031D2F895
:1018B0003401BFF34F8FC3F30B03092B03D1431E36
:1018C00058425841704700207047004700F002BD61
:1018D00040F00040C1F88000C2F880007047F7B5C2
:1018E0000646F8B101281BD104224FF4807301464B
:1018F0004FF050200025C0F80813012142F2107467
:101900004FF050270344024411601D608E421B6853
:101910008DF8071008BF0DF1070546B1012E23D041
:1019200003B0F0BD0C224FF482730221E0E7D7F838
:10193000183403F480333DB9002BF1D00120FFF7B8
:10194000C5FF013CF3D1EBE7D7F8182402F00302FE
:101950002A70002BE4D09DF807000128E0D1FFF7A2
:10196000B5FF013CD9D1DBE7D7F80C3403F4803361
:101970003DB9002BD4D00120FFF7A8FF013CF3D1E3
:10198000CEE7D7F80C2402F00102E1E7FFF7A7BF8A
:10199000F7B51646DDE90847019001A81D46FCF79A
:1019A000BDF8019BB6F1000C18BF4FF0010C00EB25
:1019B00083000B1E18BF0123002D43EA4C0314BF04
:1019C0004FF00C0C4FF0000C002C43EA0C0314BF3A
:1019D0004FF4E06C4FF0000C002F43EA0C0314BFEF
:1019E0004FF4403C4FF0000CD0F8002243EA0C03C7
:1019F00022EA030301B109780EB136787600194363
:101A00000DB12D78AD0031430CB124782402294367
:101A10000FB13F783F040C433C43C0F8004203B091
:101A2000F0BD1FB50DF10F03019300238DF80F10CA
:101A30001A4619460093FFF7ABFF05B05DF804FBAB
:101A4000FCF72CB9FCF70AB90846FCF7F7B84FF4D5
:101A5000801070474FF4805070474FF4807070478B
:101A600070B50126A2F58074A40806FA04F40546B0
:101A700014EA010008D0A85830B100213046A9501E
:101A8000AA581A6822431A6070BD00232DE9F34159
:101A900004460D460193904601AB4FF4A672FFF742
:101AA000DFFF4FF4827229462046FFF7D9FF4FF43B
:101AB0008C72074629462046FFF7D2FF064630B112
:101AC000B8F1000F1DD017B13E46D4F83C354FF4A5
:101AD00088722946204601ABFFF7C2FF30B1B8F14A
:101AE000000F03D016B90FB1D4F83C354FF4907203
:101AF0002946204601ABFFF7B3FF019802B0BDE8CD
:101B0000F0814646E3E7012370B504460D4664269E
:101B10004361002202212046FFF7B7FF20B90120D0
:101B2000FFF7D4FE013EF4D100236B77C4F80035F3
:101B300070BD38B5036A0D46D3E9011291420446DF
:101B40004FF0000002D30122DA6038BD20745A68D9
:101B5000214601325A602422236A58681B680138E2
:101B600002FB0030FEF7E0FD0120A560EDE72DE966
:101B7000F041064604468AB001AD0F4690460FCEAE
:101B80000FC50FCE0FC53368A6682B60236A256882
:101B90005A682AB90222DA6000200AB0BDE8F08152
:101BA000F9070ED524201968013A00FB02117807C5
:101BB00003D40A7C0AB10F22EDE724222046FEF767
:101BC000B3FDB90741BF226A536803F1FF33536085
:101BD000B04504D2236A002BDED00422DBE77A076B
:101BE00048BF25603B0701D40120D6E7143406AB7B
:101BF00093E8070084E80700F6E710B502601A448E
:101C0000029B012983604FF00003C26003740375D7
:101C1000836101D8036210BD24224A43243A841808
:101C200004628350026A8C1E9460026A0229536027
:101C3000026AD360026A1374026A53741EBF036A95
:101C400024301860E7E7182871F100030ED3B0F5CF
:101C5000807F71F100030BD3B0F5803F71F1000379
:101C600008D3002914BF09200520704701207047C0
:101C7000022070470320704737B50024002508294B
:101C80000A46CDE900450AD801466846FEF74CFDF4
:101C9000DDE9000103B0BDE83040FFF7D4BF00200C
:101CA00003B030BD00B1C160704743680360836812
:101CB00001338360006AFFF7F5BF08B50268C368A7
:101CC0009A4205D3006A0821FFF7ECFF002008BD07
:101CD0000120FCE738B504460D46FFF7EEFF40B1A2
:101CE00023681B78B5EB531F04D00A21206AFFF745
:101CF000D9FF002038BD10B50446FFF7DEFF38B12C
:101D000023681A78FF2A05D00A21206AFFF7CAFF44
:101D1000002010BD01332360FBE710B5027D0446AF
:101D200032B1FFF7E8FF48B100234FF0FF322375CF
:101D30002046BDE810400721FFF719BF10BD2DE96F
:101D4000F84F04460E4691461D46FFF7B6FF804603
:101D500028B1A36843B90321206AFFF7A3FF4FF01E
:101D600000084046BDE8F88F2268177807F01F0B7F
:101D7000BBF11F0F12D12DB3206A18B1037C0BB138
:101D80001521EAE701232B700025236801356360E4
:101D90002B442360A368013BA360E2E7BBF1170F6C
:101DA00014D9ABF11803D9B203290BD801259D40F2
:101DB000A94509D3E36805F1010A5244934207D2C9
:101DC0000821C9E70721C7E70521C5E70025F1E795
:101DD0004A4600213046FEF7B2FC15B986F800B03D
:101DE000D2E72268711E531913F801099A4201F8CB
:101DF000010FF9D1236A002BC7D01B7C002BC4D064
:101E00000737FFB2022FC0D949463046FFF734FFEB
:101E10008245BAD015219FE738B50C4611460546D4
:101E2000FFF758FF08B9002038BD042200232846D8
:101E3000A118FFF784FF0028F5D02B682360F3E793
:101E4000002337B504468DF80330FFF743FFA8B1F0
:101E5000042220460DF103030DEB0201FFF76FFF93
:101E600060B19DF8035065B901992046FFF761FE06
:101E700050B963682360A3680133A360002003B0F6
:101E800030BD6FF00F01F0E72575F8E738B504466F
:101E90000D46FFF7C1FF48B12268E3689B1A6A68E4
:101EA0009A4204D908212046FFF7FFFE002038BDE2
:101EB00038B504460D46FFF7E9FF18B123686A6894
:101EC0001344236038BD70B50D4600210446164604
:101ED000FFF700FF38B1324629462046BDE8704082
:101EE0000023FFF72CBF70BD0422FFF7ECBFFFF704
:101EF000FBBF0222FFF7DCBF0322FFF7D9BF10B5FB
:101F000005210446FFF79CFF50B1237D4BB96FF0CC
:101F10000042A368934205D305212046FFF7C5FE82
:101F2000002010BD5B00A360FBE7037D23B9806840
:101F3000B0FA80F0400970470368C268934205D246
:101F40001878A0F1FF0358425841704700207047AD
:101F5000FFF7E3BE70B50D4607210446FFF7BAFE52
:101F600048B123681E7806F01F06182E05D90A21ED
:101F7000206AFFF797FE002070BD0023012229464A
:101F80002046FFF7DCFE0028F5D0182EF4D12B7880
:101F90001F2BF1D815212046FFF787FEEBE737B559
:101FA0000C460DF107010546FFF7D4FF58B19DF827
:101FB0000730143BDBB2012B8DF8073006D90A211C
:101FC0002846FFF772FE002003B030BD03F0010386
:101FD0002370F9E738B50D4606210446FFF77AFE6F
:101FE00008B9002038BD0023042229462046FFF707
:101FF000A6FE0028F5D0A3680133A360F2E770B510
:102000008EB00546FFF759FE002854D02B680022F9
:102010001C7800232946CDE9022305A8242264095F
:10202000FEF782FB062C1CD0221F0023012A4FF052
:1020300008028DF804300DEB020198BF01AB05A832
:10204000FFF77DFE0646002835D0042C3BD019D87A
:10205000023C012C21D9059B2B60AB68013BAB6096
:102060002AE001A905A8FFF7B5FF20B3059B089A50
:10207000934204D30821286AFFF714FE1BE01C7862
:102080006409CFE7052CE6D1DDE90232B3F1004F58
:1020900072F1000113D32146EDE7EB682968029A3B
:1020A0005B1A9A4203D8059B13440593D3E7082192
:1020B0002846FFF7FAFD002630460EB070BDDB184B
:1020C0005241CDE902329DF8044024B16FF00F0275
:1020D0000023CDE90223029B8DF82840079305A831
:1020E000FFF723FF014638B1002CB4D005A8FFF755
:1020F00002FE0028AFD1DEE705A8FFF780FF002829
:10210000EDD1D8E700B1C160704710B50368C4686D
:10211000A34205D3006A0821FFF7F4FF002010BD99
:1021200002F01F0242EA4111197003680133036093
:102130000120F4E770B505460E46104619461446D0
:10214000FFF79AFD22463146431E2846BDE87040FF
:10215000FCF728BBF8B51746C368026804469A42E4
:102160000D4606D30821206AFFF7CCFF0026304633
:10217000F8BD9B1A4A689A42F4D80E4656F8043BBA
:1021800053B104213046FFF777FD6A682368134492
:10219000E26803449A42E5D3324604233946204696
:1021A000FFF7C8FF06460028E0D02068296888426B
:1021B00002D06A68FEF7A1FA23686A6813442360B4
:1021C000D5E7082A73B513460C4606D9006A0521DF
:1021D000FFF798FF002002B070BD8E1816F9012C91
:1021E000002A0FDA0A4669460C46B24204D10121A0
:1021F0002246FFF79FFFEEE712F8015BED4301F87F
:10220000015BF2E70021F3E713460A460021FFF7DE
:1022100091BF07B5042201910DEB0201FFF7D1FF39
:1022200003B05DF804FB07B5042201910DEB020138
:10223000FFF7EAFF03B05DF804FB0222FFF78ABF55
:102240000322FFF787BF07B5CDE900126946FFF704
:10225000F4FF03B05DF804FB07B5CDE90012694651
:10226000FFF7EEFF03B05DF804FB1F220421FFF728
:102270004CBF1F220521FFF748BF1F220721FFF790
:1022800044BFFFF7FABF10B50A4609781839072985
:1022900005D9BDE8104001230721FFF74BBF1521E9
:1022A000006AFFF72FFF002010BD07B514318DF82D
:1022B00007100DF10701FFF7E6FF03B05DF804FB1F
:1022C0001FB50024CDE90144069C0094FFF795FC5E
:1022D00004B010BD08B1F9F783BE7047704740B134
:1022E000C368587810F001001EBF1878B0FA80F06B
:1022F00040097047EFF31183202383F31288BFF363
:102300006F8FFEE708B5FFF7F5FF10B5D0E9003491
:1023100033B90020E268537843F00103537010BDD5
:10232000204698470028F4D00028B8BF4042FF2834
:10233000A8BFFF20E3681870ECE7FEF700BAFEF7CD
:10234000F3B970474169836843EA010212F003025E
:102350000FD1C2600269013A01FB023382689A42DE
:1023600001D900207047C2681A604269C3609B1A95
:10237000F4E76FF01500704710B5C0E90432002390
:10238000816083610446FFF7DDFF0028A8BFC4E930
:10239000004410BD2DE9F04105460F46EFF31188CA
:1023A000202383F31288BFF36F8FC668F6B90468E1
:1023B000A0421BD0D4B1D4E9003213605A60637BD1
:1023C000C4E9006623F002036373A66004F11800F9
:1023D00000F0DFF82046A667676100F078F8414614
:1023E00005F10800BDE8F041FCF754BE3E60AB6962
:1023F000EF60013BAB6188F31188BFF36F8FBDE8DD
:10240000F081202408B5EFF3118384F31288BFF321
:102410006F8FFEF73FF9F6E790F90E308B4201D04F
:10242000FCF7EABD0020704703460020C3E90033F3
:10243000C3E9020070473AB18A4205D3C0E90212EB
:10244000C0E90000002070476FF015007047EFF3FF
:102450000580003818BF01207047D0E900321360B2
:102460005A600023C0E90033704708B5FFF7F5FF55
:10247000437B23F0020343730023836008BD38B518
:1024800004460D46FCF71AFD637B43F002036373B9
:10249000E5B1A5602B689D4209D16B68C4E9005382
:1024A0001C606C6012E06A689A42F6D01B68002BD0
:1024B000F3D094F90E2093F90E108A42F3D0914292
:1024C000F1DD5A68C4E9003214605C6038BD10B5B3
:1024D000EFF31184202383F31288BFF36F8FFCF78F
:1024E000A5FC84F31188BFF36F8F10BD014610B5B2
:1024F000EFF31184202383F31288BFF36F8F437BA4
:1025000013F0280F0AD183680BB1FFF7AEFF4B7BA6
:10251000084623F004034B73FCF788FC84F311880E
:10252000BFF36F8F10BD01211838FFF7DFBF38B53B
:102530000C460546FCF768FEB4F1FF3F08BFB5F155
:10254000FF3F1FBF47F6FF7300224FF47A71C0FBB5
:10255000013216BFD80B4FF0FF3040EA424038BD81
:1025600010B5FCF7E7FF0446FCF7ECFF74B1D4E9C3
:1025700004321B1A62EBE072B3F1004F72F10001FA
:1025800004DA002AACBF1846002010BD6FF00040EE
:10259000FBE7024638B5EFF31185202383F3128859
:1025A000BFF36F8F036893B1FCF7C4FF0446104676
:1025B000FCF7D2FF844204D1FFF7D2FF0021FAF7E3
:1025C00097FE002085F31188BFF36F8F38BD6FF041
:1025D0001500F7E708B5FDF7AFF808BDFDF7ACB893
:1025E000E05EFF7F01000000D1BF0000000000009E
:1025F000C1C000005026010079EA00000000000080
:1026000075C400006426010091160100000000005E
:102610002B1301008C2601000D1301007826010008
:1026200091D100000000000095160100000000009C
:102630007DC30000A0260100CF140100B4260100D4
:10264000A30D0100C826010015D400000000000001
:1026500079370100042C010040290100CC01002041
:10266000B8520020B4370100A42C01001429010045
:10267000D201002044530020C8370100BC2C0100C7
:102680005C290100D401002038000020D23701006D
:10269000F82C01005C290100D60100205C0000201C
:1026A0009037010000000000E4280100CE01002066
:1026B00000000000DC370100342D01003829010042
:1026C000D801002080000020A7370100242C010041
:1026D000FC280100D001002024530020000000004D
:1026E00077060100000000007706010000000000EE
:1026F00077060100000000007706010000000000DE
:10270000770601009DDA0000CB18010000000000F0
:102710007706010000000000770601008C2601000A
:1027200085120100782601008512010000000000DA
:102730007706010051E70000CB18010000000000FF
:1027400077060100B5E00000CB1801000000000092
:10275000770601000000000077060100000000007D
:10276000770601000000000077060100000000006D
:10277000770601000000000077060100000000005D
:10278000770601000000000021D2000000000000D8
:10279000770601000000000077060100000000003D
:1027A000770601000000000077060100000000002D
:1027B000770601000000000077060100000000001D
:1027C000770601000000000077060100000000000D
:1027D00077060100000000007706010000000000FD
:1027E00077060100000000007706010000000000ED
:1027F00077060100000000007706010000000000DD
:1028000077060100000000007706010000000000CC
:1028100077060100000000007706010000000000BC
:1028200077060100000000007706010000000000AC
:10283000770601000000000077060100000000009C
:10284000770601000000000077060100000000008C
:10285000770601000000000077060100000000007C
:10286000770601000000000077060100000000006C
:10287000770601000000000077060100000000005C
:10288000770601000000000077060100000000004C
:10289000770601000000000077060100000000003C
:1028A000770601000000000077060100000000002C
:1028B000770601000000000077060100000000001C
:1028C000770601000000000077060100000000000C
:1028D00077060100000000007706010000000000FC
:1028E000770601007B09010009C40000A5C30000B0
:1028F00075C300004709010065C30000C50C010055
:10290000050C0100EF0A01006DC40000AF090100D1
:10291000A3090100F9C400005D1001006910010065
:102920007D100100871001009110010075C60000A4
:10293000A51001000000000061CB0000AB140100F5
:1029400019C10000CD0701002D08010000000000A2
:102950006B07010000000000000000002B110100C7
:10296000E5C800001D1101004913010051110100CB
:1029700079110100AD110100BD110100EB11010041
:10298000F7110100BD110100DB110100031201006C
:10299000111201001F12010055120100591201000D
:1029A000AE2F0100030000006536010003000000A7
:1029B000DEE61E28EAAC45B8025B0000DEE61E2813
:1029C0004CBBCE8F025B0000000000000000000046
:1029D0000338FDD870470000A9AC00003B0501009A
:1029E0000B000000020000000700000002000000D1
:1029F00001000000F43301004C2A01000B0000002C
:102A00000200000007000000020000000B000000B0
:102A10000200000007000000020000000B000000A0
:102A20000200000007000000020000000B00000090
:102A30000200000007000000020000000B00000080
:102A40000200000007000000020000005B00000020
:102A500000800050009000501700000000000000AF
:102A60000000000000800000A0260100010000001E
:102A70000000000000800000A0260100020000000D
:102A80000000000000000D00C82601000300000047
:102A90000080000000400100A026010004000000AA
:102AA0000080000000020000A026010005000000D8
:102AB00000820000003E0100A02601000600000088
:102AC00000820000003E0100A02601000700000077
:102AD00000C0010000400100A02601000800000025
:102AE00000C0010000020000A02601000900000053
:102AF00000C20100003E0100A02601000A00000003
:102B00000000030000020000A02601000B000000EE
:102B10000000030000000D00A02601000C000000D2
:102B20000000030000800000A02601000D0000004E
:102B30000002030000FE0C00A02601000E000000B1
:102B40000002030000FE0C00A02601000F000000A0
:102B500000020300007E0000A0260100100000001B
:102B60000080030000300B00A026010011000000CF
:102B70000080030000800C00A0260100120000006D
:102B800000000D0000004000C826010013000000F6
:102B900000B00E0000500100A0260100140000004B
:102BA00000B00E0000500100A0260100150000003A
:102BB00000004D0000200000C826010016000000A3
:102BC00000204D0000E0B201C82601000000000016
:102BD00033050100300000202800002020000020E4
:102BE000000000001800002021AB000025AA000012
:102BF00079AA0000D1AA000049C0000019C0000055
:102C00000000000099C100008DC000008437010061
:102C10004D080100530801008A370100040000003C
:102C200000FF0000B426010000127A00000100003D
:102C3000642601000C0001000000000000000002FA
:102C40000020000000100000C86019105C2C01007A
:102C5000000001000000010002000000E520F3FF79
:102C6000FFFFFF0F44EB086B083B42BBFEFFFFFF7B
:102C7000FFFF00FFFFFF42EB0C200F5210D800FFB8
:102C8000D431A5FE84DF144FEC6216337A757A7561
:102C900004B3D55C190614000850000101000000BF
:102CA00000FF0000FFFFFFFF00258450FFFFFFFF34
:102CB0000000000000D00050000000000090005014
:102CC0000100000000000000DC2C010000000010EA
:102CD0000000000042600020416000200090005091
:102CE000E82C010001000000F02C010002000000AF
:102CF00005000000040000010080005001000000F9
:102D000000000000182D010000000010000000006D
:102D1000646000206360002000800050242D0100CA
:102D2000010000002C2D0100020000000100000045
:102D30000000000100B000500000000000127A0006
:102D4000000000000000000000000000FFFFFFFF87
:102D50000000FF0000000000000000010100000072
:102D6000D3130100FF1F0000782D0100FFFFFFFFBC
:102D7000000000000000000000B00050842D0100A1
:102D8000010000008C2D0100030000000D00000474
:102D90000E0000050F000006642601000C00010073
:102DA0006426010011000100642601000A000100F0
:102DB0000B000000020000000700000002000000FD
:102DC000E8250100E8250100202601002826010051
:102DD0005026010050260100FF8FFFFFFF8FFFFFED
:102DE000FE8FFFFFFE8FFFFFFD8FFFFFFC8FFFFFBA
:102DF000FC8FFFFF6D757465785F66726565206393
:102E0000616C6C65642077697468204E554C4C2069
:102E1000706172616D6574657200000043616E27B8
:102E20007420696E697469616C697A65206D757466
:102E300065782C20776173204E554C4C0D0A0000AC
:102E4000436F756C64206E6F74206C6F636B2070C1
:102E50006F7765722073617665206D757465780093
:102E600001000200100011001200200021002200C9
:102E7000230024003000310032003300FFFF77C20E
:102E800095F360D2EF7F3552500F2CB679802563D1
:102E90003A205374617274696E6720626F6F746C4C
:102EA0006F616465720A0025633A20456E7465722D
:102EB000207468652073657269616C207265636F48
:102EC00076657279206D6F64650A0025633A205536
:102ED0006E61626C6520746F2066696E6420626F3B
:102EE0006F7461626C6520696D6167650A002563B6
:102EF0003A20426F6F746C6F616465722063686121
:102F0000696E6C6F61642061646472657373206FB5
:102F100066667365743A20307825780A0025633A2E
:102F200020496D6167652076657273696F6E3A201E
:102F30007625642E25642E25640A0025633A204AEE
:102F4000756D70696E6720746F207468652066699E
:102F500072737420696D61676520736C6F740A0009
:102F600025633A2050726F74656374206D637562D7
:102F70006F6F7420666C617368206661696C65644C
:102F80002C2063616E63656C20737461727475705C
:102F90002E0A0025633A204E657665722073686FAD
:102FA000756C642067657420686572650A006D63DE
:102FB00075626F6F740025633A20696E76616C6983
:102FC0006420666C6173682049442025643B206559
:102FD000787065637465642025640A002A8648CE8B
:102FE0003D030107002A8648CE3D02010025633AD1
:102FF000204661696C656420746F2072656164208D
:103000007374617475732066726F6D2025642C2053
:103010006572722025640A0A0025633A20556E61A4
:10302000626C6520746F2064657465726D696E658D
:1030300020666C61736820736563746F72206F66BD
:103040002074686520696D61676520747261696CC0
:1030500065720A007072696D617279007365636FE1
:103060006E646172790025633A20436C6561726514
:103070006420696D616765202564207072696D61E7
:10308000727920736C6F7420747261696C65722040
:1030900064756520746F20737475636B2072657638
:1030A0006572740A0025633A20496D61676520697D
:1030B0006E2074686520257320736C6F74206973AB
:1030C000206E6F742076616C6964210A0025633A72
:1030D0002025642073746174757320777269746538
:1030E000206661696C7320706572666F726D696EBF
:1030F000672074686520737761700A0025633A2041
:103100004661696C656420746F206F70656E20661F
:103110006C617368206172656120494420256420D8
:1031200028696D61676520256420736C6F742025A4
:1031300064293A2025642C2063616E6E6F742063CD
:103140006F6E74696E75650A0025633A2046616981
:103150006C65642072656164696E67207365637471
:103160006F72733B20424F4F545F4D41585F494D42
:10317000475F534543544F52533D2564202D2074DF
:103180006F6F20736D616C6C3F0A0025633A2046B7
:1031900061696C65642072656164696E6720696D40
:1031A00061676520686561646572733B20496D6184
:1031B00067653D25750A0025633A204661696C659F
:1031C000642072656164696E6720626F6F7420733A
:1031D00074617475733B20496D6167653D25750A9F
:1031E0000025633A2070616E6963210A0025633A05
:1031F00020496D61676520696E20736C6F7420696A
:103200007320666F722077726F6E672073302F7332
:103210003120696D6167650A0025633A20436C655A
:10322000616E65642D7570207365636F6E64617285
:103230007920736C6F74206F6620696D61676520FB
:1032400025640A0025633A204661696C6564207430
:103250006F20636C65616E2D7570207365636F6E92
:103260006461727920736C6F74206F6620696D6180
:1032700067652025643A2025640A0025633A2044C6
:103280006574656374656420696E636F6E736973DA
:1032900074656E7420737461747573210A006261C1
:1032A0006400676F6F6400756E73657400507269B7
:1032B0006D61727920696D6167650025633A20252B
:1032C000733A206D616769633D25732C20737761C4
:1032D000705F747970653D307825782C20636F704D
:1032E000795F646F6E653D307825782C20696D615B
:1032F00067655F6F6B3D307825780A005365636FB3
:103300006E6461727920696D6167650025633A209A
:10331000426F6F7420736F757263653A20707269C3
:103320006D61727920736C6F740A0025633A2042D4
:103330006F6F7420736F757263653A206E6F6E6580
:103340000A0025633A205374617274696E672073B2
:10335000776170207573696E67206D6F7665206187
:103360006C676F726974686D2E0A0025633A204E8F
:103370006F7420656E6F756768206672656520736F
:103380007061636520746F2072756E207377617051
:1033900020757067726164650A0025633A20726562
:1033A0007175697265642025642062797465732083
:1033B000627574206F6E6C792025642061726520BF
:1033C000617661696C61626C650A0025633A20531D
:1033D00074617274696E67207377617020757369A8
:1033E0006E67206E73696220616C676F72697468C2
:1033F0006D2E0A003059301306072A8648CE3D024A
:103400000106082A8648CE3D030107034200042A2C
:10341000CB403CE8FEED5BA44995A1A91DAEE8DBDD
:10342000BE1937CD14FB2F245737E5953988D99429
:10343000B9D65AEBD7CDD5308AD6FE48B24A6A8182
:103440000EE5F07D8B6834CC3A6AFC538EFAC12DC0
:103450000020002B00307800305800286E696C295D
:10346000004661696C656420746F207265626F6FDD
:10347000743A207370696E6E696E6720656E646C55
:103480006573736C792E2E2E0A007F7F7F7F7F7F7E
:103490007F7F7F7F7F7F7F7F7F7F7F7F7F7F7F7F3C
:1034A0007F7F7F7F7F7F7F7F7F7F7F7F7F7F7F7F2C
:1034B0007F7F7F7F7F3E7F7F7F3F34353637383950
:1034C0003A3B3C3D7F7F7F407F7F7F0001020304CA
:1034D00005060708090A0B0C0D0E0F101112131424
:1034E00015161718197F7F7F7F7F7F1A1B1C1D1EE3
:1034F0001F202122232425262728292A2B2C2D2E64
:103500002F303132337F7F7F7F7F414243444546B6
:103510004748494A4B4C4D4E4F50515253545556C3
:103520005758595A6162636465666768696A6B6C6B
:103530006D6E6F707172737475767778797A3031D9
:1035400032333435363738392B2F2A2A2A20426F26
:103550006F74696E67204D79204170706C6963618A
:1035600074696F6E2076322E312E302D6465762D83
:10357000626638353263396262333838202A2A2A43
:103580000A002A2A2A205573696E67206E52462047
:10359000436F6E6E6563742053444B2076332E3038
:1035A0002E302D3362666334363537386534322039
:1035B0002A2A2A0A002A2A2A205573696E67205A65
:1035C0006570687972204F532076342E302E393949
:1035D0002D336530636537363336666136202A2AE7
:1035E0002A0A006D757465785F696E69742063617D
:1035F0006C6C65642077697468204E554C4C207063
:103600006172616D6574657200436F756C64206EE4
:103610006F7420616C6C6F63617465206D75746587
:1036200078206265666F726520696E697469616C85
:10363000697A696E670025633A204E6F7420656E63
:103640006F756768206D656D6F727920746F207378
:10365000746F726520696E636F6D696E6720646157
:103660007461210A0073657269616C5F61646170E5
:103670007465720072630025633A204572726F723E
:10368000202564207768696C652065726173696EB6
:10369000672072616E67650A0064617461006C6521
:1036A0006E006F666600696D616765730070656EB8
:1036B00064696E6700626F6F7461626C6500636F4E
:1036C0006E6669726D656400616374697665007029
:1036D00065726D616E656E7400736C6F7400686105
:1036E00073680076657273696F6E002568752E25A4
:1036F00068752E256875002E257500636F6E6669E6
:10370000726D0025633A204661696C656420746FB0
:10371000206F70656E20666C6173682061726561F0
:103720002049442025640A0025633A204469642026
:103730006E6F742066696E6420696D6167652077BD
:10374000697468207370656369666965642068617F
:1037500073680A00736C6F74730075706C6F6164CA
:103760005F696D6167655F6964006D61785F696D50
:103770006167655F73697A6500636C6F636B403581
:10378000303030006866636C6B006C66636C6B0095
:10379000666C6173682D636F6E74726F6C6C6572AA
:1037A00040333930303000474432354C45323535BE
:1037B000454030006770696F403834323530300032
:1037C0000001020304050607756172744039303048
:1037D0003000756172744038303030007370694069
:1037E00062303030004552524F523A2043616E6E83
:1037F0006F742066756C66696C6C204558545F4127
:10380000504920726571756573742E0D0A00574119
:10381000524E494E473A204F7074696F6E616C206A
:103820004558545F41504920726571756573742025
:103830006E6F742066756C66696C6C65642E0D0A1B
:10384000007065726D0074657374004255473B20CB
:1038500063616E27742068617070656E00726576B2
:103860006572740025633A205365636F6E646172FC
:103870007920696D616765206F6620696D61676594
:103880002070616972202825642E292069732075B3
:103890006E726561636861626C652E205472656149
:1038A0007420697420617320656D7074790A002535
:1038B000633A20496D61676520696E6465783A20D6
:1038C00025642C205377617020747970653A202527
:1038D000730A0025633A20496D61676520696E644B
:1038E00065783A2025642C205377617020747970B4
:1038F000653A206E6F6E650A000401040304020439
:103900000104010403010403040104000001010295
:1039100002030303036D61696E0000000080000074
:10392000FFFF000088EACD1F55555515AAAAAA1A0F
:103930003F0701001F0201005C2A0100F001002086
:103940003A000000040200203A000000DC010020E0
:103950003A000000180200203A0000004800002051
:103960000000000000000000000000000000000057
:103970000000000043600020200000000000000064
:103980006C000020000000000000000000000000AB
:103990000000000000000000656000202000000022
:1039A000000000000000000000000000982D010051
:1039B00003000000900000209000002000000000A4
:1039C00001000000A0000020A00000200000000076
:1039D00001000000000000000000000000000000E6
:1039E00000000000000000000000000000000000D7
:1039F0000000000000000000B426010000000000EC
:103A0000000000008D6000208560002000700150E3
:103A100000000000FFFF00003F000000FFFF00006B
:103A20003F00000000000000000000000000000057
:103A30000000000000000000000000000000000086
:103A40000000000000000000000000000000000076
:103A50000000000000000000000000000000000066
:103A60000000000000000000000000000000000056
:103A70000000000008000000FF000000000000003F
:103A8000010000000000000064010020640100202B
:103A900000000000A1F70000B0010020A8010020F4
:103AA000A00100200000000098010020BDF80000E7
:103AB00009F800003DF8000085F80000BC53002024
:103AC0003A00003AC05300203A00003AC4530020A4
:103AD0003A00003AC85300203A00003AC0010020E2
:103AE000840100207C010020780100207401002066
:103AF0000000000000000000000000000000FFFFC8
:103B0000DC010020DC0100200000000000000000BB
:103B10000E000000F0010020F00100200000000075
:103B2000000000000E00000004020020040200203B
:103B300000000000000000000E000000180200203D
:103B40001802002000000000000000000E0000002D
:103B500015E015E0DEE61E2883845186025B010035
:103B600000820000355DB71DF968DFD352CEEA2B25
:103B700045EE201088032BBE3C622CDC23EDF220A6
:103B80001FDBA2429252EAC0F7A501CCDE3BAFC0D8
:103B9000DEE6BE0F49EB1AAC2C171AB2ABFB4C9504
:103BA0000DE19AF3854DFECF1D87D6A60D310F8707
:103BB0003D7048781FA3230A99602FFC9472BDDEE4
:103BC0001D46B383760159F905495035A1B0BD7240
:103BD000D005170DCCABF68941E86248A3BBCD6098
:103BE000D16D68A30FA0037202D26D3BEFCFF692A6
:103BF000E63F9CCE53A49AA2866499D73A3FC0AEC2
:103C0000E60AF4DE07699600100020006AD45884A2
:103C10001CAB24AA9173A559F3D868A8DFE7C1802B
:103C2000B75B089106432F47FDD4E0ED010020006B
:103C3000E30466F6B8470C1F29070B17F1E2D3E936
:103C40004D445E3F608087FDC711E4382BB538B620
:103C5000220046003044022063F17ECC22F2415023
:103C60004FBDFB8B4FF1C2F76B439E7CAE82CEDB28
:103C70000F26667613F2E25C022073D949E1816D6A
:103C800041AD254047DE0A4ED8DF954B39DC26F89A
:0A3C9000B6388F463BDB4AF83516C4
:00000001FF
