:10820000D8910020D9BC000069060100C5BC00005F
:10821000C5BC0000C5BC0000C5BC0000C5BC00005A
:1082200000000000000000000000000001BE00008F
:10823000C5BC000000000000A9BD0000C5BC0000D6
:1082400079BF000079BF000079BF000079BF00004E
:1082500079BF000079BF000079BF000079BF00003E
:1082600079BF000079BF000079BF000079BF00002E
:1082700079BF000079BF000079BF000079BF00001E
:1082800079BF000079BF000079BF000079BF00000E
:1082900079BF000079BF000079BF000079BF0000FE
:1082A00079BF000079BF000079BF000079BF0000EE
:1082B00079BF000079BF000079BF000079BF0000DE
:1082C00079BF000079BF000079BF000079BF0000CE
:1082D00079BF000079BF000079BF000079BF0000BE
:1082E00079BF000079BF000079BF000079BF0000AE
:1082F00079BF000079BF000079BF000079BF00009E
:1083000079BF000079BF000079BF000079BF00008D
:1083100079BF000079BF000079BF000079BF00007D
:1083200079BF000079BF000079BF000079BF00006D
:1083300079BF000079BF000079BF000079BF00005D
:1083400079BF0000000000000000000000000000F5
:10835000000000000000000000000000000000001D
:10836000000000000000000000000000000000000D
:1083700000000000000000000000000000000000FD
:1083800000000000000000000000000000000000ED
:1083900000000000000000000000000000000000DD
:1083A00000000000000000000000000000000000CD
:1083B00000000000000000000000000000000000BD
:1083C00000000000000000000000000000000000AD
:1083D000000000000000000000000000000000009D
:1083E000000000000000000000000000000000008D
:1083F000000000000000000000000000000000007D
:10840000DEE61E284CBBCE8F025B00008C00000015
:1084100054B9000002000000008200000082000049
:10842000FFFF0291000000000000000000000000BB
:10843000000000000000000002000000DEE61E2830
:10844000EAAC45B8025B0000280000000310000001
:108450000100000001000000FF000000010000001A
:10846000D8910020DEE61E28EAAC45B8025B000089
:1084700028000000021000000000000001000000C1
:0C848000FF00000001000000DC91002063
:10848C0053B94AB9002908BF00281CBF4FF0FF316F
:10849C004FF0FF3000F00CB8ADF1080C6DE904CED4
:1084AC0000F008F8DDF804E0DDE9022304B07047C1
:1084BC00704700BF2DE9F04786468C460846089E5B
:1084CC00154674461946002B40F0C1808542B2FA1D
:1084DC0082F245D94AB1C2F1200300FA02FC954060
:1084EC0094402EFA03F343EA0C0C4FEA154EA8B253
:1084FC00230CBCFBFEF80EFB18CC08FB00F943EA7E
:10850C000C43994528D9EB1808F1FF3704D299454B
:10851C0002D9A8F102072B44A3EB0903A4B2B3FBC5
:10852C00FEFC0EFB1C330CFB00F044EA0344A0429F
:10853C0014D92C190CF1FF3304D2A04202D9ACF19E
:10854C0002032C44241A43EA07401EB1D4400023F2
:10855C0034607360BDE8F0874746DDE76346F1E7BA
:10856C0092BB431B01214FEA154EAFB2200CB3FB5B
:10857C00FEFC0EFB1C330CFB07F840EA034398454A
:10858C0061D9EB180CF1FF3004D2984502D9ACF14B
:10859C0002002B44A3EB0803A4B2B3FBFEFC0EFBBE
:1085AC001C330CFB07F744EA0344A7424DD92C19A2
:1085BC000CF1FF3304D2A74202D9ACF102032C44D4
:1085CC00E41B43EA0040C0E7C2F12003954094400D
:1085DC0020FA03F12EFA03F34FEA154E9040AFB296
:1085EC000343B1FBFEFC0EFB1C10190C0CFB07F833
:1085FC0041EA0041884522D969180CF1FF3004D2B8
:10860C00884502D9ACF102002944A1EB08019BB2C8
:10861C00B1FBFEFC0EFB1C110CFB07F743EA0143FC
:10862C009F420ED9EB180CF1FF3104D29F4202D9B4
:10863C00ACF102012B44DB1B41EA004193E760469D
:10864C00E3E76146F7E76046A4E76346B8E7834291
:10865C0006D916B9002108467CE7C6E900E0F9E71F
:10866C00B3FA83F78FB9834201D3724508D8BEEBB6
:10867C00020460EB030301209C461EB9002169E74C
:10868C003846FAE7C6E9004CF8E7C7F1200CBB40C6
:10869C000EFA07F522FA0CF42EFA0CF1BA401C4330
:1086AC0020FA0CF3B8404FEA144901431FFA84FE38
:1086BC00B3FBF9F809FB18300B0C08FB0EFA43EA74
:1086CC0000439A4540D9E31808F1FF3004D29A458B
:1086DC0002D9A8F102002344A3EB0A0389B2B3FB2D
:1086EC00F9F809FB183308FB0EFE41EA03418E45ED
:1086FC002CD9611808F1FF3304D28E4502D9A8F1A8
:10870C000203214443EA0040A1EB0E01A0FB0298B6
:10871C004145CE46434602D306D14D4504D20138DD
:10872C00B9EB020E68EB0403002EA7D0B5EB0E02DA
:10873C0061EB030101FA0CFC22FA07F3F9404CEA55
:10874C000303C6E9003199E74046C5E74346D9E73C
:10875C00F0B5434B434A87B0C3F800264921C3F810
:10876C0004264148C3F80826C3F80C26C3F8102683
:10877C00C3F81426C3F81826C3F81C2607F03AFED3
:10878C0007F007FA00F084F878B14FF05023D3F8D3
:10879C0000340BB1DB0708D54921344807F02AFE19
:1087AC0002F0C4FA324803F0D5F800F0ABFA0546F3
:1087BC0003A801F001F80446284600F0B3FA2D4B4B
:1087CC001B68A34205D045212B4807F013FE07F088
:1087DC003AFB4921059A294807F00CFE03992848D1
:1087EC004B7D0A7DC98A0091492107F003FE49217E
:1087FC00244807F0FFFD4FF420314FF4004004F003
:10880C00C1FD044620B145211F4807F0F3FDFEE7EA
:10881C0002A99DF8100000F05FF8029B059D1D4415
:10882C00039B1E8904F096FDAF1901F0D7FB01F0F4
:10883C00A7FB01F0C1FB84F30B8884F30A88AB59C6
:10884C0083F3088884F31488BFF36F8FBFF36F8FA3
:10885C007B68984745210D4807F0CCFDFEE700BF2B
:10886C00008001503546526E8E2E0100A72E01005D
:10887C00D829010008000020CB2E0100EE2E0100AB
:10888C001D2F01003B2F0100602F0100932F0100D1
:10889C0073B50F4C204609F01CFDB8B12569A668CC
:1088AC002B681A2143F080632B6020463368094AF9
:1088BC0098472046736801A9984720B92B680198FE
:1088CC005840C0F38060003818BF012002B070BD62
:1088DC006426010011000100024608B538B10548B4
:1088EC000023452107F086FD6FF0150008BD0860D8
:1088FC00FCE700BFB62F010021B1012906D06FF0B3
:10890C0015007047044B53F830007047024B03EBD3
:10891C00C0035868704700BFE02901002DE9F04FF3
:10892C009B46FDB07E4B0746DDE987893CA80E4689
:10893C0014461D6804F044FDB8F1000F07D0B9F1DE
:10894C00000F04DD4A4641463CA804F047FD4FF0B9
:10895C00000833897289D6F80CA013449A44C24596
:10896C003ED80CA93CA804F03FFD899B23B12022E2
:10897C0018460CA907F0D2FE00232246009331467C
:10898C004FF6FF7306A807F005F9804628BB214671
:10899C0038460B9E00F0A0F986421ED84FF0FF36E9
:1089AC00DFF880A1DFF880910DF1120304AA05A96C
:1089BC0006A807F03DF900280FDB40F0A6800599CA
:1089CC0006A807F081F910BB4FF6FF71BDF8120035
:1089DC00564A32F8023B8B4217D1514B1D6898E036
:1089EC00869BAAEB0809994528BF99465A464B46DF
:1089FC004146204607F00CFD0028EED14A46594668
:108A0C003CA804F0EBFCC844A9E79842E1D1BDF8BE
:108A1C001230102B17D0222B53D0012BC4D1BDF800
:108A2C001030202BD9D8204605991CAA07F0F0FC51
:108A3C0006460028D1D19DF810B0BBF1200F21D9EA
:108A4C004FF0FF36B0E7BDF81070202FC5D13B4674
:108A5C00204605991CAA07F0DBFC0028BDD100F0CC
:108A6C0051F93A4680461CA90CA800F0E5F80746D7
:108A7C00404600F057F9DAF80030BB42ADD14FF068
:108A8C00010891E7D9F80030294F0393039B9E42CC
:108A9C00D6DA3CA804F094FC7A683CA8126857F823
:108AAC00081B04F09BFC14A93CA804F09DFC5A463E
:108ABC001CA914A807F00BFE00283FF475AF013673
:108ACC00E4E7731C3FF470AFD9F80030B342B7DD64
:108ADC00BDF81030802B80D8204605991CAA07F0D1
:108AEC0097FC00287FF479AF00F00CF9F6B207463A
:108AFC002021BDF810301CAA00960CA800F01AF822
:108B0C000546384600F00EF99AE7B8F1000F3FF42D
:108B1C0064AF00F0FFF828467DB0BDE8F08F00BFD1
:108B2C000400002008000020F0290100602E010044
:108B3C00F42901002DE9F04796B016461D469DF824
:108B4C007820384B074653F8321003EBC2035B68AE
:108B5C0001911868DFF8D0800144302302AA01A8E3
:108B6C00D8F8009007F0CFFA002851D1DDE9014385
:108B7C001C44214606AB03AA01A807F0ECFA002816
:108B8C0046D1049A072A43D12849059807F09FFD3E
:108B9C0000283DD1079A082A3AD12549089807F0B0
:108BAC0096FDA8BB214602AA01A807F0C0FA78BB23
:108BBC00DDE901A30AEB0302944229D1412B27D111
:108BCC0035443023294603AA02A8029607F09BFAE3
:108BDC00E0B9DDE9023213449D4217D32A4602A9BB
:108BEC0006A807F07FF888B92A4602A90EA807F054
:108BFC0079F858B99AF80030042B07D1202138465F
:108C0C0006AB0AF1010204F0F5FB38B1D8F800907C
:108C1C0000F080F8484616B0BDE8F087054BD3F855
:108C2C000090F5E7F429010004000020E52F010075
:108C3C00DC2F01000800002070B5094B04461D68AC
:108C4C000023934205D1074B1D6800F063F82846BA
:108C5C0070BDE65CC85C8642F7D10133F1E700BF1A
:108C6C000400002008000020094A40000B7852F84C
:108C7C0020108B4209D0013052F82000834214BFDF
:108C8C004FF0FF304FF4C06070474FF4C060704736
:108C9C00FC2901001FB5582303FB0100046A1023B3
:108CAC00A1686A462046103907F0B2FB034640B172
:108CBC0022784521064807F09DFB0024204604B08D
:108CCC0010BD10226846034907F001FDF6E700BF0E
:108CDC00ED2F01007E2E010013B508460C4607F05F
:108CEC0032F86A460146204606F03AFF30B1044895
:108CFC00452107F07FFB002002B010BD0098FBE778
:108D0C0019300100024B1868421C1A60704700BFF2
:108D1C00F0030020024A1368013B1360704700BF48
:108D2C00F0030020034B1B68834201D007F08BB883
:108D3C00704700BFF0030020034637B54FF40072B4
:108D4C00084693F8B84013490192620051F822503A
:108D5C00A8420ED1582101FB043201FB0434526AA3
:108D6C00283401A907F0C6FB08B9019B236003B0A6
:108D7C0030BD013251F82220904208D1582101FB1C
:108D8C00043201FB0433126D03F15404E9E70120B2
:108D9C00EDE700BF0C2A010070B590F8B850104EEA
:108DAC006D0056F825100446FFF7C6FF98B901353B
:108DBC0056F825102046FFF7BFFF054668B9582224
:108DCC0094F8B83002FB0343186A07F063FBC4F84D
:108DDC00B400284670BD0125FBE70925F9E700BF63
:108DEC000C2A01002DE9F04F4FF02C0958250446B0
:108DFC0009FB01F990F8B8A085B005FB0A93034470
:108E0C001E6A0F463046904607F04BFB94F8B8307C
:108E1C0015FB039525446B1E033513F8012F824275
:108E2C002ED19D42F9D1F7B13146204607F075F8A5
:108E3C0098F80730042B10D1582294F8B8302046FB
:108E4C0002FB0343196A07F068F860B9492194F8EA
:108E5C00B820314807F0CEFA05E094F8B80004F0D9
:108E6C009BFB0428E8D02D4B1C68FFF753FF2046D2
:108E7C0005B0BDE8F08F2A4B1C683DE0294A47E05D
:108E8C0058212C2201FB0AF302FB0733E518286951
:108E9C00C206C8D4E258244B9A42ECD1EA682B891A
:108EAC009B18E8D26A89D218E5D2B3689A42E2D20A
:108EBC0040F60C6B10EA0B0BDDD1FFF723FF0546D8
:108ECC00FFF720FF58214FF480730AFB0191804675
:108EDC002144324600932046144BCDE902BBCDF819
:108EEC0004B0FFF71BFD04464046FFF71BFFFFF7DE
:108EFC0011FF2846FFF716FF0D4B1B68A342B4D099
:108F0C00002FBBD0B2680021304607F0ABFA094AFB
:108F1C00452109489EE700BF663001000000002093
:108F2C0004000020543001003DB8F3969255002007
:108F3C00080000205C300100A530010073B50D461F
:108F4C000021044690F8B8202846CDE9001106F01F
:108F5C00D5FF58B358235A43234EA358B34203D1D9
:108F6C00204601AA06F017FF582294F8B83002FBED
:108F7C000343DB6AB34204D16A460121204606F062
:108F8C000AFFDDE90032934288BF0193019BAB607D
:108F9C0094F8B860154B9B5DBBB1012E1AD12046DD
:108FAC00294600F09FFF304601F09CFA11462046FE
:108FBC00FFF770FE064605F1080106F0CFFEAB6820
:108FCC003046019307F023FAE2E729462046019A3E
:108FDC0000F072FE064B1A68002A03DD5721054883
:108FEC0007F008FA02B070BD3DB8F3969456002015
:108FFC00C0480020CD3001007FB51B4B90F8B82045
:10900C0006460D4613F8320001A901F0ADFC40BB39
:10901C00019806F098FED6F8B4100446284606F0DF
:10902C00ECFF0444019807F035FA0646019807F066
:10903C0038FA082201460DEB020007F07AFB2B7977
:10904C0021468DF808300198334602AA07F0F5F94D
:10905C00041E019818BF012407F0D9F9204604B06A
:10906C0070BD0124FAE700BF0C2A01002DE9F84F6E
:10907C00884691469A460026DFF868B01A4C1B4D7C
:10908C000B9B9E4201D300200FE00B9B40469F1B85
:10909C00B7F5806F28BF4FF48067124A3B4606EB4A
:1090AC000A0107F0B5F910B10120BDE8F88F0A9953
:1090BC003B465A464846711807F0BFF90028F3D1D1
:1090CC00C4F800563E44C4F80456C4F80856C4F814
:1090DC000C56C4F81056C4F81456C4F81856C4F8F4
:1090EC001C56CDE7F4030020008001503546526E2B
:1090FC002DE9F04F4FF0000B04460D4695B0DFF80C
:10910C009892DFF898A2CDF808B0BBF1010F84F863
:10911C00B8B029D90026A24F17F8011B012918D184
:10912C003046FFF7E9FB0EA9C0B201F01DFC034667
:10913C00002840F0E9810E981946826807F092F9F0
:10914C000346002840F0E08132464521954807F05F
:10915C0051F9002E00F0D681029B002B00F04082CA
:10916C0000212C275826DBE104EB0B0292F8B960A6
:10917C00002E46D14FF0580808FB0B4109EB0B327F
:10918C004A6202F500520A6531465846FFF7B4FBB5
:10919C00202394F8B810074618FB01312C2303FB4D
:1091AC000611C0B2214401F0DFFB48B15B463A46E0
:1091BC004521CDE900607C4807F01CF906F043FE20
:1091CC0001277EB12046FFF7E7FD064660B9002275
:1091DC002046114606F068FEC8B1572194F8B82015
:1091EC00724831E03E46CFE74FF400725721704889
:1091FC0007F000F994F8B830012E234483F8B070CE
:10920C00E5D194F8B83001335FFA83FB7DE7204653
:10921C0006F008FF002807DD012294F8B8300AF8A0
:10922C0033200AEBC3035860204606F0F9FE68B100
:10923C000AA806F05AFE0146204600F03FFB60B13A
:10924C00572194F8B8205B4807F0D4F8012294F821
:10925C00B830234483F8B020D3E70AA806F04EFEBA
:10926C0080F001010AAA2046C9B206F01DFE024692
:10927C000028B2D10AA806F041FE039000284CD178
:10928C0094F8B8305BBB20460AA9FFF757FE94F858
:10929C00B8009DF82F30221882F8B030033B012B18
:1092AC0008D800F065FB28B1FF2294F8B8302344AD
:1092BC0083F8B0209DF82F3094F8B800023B022BB5
:1092CC001ED800F03FFBD8B1FF2294F8B8302344ED
:1092DC0083F8B0204521384807F08CF8FEE794F865
:1092EC00B020042A04BF012284F8B020012BCAD07C
:1092FC0094F8B130042BC6D1012384F8B130C2E705
:10930C0094F8B830234493F8B030FF2BE2D000220D
:10931C002046114606F0C8FD98E79DF82FB0BBF12A
:10932C00010F40F0D580582194F8B830234F0792A4
:10933C00FA5401FB0343224AD96AD3F84C80914278
:10934C0078D1998E0423404607AA194407F060F897
:10935C00C0B34FF0050894F8B830234483F8B080BC
:10936C0094F8B83073B1E21892F8B020012A3FF4A7
:10937C0048AF042A0DD094F8B020042A02D101225F
:10938C0084F8B020234493F8B030023B022B3FF614
:10939C0038AF039B029334E7F4070020F447002016
:1093AC009256002019320100FC3001008B31010073
:1093BC0049310100B7310100E13101009456002020
:1093CC003DB8F39694F8B800AE4E012851D13278DE
:1093DC0002B93070325C0AB9012232540021FFF715
:1093EC008BFA0EA9C0B201F0BFFA83460028B0D1A7
:1093FC000799A1F5E032B2F5A03F40D894F8B82017
:10940C004FF00108002AA6D007F802800E9A526885
:10941C00B2F5004F02D0B2F5E03F03D1012194F830
:10942C00B820B95494F8B8200221012A4CD13170DB
:10943C000221B15494F8B80004F0AEF8831E022B4C
:10944C00804688D8FFF75EFC012107460AAA204611
:10945C00FFF7C8FC83463846FFF764FC8A4B1B6851
:10946C009B453FF478AF894B1B689B457FF471AFEC
:10947C0027E07278024308BF86F801B0AAE7A1F58D
:10948C000042B2F5A03F14D84521814806F0B2FF46
:10949C005946D8F80820404606F0E4FF452194F8D8
:1094AC00B8207C4886F800B086F801B006F0A2FF20
:1094BC004FE70E984268914203D380680244914270
:1094CC00A4D94FF0010846E7002AB1D17170AFE77B
:1094DC00FFF718FC012107460AAA2046FFF782FC79
:1094EC0080463846FFF71EFC674B1B68984518BF33
:1094FC00052294F8B83008BF9DF82F20234483F838
:10950C00B0202DE7012607E632464521624806F0D9
:10951C0071FF1EE6631893F8B92032B10131C9B25C
:10952C00012984F8B810F5D95AE093F8B0300EA898
:10953C0003F0FB03013B18BF01237B4306FB013205
:10954C0016FB013101232244D2F8208021440093E0
:10955C004246402306F01EFB002878D100230DF173
:10956C00160206A90EA806F063FB002838DB6BD1A7
:10957C00BDF816300C2B6CD14046069907AA06F0A4
:10958C0047FF68BB9DF81C30012B29D8E21892F8D4
:10959C00B0207343023A022A8CBF0022012207FB3F
:1095AC0002332344197D9DF820209142D6D80AD34A
:1095BC00597D9DF821209142D0D804D3DA8ABDF888
:1095CC0022309A42CAD294F8B830234493F8B0208F
:1095DC00012A37D0023A012A02D8012283F8B0209E
:1095EC000022FF26012A84F8B82037D90023264E02
:1095FC00DFF8A880254F0E93012B84F8B83040F289
:10960C0084800E9B022B01D006F01DFC94F8B9301F
:10961C00002B40F0C480582606FB034284F8B83077
:10962C00106A06F09BFA287194F8B83006FB0343D5
:10963C001B6A5B68AB6094F8B83003FB06462E607F
:10964C00114B7EE00422C9E794F8B81066E70328B2
:10965C00C6D140F20113A4F8B030C1E7A11891F8BB
:10966C00B930002B4CD10AA806F03FFC91F8B03071
:10967C00042B8DF82F3013D8012B17D833D081F849
:10968C00B06030E09256002008000020000000205E
:10969C00ED310100193201004432010004000020B8
:1096AC00052BECD1104600F063F912E020460AA914
:1096BC00FFF744FC94F8B800231893F8B030DA1E86
:1096CC00012A0ED800F054F920B994F8B80000F033
:1096DC0039F940B1FF2294F8B830234483F8B02014
:1096EC0001E0022BF1D094F8B830234493F8B03059
:1096FC00FF2B05D145212E4806F07CFE06F0A3FB7E
:10970C0094F8B8200132D2B26CE7234493F8B92014
:10971C008DF81C209DF81C1001F0FF0239B10E9B36
:10972C0001330E9394F8B8300133DBB264E793F84D
:10973C00B030012B07D01146204606F0B5FB10B116
:10974C001C4B1D681BE094F8B830012BE7D0FFF7D9
:10975C00D9FA0022824611462046FFF743FB814688
:10976C005046FFF7DFFA3368994506D1D8F8003038
:10977C00994502D03B689945D1D1D8F800501022B8
:10978C0000210AA806F0D5FF204606F06FFBFFF774
:10979C00C1FA284615B0BDE8F08F01233BE794F8D9
:1097AC00BA30002BF9D0022384F8B83048E700BF58
:1097BC00E13101000400002070B50B4E0446BC22C0
:1097CC000021304606F0B5FFFFF79CFA214605460E
:1097DC003046FFF78DFC04462846FFF7A3FAFFF747
:1097EC0099FA204670BD00BF044800202DE9F843CB
:1097FC002E4F3B7833BB3C7A24BB2D4DDFF8B48025
:10980C00012C85F8B84015D8582606FB045208EBF5
:10981C00043300215362204603F500531365FFF710
:10982C006BF895F8B810C0B206FB0151203101F06D
:10983C009BF850B11E4806F019FBBC2200211C48B5
:10984C0006F077FF1948BDE8F88301212046FFF7A1
:10985C0053F895F8B810C0B206FB01514C3101F029
:10986C0083F80028E6D195F8B860DFF84C907600C4
:10987C00284659F82610FFF75FFA88B9013659F8CF
:10988C0026100B48FFF758FA50B9094806F0CAFBE6
:10989C000028C1BF012307F8343007EBC404606013
:1098AC0095F8B8400134E4B2AAE700BFF4470020B1
:1098BC0004480020F40700200C2A010073B50D4663
:1098CC00064600F03FF90446E86078B3022832D12E
:1098DC0096F8B8201A4B01A913F8320001F044F89D
:1098EC0058BB2A463146019800F0C4F80446D0B95A
:1098FC00019807F0D2FE012301460DF103020198F5
:10990C0006F086FD0446A0B9012201980DF1030171
:10991C0007F0D7FE10B101238DF803309DF803300A
:10992C0003F00F03EB71019806F071FD204602B0B5
:10993C0070BD0124F7E70724F8E70124F6E700BF20
:10994C001C2A010013B5094B01A913F8300001F0D2
:10995C000BF848B9019807F04BFF0446019806F044
:10996C0056FD204602B010BD0124FAE71C2A010066
:10997C001FB50F4B01A913F8300000F0F5FFA8B983
:10998C00019802A903F0B2FD044668B99DF80B30AA
:10999C00032B03D1019807F0F9FE0446019806F059
:1099AC0036FD204604B010BD0124F7E70124F8E78A
:1099BC001C2A01002DE9F34105460C4617461E46AC
:1099CC000BB9002127E0184606F098FA0028F8D1C8
:1099DC00284695F8B810FFF75DF918B9012002B0C8
:1099EC00BDE8F08101A906F0B9F90028F6D101997A
:1099FC00284606F0F3FA582295F8B83002FB0353C8
:109A0C005B6A59687379012B1DD1002CD9D133684D
:109A1C00834298BF0021582295F8B83053432C222A
:109A2C0002FB04331D443A462023286A06F0F0FC5E
:109A3C000028D3D1002ED2D038680D4BC01A18BFD5
:109A4C004FF0FF30CBE7022BBBD13368012B05D98C
:109A5C008342B6D8B4FA84F46409B2E7B1D1002CCD
:109A6C00D9D0012CADD13479023C18BF0124A8E720
:109A7C003DB8F3962DE9F04F0C460746014685B0EC
:109A8C0094F8B8001646FFF7EFF8051E53DB38467E
:109A9C00D4F8B44006F057F95FFA84F94FF0000A95
:109AAC004FF0010B4FF0FF346B1E09FB0308A5B9F7
:109ABC00BAF1010F03DD4521214806F09BFC631C24
:109ACC0007D0B4F5007F2ADA40F201130134346078
:109ADC00B380284605B0BDE8F08F6B1E009341465D
:109AEC00012338460DF10F0206F092FC031E019380
:109AFC0023DB012238460DF10F0107F0E2FD019B3B
:109B0C0040B15B4501D00AF1010A9B46009DA8EBD0
:109B1C000908CCE7B4F1FF3F08BF2C46F5E7022358
:109B2C00A4F500747371631004F001040133013463
:109B3C0033603471CDE70725CBE70125C9E700BFBA
:109B4C007B320100582330B590F8B85089B003FB34
:109B5C000503044604A9186A03F0C8FC9DF81020FC
:109B6C00012A43D0264B2749032A08BF0B469DF8F0
:109B7C001320492102929DF81220234801929DF84E
:109B8C0011200092214A06F035FC582303FB0544B2
:109B9C0006A9E06C03F0AAFC9DF81820012A27D036
:109BAC00174B1849032A08BF0B469DF81B20492167
:109BBC0002929DF81A20144801929DF819200092E7
:109BCC00134A06F017FC9DF81030012B12D19DF8AA
:109BDC001230032B0ED19DF81830012B0AD00D48F2
:109BEC00492106F007FC022009B030BD0A4BBEE744
:109BFC00094BDAE70948492106F0FCFB0020F3E7A2
:109C0C009E320100A7320100BB320100AD320100CF
:109C1C00FC3201000C330100A23201002B33010095
:109C2C0070B54B6814461E4A03F0FF239342064658
:109C3C000D4686B02FD10B68012B2CD1204604A9E0
:109C4C0003F054FC9DF81020012A26D0154B164920
:109C5C00032A08BF0B469DF81320492102929DF858
:109C6C001220124801929DF811200092104A06F021
:109C7C00C1FB9DF81030032B0DD12146304606F068
:109C8C004CF9204607F082FD2046A96806F074F8CE
:109C9C00204603F00BFC06B070BD064BDBE700BFA3
:109CAC00000100049E320100A7320100BB3201000A
:109CBC00FC320100A23201002DE9F04F0446164699
:109CCC00582789B00D468248492106F093FB31464E
:109CDC00204606F083F994F8B830834607FB03431B
:109CEC005B6A28465E6806F009F910B3D4F8B40034
:109CFC0006F024F894F8B83007FB03439F6A00235E
:109D0C00013F3344984201D9013FFAE7BB4510D3D8
:109D1C005721704806F06EFB07FB06F357210BFB2F
:109D2C0006626D4806F066FB0123EB7109B0BDE8D5
:109D3C00F08F94F8B830DFF8A4815F0018F8330086
:109D4C0006A9013700F010FE07A918F8270000F04B
:109D5C000BFE29462046079AFFF762FF6B79012B11
:109D6C0050D15F46DFF878A146E02A68C2F10103C2
:109D7C005B449F423FD8582194F8B830012A01FB2C
:109D8C0003435B6A196853F8370003EBC70353F8B6
:109D9C00083CA0EB0109A3EB0103049311D1079B31
:109DAC000393EB68022B08D04146204606F0B5F829
:109DBC002A464146204606F0EDF82046039906F067
:109DCC00ACF832464946404606F0A5F8049B42469C
:109DDC0041462046CDE90096FFF748F92946204632
:109DEC00FFF70AF92B6801332B6020B1DAF8003049
:109DFC000133CAF80030013FDDF81880002FB4D1D0
:109E0C0001232B60022301276B71BB45DDF81890F1
:109E1C0006D2484606F0FBFA079806F0F8FA85E7F2
:109E2C002B689F4252D3582394F8B820DDF81CA01D
:109E3C0003FB0242516AFB0051F83700126D04908B
:109E4C000868083BC9580390D0581368A0EB030866
:109E5C002B79012B38D1039B3246C91A4846059100
:109E6C0006F059F8059943464A460091204651465A
:109E7C000196FFF7FBF829462046FFF7BDF80223B1
:109E8C002B7118B1164A13680133136032464146E0
:109E9C00504606F040F8DDE9032349469B1A20465C
:109EAC005246CDE90086FFF7E1F829462046FFF738
:109EBC00A3F82B6801332B6001232B7130B1084AB6
:109ECC0013680133136001E0022BDFD001379CE7EC
:109EDC00423301006B3301009A3301002C2A01003C
:109EEC00C04800207FB5044649211E4806F082FA7E
:109EFC005822002594F8B83002A902FB03431B6DCD
:109F0C0007205E6800F030FD94F8B820164B03A9CA
:109F1C0003EBC203187900F027FD02980021826838
:109F2C0005F0F9FF029A0399936820460193009576
:109F3C002B46FFF79BF80399204605F0EEFFDDE971
:109F4C0002309A68836832449A4228BF1A462946DE
:109F5C0005F0E1FF029806F05AFA039806F057FA5A
:109F6C0004B070BDCB3301003C2A01000A4619B184
:109F7C00024B00211B681847704700BF0C000020E3
:109F8C00BFF36F8F72B600234FF0FF30094A03F115
:109F9C0020010133102B42F82100F8D100234FF09F
:109FAC00FF30044A03F160010133102B42F8210009
:109FBC00F8D1704700E100E0002318460649D1F8BB
:109FCC009020C2F30722934200DB7047C1F898300F
:109FDC00C1F8A0000133F6E700ED00E02DE9F843ED
:109FEC004FF0FF3501274FF00008204BDFF8809031
:109FFC005F60C3F84853C3F8085303F580535F60A0
:10A00C00C3F84853C3F8085359F8044B002644F3DB
:10A01C000730C4F8085301F00DFF80226760C4F8C4
:10A02C004C61D4F84C31C4F81061D4F81031C4F838
:10A03C0044613146D4F84431A018C4F8006506F0E8
:10A04C0078FB8022314604F5C07006F072FBB8F143
:10A05C00000F08D0074BC3F808554FF05023C3F836
:10A06C000853BDE8F8834FF00108CDE700400150DC
:10A07C00502A010000700150014B1B68184700BFAB
:10A08C001000002007B50B46002102460091034842
:10A09C0000F006F803B05DF804FB00BF85A00000DB
:10A0AC002DE9F04F82464FF000098DB01D46531E2E
:10A0BC0001910393039B58785C1C252819D100202F
:10A0CC004FF0FF381E464446034602360290317864
:10A0DC000396392955D81F2914D8002900F0EF818F
:10A0EC0001992520D04701993078D04709F1020910
:10A0FC00E0E7002800F0E3810199D04709F101095C
:10A10C000394D7E7A1F12002192AE9D801A757F83F
:10A11C0022F000BF89A10000EDA00000EDA000001E
:10A12C0089A10000EDA0000009A20000EDA0000034
:10A13C00EDA00000EDA00000EDA0000055A2000075
:10A14C0089A10000EDA0000069A2000015A200008A
:10A15C00EDA0000023A2000043A2000043A20000D7
:10A16C0043A2000043A2000043A2000043A200004F
:10A17C0043A2000043A2000043A20000084601369F
:10A18C00A5E7582900F0EB80A1F16302D7B2172F95
:10A19C00A6D8172AA4D801A757F822F011A40000BA
:10A1AC008FA20000EDA00000EDA00000EDA00000CB
:10A1BC006FA200008FA20000EDA00000EDA0000037
:10A1CC006FA20000EDA00000EDA00000EDA00000CB
:10A1DC0045A30000EDA00000EDA00000E5A30000E9
:10A1EC00EDA000008FA20000EDA00000EDA000008B
:10A1FC0045A30000EDA000006FA2000025200199EE
:10A20C00D04709F1010955E7029A4FF0000802F016
:10A21C00FE020292B3E7002C0DDAB8F1000F0DDA52
:10A22C00029A002A00F043810A2224EAE47402FB19
:10A23C000414303CA3E7B8F1000FF5DB0A2202FB53
:10A24C000812A2F130089AE7B8F1000F55F8042B68
:10A25C0080F22F81002A80F22E8154420222029237
:10A26C008DE7682903D1682B06D1482387E76C2931
:10A27C0002D16C2B00F02181002B7FF431AF0B4607
:10A28C007DE77A2B06D1752955F8046B14D14FF064
:10A29C00000B0CE06C2BF6D04C2BF4D1073525F0D1
:10A2AC000703752903F10805D3E9006B06D12028B3
:10A2BC003BD1854F013C09E04FEAE67BBBF1000F37
:10A2CC00F5DA7642814F6BEB4B0B013C0DF12D0314
:10A2DC00059300230493304659460A220023FEF7C7
:10A2EC00CFF8059BB446303203F8012D5A4605933E
:10A2FC00049BBCF10A0F8B4672F1000203F1FF3193
:10A30C0006460491E7D2C3F1010B30330DEB030683
:10A31C00B8F1000FA6F104066DDA029BD9077DD4C3
:10A32C00A8EB0B03A4EB0B0413E02B280ABF684F1C
:10A33C00684F04F1FF34C9E770290FD155F8042B8D
:10A34C000023FAB96FF004034FF0050B614F624E16
:10A35C00053C029A920770D4A04666E078216C2BDB
:10A36C0003D1002355F8042B08E04C2BF9D1073509
:10A37C0025F007031D465B6855F8082B232825D1CB
:10A38C00880621D5554F023C002601F06001A1F151
:10A39C00390B0DF12D0E02F00F01092988BF59441C
:10A3AC0030310EF8011D102A4FEA121141EA0371E7
:10A3BC004FEA131C73F1000306F1FF3008D2C6F10B
:10A3CC00010B06F13003A1E7454FDCE7414FDBE71A
:10A3DC0006460A466346DEE755F8046B304606F03F
:10A3EC006FF9B8F1000F834602DB4045A8BFC346A6
:10A3FC004FF00008374FA8EB0B03002B92DDA4EBBA
:10A40C000804A6E755F8043B4FF0010B8DF8183003
:10A41C00304F4FF0FF33013C06AE9AE7A046EAE717
:10A42C00029320200199D047029BB8F10108F7D57F
:10A43C0024EAE472013C9144A41AB84606E0049361
:10A44C0002920199D047029A049B9046424612F818
:10A45C00010B0028F3D11A46013A15D5002BACBFDD
:10A46C00C7EB03077F425B46013B15D5BBF1000FE1
:10A47C00A8BF5F4426464F44013E14D5002CA8BF0C
:10A48C003F1907EB080915E6049302923020019955
:10A49C00D047049B029ADFE70293019916F8010B4F
:10A4AC00D047029BE0E701992020D047E4E7012246
:10A4BC00D5E6904663E6144661E64C235FE64846D3
:10A4CC000DB0BDE8F08F00BF513401004F340100D6
:10A4DC0053340100183001005B3401005534010085
:10A4EC0058340100044608B5EFF31183202383F39D
:10A4FC001288BFF36F8F02F02DFF204601F074FD20
:10A50C00024805F088FE06F0BFF8FCE76134010054
:10A51C002DE9F043079D15B91560002012E00324C6
:10A52C00B5FBF4F404EB4407BD4218BF0134B4F19D
:10A53C00804F09D2A40001348C4200D838B96FF096
:10A54C000B001460BDE8F0834FF0FF34F7E70446CE
:10A55C000021DFF8B4E0B94203F1030C04F1040666
:10A56C002BD3A942274623D201F1010CAC451F780D
:10A57C0028BF002324494FEAA70E38BF5B7811F897
:10A58C000EE0AC4584F800E001EB131E2EBF3D231A
:10A59C009B0003F03C034FEA071738BFCB5C07F076
:10A5AC0030071EF80770A3703D2367703746E370C1
:10A5BC000023381A10603B70AFE71CF8034C1CF8F2
:10A5CC00023C4FEAA4091EF8099024011CF8018CE6
:10A5DC0004F0300406F8049C0EEB131919F804402F
:10A5EC009B0006F8034C03F03C030EEB9814E35C61
:10A5FC0008F03F0806F8023C1EF80830344606F80E
:10A60C00013C03316346A6E70A3501002DE9F0430E
:10A61C0000273C463D46DDF81CE0DFF828817545F7
:10A62C001FD3E4BB00201460BDE8F08301367645EF
:10A63C0033D013F806C0BCF1200FF7D0AEEB0609EF
:10A64C00B9F1010FA6EB05050DD0BCF10D0F0AD128
:10A65C0003EB060999F80190B9F10A0F6ED1751C3C
:10A66C00DDE72E46E3E7BCF10A0FF8D02DB9BCF1BB
:10A67C003D0F05D10137022F0DD96FF01500D3E72F
:10A68C001CF0800FF9D118F80C507F2DF5D03F2D10
:10A69C0001D8002FF1D10134E1E73546C1E74FF085
:10A6AC00060C04F00706E4080CFB06F60CFB04F49D
:10A6BC000736E41B04EBD60470B18C420CD800278F
:10A6CC00014603263C46DFF87CE0DFF87C801D4425
:10A6DC009D4205D10C1AA5E76FF00B001460A3E79F
:10A6EC0013F8019BA9F10A0C5FFA8CFCBCF1160F54
:10A6FC0004D848FA0CFC1CF0010FE9D01EF809C074
:10A70C000134BCF1400F08BF013E0CF03F0C042C8F
:10A71C004CEA8717DCD17EB13C0C012E0C7002D1B7
:10A72C0001310024D4E7022E4FEA17244C7016BFD7
:10A73C008F7002310331F4E73446C9E7002DA2D003
:10A74C009BE700BF8A340100F6FFBFFF2DE9F047FD
:10A75C00058B04462807904611D4022905F00705FD
:10A76C0040F0CC80204605F06DFD78B10138218B8E
:10A77C00042811D8DFE800F0C2106D85950001297E
:10A78C000CBF45F0100545F02005258388F3118892
:10A79C00BFF36F8FBDE8F08701F0070AAA4500F000
:10A7AC00A5800027B9463E46A368002B00F0BC806C
:10A7BC0041F00801218388F31188BFF36F8FA168E2
:10A7CC00002900F0BA800D68002900F0B6803346ED
:10A7DC0052462046D1F80480C047002D76D02B6815
:10A7EC0029461D46F0E701F007035A1F012A1BD822
:10A7FC00002221F00701062B276889B2C4E9002248
:10A80C0009D13B4603E0628B013262831B68002B4B
:10A81C00F9D141F002012046218305F013FD0028F7
:10A82C007AD041F0200176E0042B0AD121F0070107
:10A83C0089B22046218305F005FD10B141F02001BD
:10A84C002183218B01F0070AAA454FD00027B94676
:10A85C00AAE7236921F0070141F00601062DD3F880
:10A86C00009021832DD1B9F1000F3FD041F00801A8
:10A87C00218388F31188BFF36F8F20463949C8476D
:10A88C0029E021F00701236941F0040189B2042D6C
:10A89C00D3F804902183E6D000274FF0040A3E46FB
:10A8AC0082E721F00701236941F0050189B2052DEA
:10A8BC00D3F808902183D6D000274FF0050A3E46E6
:10A8CC0072E700274FF0060A3E466DE72B4687E7F6
:10A8DC00B9F1000FD1D1EFF31188202383F3128843
:10A8EC00BFF36F8F238B23F008032383258BEA069A
:10A8FC002ED525F01003238305F007056669218BFF
:10A90C00002EBFF670AF00232768C4E9003321F096
:10A91C00070141F001012183218B4FF0000901F067
:10A92C00070AAA457FF440AF002F9CD041F00801E4
:10A93C00218388F31188BFF36F8F002FC8D03D6837
:10A94C00394633465246204605F0A8FC2F46F4E71C
:10A95C00AB067FF51BAF25F02003238305F007051D
:10A96C0000E700BFD502010070B5104B0D461C6806
:10A97C00B4B10F4B196800238B4202DB6FF001005E
:10A98C0070BD224612F8106B864202D01446013379
:10A99C00F2E7E06807F09DFC28B100202C60EFE79F
:10A9AC006FF00C00ECE76FF01200E9E714000020E8
:10A9BC00582A010010B5436888B0029383680C468E
:10A9CC00CDE9033200230A68C068CDE906230549A6
:10A9DC0001AA059305F085FF079808B9059B23602C
:10A9EC0008B010BDBD04010008B5054805F013FC06
:10A9FC00044805F010FCBDE80840034805F00BBC0A
:10AA0C004A35010082350100B5350100014804F0DA
:10AA1C00EDBE00BFCC2B010038B5044618B90F4B66
:10AA2C000F485B6898476168B1F5683F10D0B1F585
:10AA3C00680F0DD00B4DA9420AD011F46861206843
:10AA4C0007D00146084807F09FFC0023236065608F
:10AA5C0038BD142205F06DFEF9E700BF6C01002033
:10AA6C00E33501002C5F5CA9C44D002008B500B390
:10AA7C004368B3F5683F0CD101220368D3E8EF1F9C
:10AA8C00002903D1C3E8E02F0028F7D10DD1002015
:10AA9C0008BD094A93420AD000684FF0FF324FF0CC
:10AAAC00FF3304F023F80028F1D00448F0E7044801
:10AABC00EEE76FF4E040EBE72C5F5CA9E98FFFFF5A
:10AACC00EA8FFFFF08B5B8B14368B3F5683F0CD106
:10AADC0000220368D3E8EF1F012903D1C3E8E02F5C
:10AAEC000028F7D10BD1002008BD074A934208D0AB
:10AAFC00006804F073F8F6E76FF4E040F4E70348FD
:10AB0C00F2E70348F0E700BF2C5F5CA9E98FFFFF79
:10AB1C00EA8FFFFF10B5044618B91D4B1D485B6842
:10AB2C0098476368B3F5683F2FD0B3F5680F2CD006
:10AB3C00194A934219D1236803BB4FF0FF324FF0EF
:10AB4C00FF332146154803F0A3FF08B923681BB94E
:10AB5C000F4B13485B68984714220021206805F0BE
:10AB6C00E8FD4FF46863636008E0B3F5683F0DD807
:10AB7C003A2B03D040F6BA629342DED1206807F03C
:10AB8C004DFC636843F03A03636010BD054AF3E77C
:10AB9C006C010020E33501002C5F5CA9C44D002042
:10ABAC00093601003A00003A08B506494023142240
:10ABBC00054807F0DBFBBDE808400449044804F0F5
:10ABCC0087BE00BFC4480020C44D0020D42B010018
:10ABDC00E82B0100F7B5254E30688368DB6B03B1B9
:10ABEC00984730688368DB6A002B31D1204C214DAB
:10ABFC00306883681B69002B2DD001220DF10701F1
:10AC0C009847012827D1236843B92B682BB369686F
:10AC1C001A688B422A6000D16A602360164A9DF83C
:10AC2C00070011887F2904D823684F1C0B44178018
:10AC3C0018720A28DCD1002023681188186059602A
:10AC4C000E494D6875B9C1E9003310802060CEE71C
:10AC5C0098470028CAD103B0F0BD4521084805F03B
:10AC6C00C9FBF8E72B604B60EFE700BF38520020C0
:10AC7C00E04D0020F04D002090550020E84D0020C4
:10AC8C003636010010B5044B044618688368E1B2EF
:10AC9C005B689847204610BD38520020F8B5054631
:10ACAC0016460846EFF31187202383F31288BFF36F
:10ACBC006F8F1B490B684BB11A4C62689A4205D0D6
:10ACCC0000221A60626862B9C4E90033164A13683C
:10ACDC0053B987F31188BFF36F8F18460B6033603D
:10ACEC00F8BD13606360F1E7D2F804C01C686345DB
:10ACFC00146008BF546087F31188BFF36F8F5C68D2
:10AD0C000B60A042D8BF00F1FF3403F108012246CA
:10AD1C00284605F003FD0023601C2B550123DEE7BC
:10AD2C00E44D0020F04D0020E84D0020002313B529
:10AD3C001C462049204AC1E90033C2E900331F4AAE
:10AD4C004868146020BBC1E900220133082B02F1D2
:10AD5C008802F5D11A4C1B48206007F0BAFA28B3C8
:10AD6C002068836823B11B6C13B1002216499847E5
:10AD7C0020688368DB6A0BB1984760B120688368F0
:10AD8C001B69002BFAD001220DF107019847F4E75B
:10AD9C0002604A60D9E700220C4B20681A80836855
:10ADAC001B6A03B19847002002B010BD4FF0FF3072
:10ADBC00FAE700BFF04D0020E84D0020F84D0020D0
:10ADCC00385200208C260100E1AB00009055002089
:10ADDC0041F204432DE9F043ADF21C4DADF80830BF
:10ADEC0040F606130025ADF80C30DFF81091444BFB
:10ADFC00D9F800101B68434E4D70A3EB06080B7876
:10AE0C0028465A1C62F302030B7098FA98F34B8095
:10AE1C008B8808225BBA8B8005F0E7F931464246F5
:10AE2C00ADF8100005F0E1F902271FFA88F440BADA
:10AE3C0004F10A035BBA0222ADF810000DF1120105
:10AE4C0006A8ADF8123005F069FC0822D9F80010FC
:10AE5C000DF11A00ADF8127005F060FCBDF812008F
:10AE6C0006AB083080B231464246ADF812001844A9
:10AE7C0005F054FCBDF812303A461C44A0B22C46E6
:10AE8C0006ABADF8120004A9184405F047FCBDF858
:10AE9C00123040F249213B449BB2ADF81230009382
:10AEAC0005AA06AB73A8FFF733FB059B164E174F8D
:10AEBC00ADF81230BDF81230A34203DC0DF21C4D7C
:10AECC00BDE8F083336802215B68A4B903A89847F6
:10AEDC00BDF8125033682D1B7C2DA8BF7C2573AA9E
:10AEEC00101929465B6898473368012138465B681E
:10AEFC002C449847DEE702A8E9E700BF9C520020EB
:10AF0C005452002096560020A05200201730010009
:10AF1C0038B505460A4C0A21204607F0A4F902224E
:10AF2C002046084907F092F92946204607F06BF9AC
:10AF3C0020460A2107F09FF9BDE83840FFF748BFCB
:10AF4C00545200207436010073B583680C469A4243
:10AF5C000646114613D2944213DC6A4604F000FEF6
:10AF6C0068B9DDE900351D442A1B2146304605F041
:10AF7C0079FA024640B14521044805F03BFA6FF0DE
:10AF8C001504204602B070BD2C46FAE77736010056
:10AF9C002DE9F0474FF0FF34D4B00B4605940694DE
:10AFAC000794012100240AAD0246C5E9004430A8EB
:10AFBC000091CDE9014404210894099406F017FE90
:10AFCC004022214620A805F0B4FB8B4B03211C9397
:10AFDC00052304221D93894B0DF11809CDE91E3967
:10AFEC00874B88482193884B05AFCDE92335874B98
:10AFFC0007AE2693864BCDE92B01CDE92836CDE95A
:10B00C002D37279109AB1CA930A8229205F0CAFA5A
:10B01C0020B303240A217F4807F025F97E49022238
:10B02C007C4807F013F921467A4807F0ECF84CB944
:10B03C0074490322774807F009F9784B7548196869
:10B04C0007F0EBF80A21734807F015F9FFF7C0FE7B
:10B05C00089805F0DCF954B0BDE8F0873B68D5E9F9
:10B06C0000845A1CD5D0B8F1000FD2D06C4A33B939
:10B07C00D9F80010B1F1FF3F18BF0B4613601068F0
:10B08C0004F05FFD08A9C0B2FFF76EFC0028C0D128
:10B09C003B68624D002B4BD1089F2B603846D7F88C
:10B0AC00089004F050FE5F4A0146384604F058FD03
:10B0BC0028B145215C4805F09DF90124AAE73368C5
:10B0CC004B45A6D8594A1060594A13602A68574E06
:10B0DC00224431680898013AFFF736FF00283060A7
:10B0EC0097DB089805F0D6F9B4FBF0F303FB104698
:10B0FC00DFF83C912B68A71B1C44D9F8003008984A
:10B10C009C4238BF002605F0C5F9012806D90898DD
:10B11C0005F0C0F9013818EA000F4AD13B46424607
:10B12C002968089805F089F900287FF472AF2FE0A0
:10B13C002A68934201D000246CE73D4A23441268EC
:10B14C009342C3D965E7BA45089828BFBA4605F0BB
:10B15C00A8F9402201460CA805F0EBFA52464146EC
:10B16C000CA805F0DBFA5346296808980CAA05F0E0
:10B17C0064F9044600287FF44DAF2B68D044534447
:10B18C002B60A7EB0A07089805F084F9B842DAD9C6
:10B19C0096B92B68D9F8002033443B4493422B607A
:10B1AC00C9D1204B08981A681146FFF7CDFEC40F81
:10B1BC0030E74FF0400AE6E7089805F072F90822EC
:10B1CC0001460CA805F0B5FA324608EB07010CA8AD
:10B1DC0005F0A4FADDF82080296840467C1805F0BB
:10B1EC0059F9214603460CAA404605F026F90028D9
:10B1FC007FF40FAFCDE700BF06330100E91E01005D
:10B20C0099360100A2360100F31E01009E360100A2
:10B21C00EF1E010054520020743601004C520020E5
:10B22C00505200204452002019300100405200209E
:10B23C003C520020F0B50C68164F85B002380D4614
:10B24C00C4F580610090144B381903AA0131FFF743
:10B25C00DDF90446D0B92B68039A1344022B2B60FA
:10B26C0011D93E88023B76BAB6B29E420BD1324619
:10B27C00B91C04F0BAFF30B9022E04D92B689A1EFF
:10B28C002A60FC540124204605B0F0BD4FF0FF3479
:10B29C00F9E700BF3F580020425C00202DE9F04F39
:10B2AC000121A9B09F4806F0DEFF06229E499D4869
:10B2BC0006F0CCFF05219B4806F0D1FF4FF00009AA
:10B2CC00484602F069F900268046DFF860B2984BD8
:10B2DC00314648461D68FDF70FFB07A9C0B2FFF7C2
:10B2EC0043FB044620BB202301460DEB03020798C9
:10B2FC0005F08EF8089B8F4A934211D1FDF702FDA1
:10B30C0040230746079A009308A918AB2046CDE9BD
:10B31C0002440194FDF702FB05463846FDF702FD99
:10B32C00DBF800300799AB4217D0084605F06FF8F0
:10B33C008EB1B9F1000F0CD005217A4806F097FFB9
:10B34C000121784806F097FFFFF742FD29B0BDE8D0
:10B35C00F08FB146B4E70126B9E710AA08A805F0AA
:10B36C00F4F88246079805F052F814216D4806F05F
:10B37C007AFF052270496B4806F068FF4946694818
:10B38C0006F04BFFB8F1010F0C9C09D104F010052D
:10B39C00002E53D0002D72D12F462C462B4653E055
:10B3AC00B8F1020F04F0100411D1002E3AD1002C88
:10B3BC0000F0A68000252F462C4609225F495948EB
:10B3CC0006F044FF0121574806F069FF49E0B8F147
:10B3DC00030F10D1002EEAD0002C00F097805849B2
:10B3EC000722504806F032FF01214E4806F057FF65
:10B3FC00092254491AE0B8F1040F0FD1002ED6D10E
:10B40C0035463746002C7ED006224F49454806F07B
:10B41C001DFF0121434806F042FF24E0002C2ED1F1
:10B42C002546B9E7002C75D0072245493D4806F062
:10B43C000DFF01213B4806F032FF20E0002D6CD1BE
:10B44C003546374644460123082240493548059382
:10B45C0006F0FCFE0121334806F021FF059B002B72
:10B46C00ABD1002CD0D147B1354907222D4806F07D
:10B47C00EDFE01212B4806F012FF002DB8D1344906
:10B48C000422284806F0E2FE3146264806F0C5FEA6
:10B49C00BAF1000F09D104222E49224806F0D6FE3B
:10B4AC002022204810A906F0C8FE07222A491D4870
:10B4BC0006F0CCFEBDF83630402101939DF83530B6
:10B4CC00264A009318A89DF8343000F061FD0E9BBD
:10B4DC004BB1421E3E2A06D818ACC0F14001204A9E
:10B4EC00204400F055FD18A805F0EAF818A902460A
:10B4FC000C4806F0ABFE14210A4806F0BCFE17E718
:10B50C00254627469FE7012433469DE70125234620
:10B51C002F4699E7254601273FE7354637464446EF
:10B52C004BE700BF54520020A63601000800002053
:10B53C00040000203DB8F39606330100BE3601002E
:10B54C00AD360100CF360100C8360100B53601001A
:10B55C00D9360100DE360100E3360100EB3601007E
:10B56C00F73601002DE9F0430B4600240121D9B038
:10B57C0008AFC7E900448DF817400246CDE90144F5
:10B58C00009134A80421069406F031FB21461822C0
:10B59C001EA805F0CEF8454B0DF117081A9307239A
:10B5AC001B93434B0222CDE91C38424B1AA91F9323
:10B5BC0004232093404B34A8CDE9213706AB04F08B
:10B5CC00F1FF044600286FD17B68202B6CD1DFF88B
:10B5DC00EC9001212046FDF78FF907A90646C0B271
:10B5EC00FFF7C2F9054600B332464521344804F052
:10B5FC0001FFC4B14521334804F0FCFE05240A21A7
:10B60C00314806F030FE022230492F4806F01EFE6B
:10B61C0021462D4806F0F7FD0A212B4806F02BFE9B
:10B62C00FFF7D6FB26E00124D3E72023014612AA1C
:10B63C00079804F0EDFE129B4B451ED007990AAA01
:10B64C0012A804F082FF0546079804F0E0FE002DD6
:10B65C00CFD1202239680AA805F039F80028C8D1C2
:10B66C00204698F8001002F017F804460028C6D1BE
:10B67C00FFF714FE59B0BDE8F083FDF743FB402300
:10B68C000646CDE90255079A0195009312A924AB01
:10B69C002846FDF743F905463046FDF743FB0C4BB6
:10B6AC001B68AB42CAD0A4E70324A8E7FB36010011
:10B6BC009F1F0100DE360100F31E01003DB8F3961A
:10B6CC000337010028370100545200207436010062
:10B6DC0008000020002307B502210093044A4FF410
:10B6EC00D473044806F0E6FD03B05DF804FB00BF1C
:10B6FC00965600205452002007292DE9F74F044696
:10B70C0040F2FB80037813F0050F40F0F68043887D
:10B71C00A1F108055BBA9BB2AB42C0F0EE80834B43
:10B72C00186083885BBA8380FFF7D4FFA088012858
:10B73C0040F0E680E37904F10800012B12D0062BCF
:10B74C0016D0002B40F0EC8023785A0704D103B0BC
:10B75C00BDE8F04FFFF7A2BD294603B0BDE8F04F9E
:10B76C00FFF700BF294603B0BDE8F04FFFF710BC50
:10B77C0023785B0702D00820FFF7CAFBFEF736F8E8
:10B78C00012107466A4806F06EFD062269496848A1
:10B79C0006F05CFD0221664806F061FD0025DFF82D
:10B7AC0098910421624806F05EFD002847D00522DE
:10B7BC0062495F4806F04AFD002840D029465C48A3
:10B7CC0006F02BFD00283AD005225D49584806F0BA
:10B7DC003DFDA0B30221564806F041FD78B300268A
:10B7EC00534CDFF860A1DFF860B122E0042251462F
:10B7FC00204606F02BFD10B33146204606F00DFD19
:10B80C00E8B131462846FDF777F801A9C0B2FFF739
:10B81C00ABF88046C8B102224946204606F016FD18
:10B82C0068B14146204606F0EEFC40B1002E43D1F3
:10B83C0001260321204606F016FD0028D6D1FFF77D
:10B84C0049FF0220FFF764FB55E0042259462046CD
:10B85C0006F0FCFC90B1019B2046996806F0DDFCDB
:10B86C0060B10F222046394906F0F0FC30B106EBEE
:10B87C0045012046013106F0D0FC18B9019804F0BE
:10B88C00C6FDDCE7019804F0C2FD0321204606F05A
:10B89C00F2FC0028D3D0002ECAD00221244806F096
:10B8AC00E6FC0028CBD017F8353043B904212048EA
:10B8BC0006F0E1FC0028C2D08DB9012571E70E22FB
:10B8CC0023491B4806F0C2FC0028B8D03B1D53F896
:10B8DC003510174806F0A1FC0028E7D1AFE702218C
:10B8EC00134806F0C4FC0028A9D00121104806F02A
:10B8FC00C2FC0028A3D0FFF76BFA03B0BDE8F08FB1
:10B90C0070B9E379012B0CD0052B09D1FFF700FBA3
:10B91C004FF40050002106F004FE0120FEF7E2FD7A
:10B92C00082003B0BDE8F04FFFF7F2BA9C5200209C
:10B93C0054520020A6360100743601000633010073
:10B94C0054370100D9360100743701005A37010011
:10B95C006A37010001232DE9F34100240546264FE7
:10B96C00DFF898803B70264B264E009418603B788D
:10B97C0013B902B0BDE8F081234BC4F58061C3F864
:10B98C000086C3F80486C3F80886C3F80C86C3F88F
:10B99C001086C3F81486C3F81886C3F81C862B6867
:10B9AC0001AA0131301998470028019B01DC002BBA
:10B9BC00DDD004442BB940F201439C42D7D1002482
:10B9CC00D5E73378062B09D17378092B0BD10023DB
:10B9DC0000936946A01EFFF72DFC04E0042B02D156
:10B9EC007378142BF5D00128E9D100990748023956
:10B9FC00FFF782FEE3E700BF3E5800203546526E4B
:10BA0C00A0520020405C00200080015041580020D2
:10BA1C0030BFFFF7FDBF00BF074A936893F90E10C4
:10BA2C00002907DB526993421FBF044A536843F055
:10BA3C0080535360704700BF8853002000ED00E036
:10BA4C00154B9A6A12F0007F9A6A14BF1E201D20B3
:10BA5C0012F0807F9A6A18BF1F2012F4801F9A6A16
:10BA6C0018BF022012F4002F9A6A18BF212012F47A
:10BA7C00802F9A6A18BF222012F4003F9A6A18BFCE
:10BA8C00232012F4803F9A6A18BF24206FEA0242E6
:10BA9C006FEA12429A62704700ED00E010B5194B44
:10BAAC000246986A9C6A10F4805F14BF1720162017
:10BABC0014F4006F9C6A18BF1820A40509D5986B64
:10BACC00986A000404D51AB19A6A22F400429A6268
:10BADC0019200C4B9A6A12F4806F9A6A18BF1A20BC
:10BAEC00D2050CD49B6A13F4005F18BF1C20054AC6
:10BAFC00936A43F47F43936200230B7010BD1B20A9
:10BB0C00F5E700BF00ED00E010B51C4B0246986A4B
:10BB1C009C6A10F0100F14BF1120102014F0080FA5
:10BB2C009C6A18BF1220A40709D5586B986A0006A6
:10BB3C0004D51AB19A6A22F080029A6213200F4B34
:10BB4C009A6A12F0010F9A6A18BF142012F0200F93
:10BB5C009A6A18BF1520D40658BF9B6A074B9A6A7D
:10BB6C00920642BF5A6A22F400525A629A6A42F012
:10BB7C00FF029A6200230B7010BD00BF00ED00E0C5
:10BB8C0070B5444B06465B6800258AB0C3F30803C6
:10BB9C0085F31188BFF36F8F02F07F40B0F17F4FB8
:10BBAC0011D102F00C0008280DD010074CBF0E4626
:10BBBC0001250022033B8DF80720032B05D8DFE875
:10BBCC0003F01E5C60592E46F3E700249DF8073005
:10BBDC009BB92022314602A804F0A0FD099B002D40
:10BBEC0053D0C3F3080222B96FEA53236FEA4323FD
:10BBFC000993204602A904F027FD0AB070BD254B1D
:10BC0C00DA6A9107E1D4DA6A002ADEDBDA6A5200DA
:10BC1C00DBD55A69B16942F480725A61BFF34F8F18
:10BC2C00BFF36F8F5A6931F8021C22F480725A618B
:10BC3C00BFF34F8FBFF36F8F4DF60272914209D055
:10BC4C009A6AD2B242B101200DF10701FFF75CFFF5
:10BC5C000446BBE73468B9E79A6A12F47F4F05D003
:10BC6C0001200DF10701FFF719FFF1E79B6AB3F50E
:10BC7C00803FAAD3FFF7E4FEEAE700200DF10701AD
:10BC8C00E4E700200DF10701EDE723F4FF7323F047
:10BC9C000103ADE700ED00E0064B5A6942F01002DB
:10BCAC005A615A6942F480625A615A6922F0080258
:10BCBC005A61704700ED00E0EFF30880EFF3098163
:10BCCC0001B57246FFF75CFF01BD00BF002080F399
:10BCDC001488BFF36F8F002080F30A8880F30B88E1
:10BCEC000F4880F3088801F031FD00200D490860F1
:10BCFC00BFF34F8F00F01AF8202080F311880A4808
:10BD0C004FF40061401880F30988EFF3148002218E
:10BD1C00084380F31488BFF36F8F00F0C3F8000062
:10BD2C00D891002094ED00E09860002072B60023BA
:10BD3C0083F313884FF0FF300C4A03F120010133D9
:10BD4C00102B42F82100F8D100234FF0FF30074AA6
:10BD5C0003F160010133102B42F82100F8D162B6D7
:10BD6C00BFF34F8FBFF36F8F704700BF00E100E050
:10BD7C00084B9B6883420BD1EFF3058343B1064B11
:10BD8C005A6842F080525A605A6A22F400425A624F
:10BD9C0003F0A0BA8853002000ED00E013498A6834
:10BDAC004FF030001044EFF3098C80E8F01F202096
:10BDBC0080F31288BFF36F8F0D4F4FF000664A6906
:10BDCC008A603E60506F0023536780F3118802F144
:10BDDC00300090E8F01F8CF3098802F1000004B5E4
:10BDEC0004F047FCBDE80440704700008853002075
:10BDFC0004ED00E01EF0040F0CBFEFF30880EFF32E
:10BE0C000980816911F8021C0229FFD001B5724624
:10BE1C0004F020FC01BD00BF40B2002807DB012369
:10BE2C004109034A00F01F00834042F8213070475B
:10BE3C0000E100E040B200280CDB01220649430976
:10BE4C0000F01F008240203341F82320BFF34F8FB6
:10BE5C00BFF36F8F704700BF00E100E0054B420954
:10BE6C0053F82220012300F01F0003FA00F01040C9
:10BE7C00704700BF00E100E040B2002801F1010171
:10BE8C00ACBF00F16040064B4FEA4111C9B2ABBFE9
:10BE9C0000F5614000F00F0080F800131954704752
:10BEAC0014ED00E00B4A08B50B4B22F07F029A60B0
:10BEBC00BFF34F8FBFF36F8FD3F8882022F470023B
:10BECC00C3F8882002F028FD03F012FB00F042F8C2
:10BEDC0002F062FD0082000000ED00E042F8203C20
:10BEEC00009B0B4942F81C3C019B21F0010142F8DC
:10BEFC00183C029B42F8081C42F8143C4FF080732B
:10BF0C0042F8043C0023203A02654367704700BFA7
:10BF1C003D02010000B5094B0E4698601546436E74
:10BF2C0083F30B882C4686F309880020044B984732
:10BF3C002046002100220023024C20478853002079
:10BF4C00870601003D0201001022014B1A61704767
:10BF5C0000ED00E0002320210348C2180133412BDF
:10BF6C0082F80013F9D1704700E100E008B5EFF357
:10BF7C000583064A103B02EBC30152F833004968B3
:10BF8C008847BDE80840FFF747BD00BFDC2601002D
:10BF9C000CB410B586B009B90DF10B000024CDE935
:10BFAC00040109AB089A009404A905480393FEF711
:10BFBC0077F8049B1C7006B0BDE8104002B07047C7
:10BFCC00510701000122024B0020C3F840257047A5
:10BFDC000090035020B1034B800143F0010318473C
:10BFEC00704700BFD0290100BFF34F8F0549064BA6
:10BFFC00CA6802F4E0621343CB60BFF34F8F00BFFB
:10C00C00FDE700BF00ED00E00400FA05084B70B539
:10C01C00C31A0D4607499B10044659434022064853
:10C02C0004F0A6FB2B4601462046BDE8704018479D
:10C03C00B8520020B76DDBB650260100402373B513
:10C04C000B4C0093041B0B460D460A49A41061438C
:10C05C000646094A094804F0B6FB011E05DA3046CB
:10C06C002B4602B0BDE87040184702B070BD00BF4F
:10C07C00B8520020B76DDBB63B080100502601001A
:10C08C0010B5EFF31184202383F31288BFF36F8F65
:10C09C00074A136823F00201DB07116002D4012068
:10C0AC0005F06EFC84F31188BFF36F8F10BD00BFD9
:10C0BC000853002070B50022012104460520FFF72B
:10C0CC00DBFE0F4801F068FC0E4B984215D101F0D5
:10C0DC0073FC26690C49304604F003F900280BDB8D
:10C0EC00012535642469084904F11C0004F0F9F8B1
:10C0FC00002801DB0020E56470BD6FF00400FBE755
:10C10C0011C200000000AD0BF82B01001FB500227E
:10C11C000123CDE902236B46084ACDF800D0CDF8B7
:10C12C0004D004F07DFB002805DB4FF48042002393
:10C13C00684602F0D7FD05B05DF804FB5908010014
:10C14C000C22104B014602FB0033002030B4D3E923
:10C15C000E529863EFF31180202484F31288BFF3FE
:10C16C006F8F1C6C04F0C00444F002041C6480F358
:10C17C001188BFF36F8F1DB12B4630BC0248184796
:10C18C0030BC7047B85200205026010010B4EFF3B9
:10C19C001182202383F31288BFF36F8F1748016835
:10C1AC0041F002040460C80707D482F31188BFF37E
:10C1BC006F8F012010BC01F013BC4FF05021D1F84F
:10C1CC000C04D1F80C14C907EFD5EFF3118083F3ED
:10C1DC001288BFF36F8F0A490B6C03F0C00343F056
:10C1EC0002030B6480F31188BFF36F8F82F3118805
:10C1FC00BFF36F8F002010BCFFF7A2BF08530020C5
:10C20C00B852002010B1012804D07047034B1B6CAE
:10C21C005B0701D1FFF794BF704700BFB8520020F5
:10C22C002DE9F041012207463649D1E8EF3FC1E83C
:10C23C00E02F0028F9D133B9334934484B60CB6037
:10C24C008A6004F061F87B1E012B2BD8012F07D1DB
:10C25C004FF05023D3F81C3403F00303022B21D0EE
:10C26C0006F0EFF80546F8B9294B1B78E3B14FF00F
:10C27C00502302220646C3F808234FF05024DFF85F
:10C28C009480D4F81824D4F81834D20315D503F0BC
:10C29C000303022B01D0012F0FD16DB386F311884C
:10C2AC00BFF36F8FBDE8F081EFF31186202383F38A
:10C2BC001288BFF36F8F0125DFE7C5B1304604F05C
:10C2CC00F0F9D4F81835DBB2012BDAD1D4F804210B
:10C2DC00002AD6D00022C4F80421D4F8042102226A
:10C2EC00C4F818252022C8F88021A360C9E70021D2
:10C2FC00212006F016F9E4E74FF050230222C3F890
:10C30C000423CFE7B4520020A4520020D4520020C2
:10C31C009560002000E100E0C3780F2B14D9C96BA5
:10C32C000B480B0E13708B0200EA911003F47C0384
:10C33C000906034301F0FE4110680B430549014017
:10C34C000B430020136070476FF08500704700BFEF
:10C35C0000FF0300FF000080024B0B600123136001
:10C36C00704700BF0C530020004870471C2C010084
:10C37C0010B501220648114606F057F805F067FB88
:10C38C00044C206005F060FB6060002010BD00BF15
:10C39C00145300200C53002070B50C46154605F0C4
:10C3AC0053FB29460646204604F0D0FA08B3B4FBEA
:10C3BC00F6F306FB1343E3B9B5FBF6F306FB135395
:10C3CC00BBB9AE4201D9002070BD4FF0FF324FF027
:10C3DC00FF33094802F086FC05F036FB0646204682
:10C3EC0001F026FFAD1B3444F9D1034802F046FCA2
:10C3FC00E9E76FF01500E7E714530020F8B50E4697
:10C40C001946304617461C4604F0A0FA08B346EA13
:10C41C00040515F003051CD1A4B14FF0FF324FF009
:10C42C00FF330D4802F05EFC24F00304A54206EB3A
:10C43C00050009D1094AD2F80034DB07FBD50648C0
:10C44C0002F01CFC0020F8BD795901F00FFF0435F7
:10C45C00ECE76FF01500F6E7145300200090035042
:10C46C00004870479C2C010038B545682B69B3B166
:10C47C001035284601F0B8FD044680B9014628461F
:10C48C0001F080FD084B98420BD122462846074903
:10C49C0001F060FD224605210D20FFF7EDFC002088
:10C4AC0038BD6FF00400FBE70000AD0BBDC400000D
:10C4BC00430970B507D10B4B596821B101250C68A4
:10C4CC00094E854001B970BD8A682A4002D03046B9
:10C4DC004B6898471CB1236821461C46F2E723465B
:10C4EC00FAE700BF44530020642601002DE9F04315
:10C4FC0040F206354668D00648BF0320337B02EA7B
:10C50C00050558BFC2F3401087B001F01F07B5F501
:10C51C00837F144647EA43178DF8030042D00FD8A7
:10C52C00062D18D007D8B5B1022D3DD06FF01500EF
:10C53C0007B0BDE8F083B5F5807FF7D101250AE09F
:10C54C0040F20222954231D0B5F5407F30D0B5F59E
:10C55C00007FEBD102250123220303FA01F129D537
:10C56C0073689960326952BB07F01F037F0973D15E
:10C57C003B4A84F4803102EB8302D2F80032C1F3DF
:10C58C000041C4F3404423F4E16344EA410423F042
:10C59C0007031C4344EA800444EA0524C2F8004221
:10C5AC000020C5E70725D6E70425D4E70525D2E703
:10C5BC000325D0E7630344BF7368D960D2E7103614
:10C5CC00394630460DF1020201F0CAFC14F4403F2A
:10C5DC0080460CD13946304605F02CFA214B984553
:10C5EC00DED130469DF8021001F008FDD8E74FF07F
:10C5FC00000901AB3946304603AACDE90439CDE92F
:10C60C000199CDF80C9001F07FFB164B98428DD11F
:10C61C0014F4003315D09DF8033084F48034C4F343
:10C62C0000448DF80E3039464B46304603AA8DF83F
:10C63C000C508DF80D4001F015FC0A4B9842CDD0F2
:10C64C0074E7CDE9043339460DF10303304603AAF0
:10C65C00039301F059FBF0E7803352F82330FFDEEF
:10C66C00002584500000AD0BF0B5406801F01F04AC
:10C67C00057B87B044EA45140569002D5FD0B2F5FF
:10C68C00001F00F1100506D12146284605F0D4F90B
:10C69C00002007B0F0BD0027B2F5800F01AE019766
:10C6AC00776037D1B3F1007F14BF052304238DF8D5
:10C6BC0004300023CDE904630393836823FA01F16A
:10C6CC0011F0010118D1B2F1A07F15D104F01F03B4
:10C6DC00620903F1800338D11D4A52F82330DB077D
:10C6EC000AD40DF1030632462146284601F038FCE7
:10C6FC00184B984219D002962146284603AA01F0FD
:10C70C0003FB154B98421DD101222146284601F00E
:10C71C0081FCBDE7B3F1C06F05D0B3F1007F14BF4E
:10C72C0001230223C3E70323C1E73146284601F066
:10C73C006BFC094B9842DED06FF00B00A9E76FF051
:10C74C008500A6E76FF01500A3E751F82330FFDE54
:10C75C00002584500400AD0B0000AD0B2DE9F04713
:10C76C0040F2FF16594FDFF868C1DFF868E100EBC3
:10C77C008101814202D10020BDE8F087046814F4E5
:10C78C00804FC4F3C325C4F3080340F08C80240EFF
:10C79C00B34208BF4FF0FF337D5D192C00F2868049
:10C7AC00DFE804F00D13191C1F251C8484848436C7
:10C7BC006084848484848484848463787B7EC2F8DB
:10C7CC000C355C1C5BD10430D3E7C2F814355C1C0F
:10C7DC00F9D000245CE0C2F80835F2E7C2F8103555
:10C7EC00F5E75C1CC2F80835EDD0002404E05C1CB5
:10C7FC00C2F80C35E7D001245FEA531859D14FF039
:10C80C000109DFF8CC8009FA03FAC8F80CA008E09B
:10C81C00C2F80835002DDAD15C1CD4D000240625D2
:10C82C00A146D0F800A00AF40048B8F1000F1CBFD4
:10C83C004FF00009012403F01F085B093FD10CEBFA
:10C84C008808D8F80032CAF3412A03EA0E0343EAF7
:10C85C008A0343EA052343EA090343EA4403C8F87D
:10C86C000032B0E7C2F80C35D4E7C2F86035B3F14A
:10C87C00FF3F0468A7D0C4F30044002CBBD05C0974
:10C88C001AD10124DFF8488004FA03F9C8F808909B
:10C89C00A146C6E7C2F86435E9E7C2F86835E6E7B1
:10C8AC00C2F86C35E3E76FF0150065E76FF08500B3
:10C8BC0062E70023DB60FFDE00239B60FBE70023C5
:10C8CC0008F1800853F82830F5E700BFC0370100A5
:10C8DC0000258450F0F8FCFF2DE9F04104460D468C
:10C8EC00476805F0AEFD4FF0200888B9264B1B7841
:10C8FC0073B16426606804F0AFFCF0B9012004F059
:10C90C00DFFF013EF6D10021212005F00AFEF0E701
:10C91C00EFF31186314688F31288BFF36F8F60688E
:10C92C0004F09AFCA8B986F31188BFF36F8FEFE778
:10C93C0086F31188BFF36F8FE5E7EFF3118631466D
:10C94C0088F31288BFF36F8F606804F085FC0028B1
:10C95C00EED0BB6900201D706368BA691B68C3F810
:10C96C0044250122C3F84825C3F82001D3F82041FF
:10C97C00C3F85801D3F858019A6081F31188BFF3BA
:10C98C006F8FBDE8F08100BF95600020F7B50546BC
:10C99C00426813691168C1F82435137D507D927D6E
:10C9AC0003431343C1F86C356E68D6E9004313F0AA
:10C9BC00010348D02F6907F10C0000F0E7FF304B62
:10C9CC0098425AD1387B04F10C0204F5907104F0B2
:10C9DC0079FF387B012707FA00F000F0D1FF08231C
:10C9EC00C4F80035B369C4F844350023C4F848359D
:10C9FC00A760D4F85831002BFBD00021C4F80015E7
:10CA0C006B6801AADC68204604F06FFB002805DB8C
:10CA1C00019B226819791868FFF7A0FE08216A6843
:10CA2C001368C3F80015117A51B9D269C3F83425CB
:10CA3C000122C3F83825C3F81011D3F810111A606D
:10CA4C00002003B0F0BD0822C4F80025B269C4F878
:10CA5C004425C4F848350123A360D4F82031002BB9
:10CA6C00FBD00023C4F82031D4F820310123E3603B
:10CA7C004FF48073C4F80433BBE76FF00400E0E7B5
:10CA8C000000AD0B2DE9FF4105690646D0F8048086
:10CA9C00A86C2B6D002835D1002B53D0B8F8304042
:10CAAC006A6C9C4228BF1C46EF6CEB6C53B1296D31
:10CABC0041B107F06041B1F1005F03D0082C28BFF1
:10CACC0008246F6E00926A6CAC651AB1AA6C002ACD
:10CADC0018BF2246CDE901271BB12B6D002B18BFC7
:10CAEC002346002269464046039301F077FD184B1C
:10CAFC00984229D06FF00401304604B0BDE8F041F3
:10CB0C0004F03BBD696CEF6C0A46B8F83040ABB131
:10CB1C00834228BF03469C4228BF1C460029C4D030
:10CB2C0001F06043B3F1005FBFD0082C28BF08248C
:10CB3C00286E224603F0F2FD2A6EB6E7844228BF27
:10CB4C000446EBE71946D7E704B0BDE8F08100BF17
:10CB5C000000AD0B2DE9F04F8DB001934368884672
:10CB6C0002938B8805469904914604692DD44FF0A5
:10CB7C00FF324FF0FF3304F1100002F0B3F8C4F8A9
:10CB8C000480D5F804B0D5F810A0DBF80830039376
:10CB9C009AF85D3023B1DAF80030984500F09D80AA
:10CBAC00B8F804E01EF4006F16D06FF08506236809
:10CBBC009B8813F4005304D1636004F1100002F05D
:10CBCC005DF830460DB0BDE8F08FA369002BCED1D7
:10CBDC0063689845CBD1D4E71EF0090F02D06FF0F3
:10CBEC001506E4E7CEF34513082BF8D1D8F800C0AE
:10CBFC008B4B9C45F3D904AE0BF10C070FCF0FC632
:10CC0C0097E80F0086E80F00039B634528BF634637
:10CC1C009C46844B9C4511D2834B9C4546D8834BF8
:10CC2C009C4545D8824B9C4544D8824B9C4543D867
:10CC3C008149824B824A8C4588BF13461EF0020FF5
:10CC4C0009930EF0040339D0002B14BF03230223E5
:10CC5C008DF82830CEF300138DF82930DBF8003036
:10CC6C001EF0020FD3F8082576484FF00103CEF3DF
:10CC7C0040014FEA521625D1002E40F0CB80934054
:10CC8C00C3609AF85D302BB1584601F06BFC002361
:10CC9C008AF85D302B4658466B4A04A901F02EFCED
:10CCAC006A4B984214D06FF0040680E7684BC5E7D6
:10CCBC00684BC3E7684BC1E7684BBFE7003B18BF45
:10CCCC000123C5E7002E40F0A78093408360D8E78E
:10CCDC000123CAF800808AF85D30012384F85C30A7
:10CCEC00029B996B4A1C03D003F13C0000F0E8F85E
:10CCFC00B9F1000F68D1C4F834900023A36304F198
:10CD0C00480204F1380104F1340004F061FB019B8A
:10CD1C006064002B60D1E3630023236404F15002B0
:10CD2C0004F1400104F13C0004F052FB0026012107
:10CD3C003246E0642663204604F081FB2846FFF768
:10CD4C00A1FE32463346A06B83424DD100231946D7
:10CD5C00266CB1424FD1934238BF134627464FF44D
:10CD6C00FA524FF0000802FB03F657F8203B4FF441
:10CD7C00004C1B684146B6FBF3F640F2E730C83670
:10CD8C004FF47A720023E6FB0C01FBF779FB0246A9
:10CD9C000B46384601F0A6FF024618B9266B16F171
:10CDAC00740F2FD10298C4F8588001F0DBFB6FF0A0
:10CDBC007301284684F85D8004F0DFFB384601F0EF
:10CDCC00B7FF6FF07306F2E6D9F800306363002BFF
:10CDDC0093D0D9F8043091E7019B1B68E363002BD7
:10CDEC009AD0019B5B6898E7616B01EBC3014968C2
:10CDFC0001330A44A8E7E06B00EBC1004068013145
:10CE0C000344A6E7002E3FF4D2AE0146286904F095
:10CE1C0016FBCCE6C960FFDE00239B60FBE700BF7E
:10CE2C0047E8010000127A00FF083D007F841E00D5
:10CE3C003F420F001FA107008FD0030048E80100FC
:10CE4C0090D0030000258450A91501000000AD0B03
:10CE5C0000093D0080841E0040420F0020A1070005
:10CE6C000123F0B587B08DF80230022300248DF831
:10CE7C0004306B4403930F4601AB0DF10301049393
:10CE8C0005460291059401F0BFF80C4B06469842FA
:10CE9C000FD13946284603AA00F036FFB0420BD01A
:10CEAC0028469DF8031001F0A9F86FF0040007B0B4
:10CEBC00F0BD6FF01200FAE72046F8E70000AD0B6A
:10CECC002DE9F0410D46064604F0B8FD0022074658
:10CEDC002946304601F09EF86B0905F01F0429D154
:10CEEC00174B03EB8404D4F80022164B134043F089
:10CEFC000C03C4F8003204F0B6FB80463368DB59EF
:10CF0C007BB100273046294604F096FDD4F8002268
:10CF1C000C4B3846134043F00403C4F80032BDE810
:10CF2C00F08104F0A0FBA0EB08000628E6D96FF016
:10CF3C007307E7E70023803453F82430FFDE00BF8B
:10CF4C0000258450F0F8FCFF0123834070B5DC43CE
:10CF5C000B4AD2E8EF1F01EA0405C2E8E65F002E97
:10CF6C00F7D14FF4803282400648C0F80823BFF353
:10CF7C005F8FBFF36F8F0B4214BF0120002070BD79
:10CF8C00545300200050015070B40E4922F07F46DB
:10CF9C00D1E90034D01AC31844F10004C1E90034BB
:10CFAC00A6F50013B3F5400F09D2074B1B681A0AFC
:10CFBC001B069C19054B42F10005C3E9004570BCEA
:10CFCC0002F056BB400200205853002048020020BB
:10CFDC00D9B101230D4A8340D2E8EFCF4CEA030CC0
:10CFEC00C2E8E1CF0029F7D14FF48033084A8340DF
:10CFFC00C2F80433074BD3E8AF3FC340DB0742BF53
:10D00C004FF40012044BC3F8002170475453002016
:10D01C00005001505053002000E100E00D4B186807
:10D02C00010A0006BFF35F8F0B4BD3F804351818B9
:10D03C0041F10001B3F5801F0AD2084BD3E900235C
:10D04C00904271EB030303D210F1807041F10001A7
:10D05C00704700BF58530020005001504802002078
:10D06C002DE9F04F85B016461F4604469DF840A0AA
:10D07C00FFF76AFF0190FFF7D1FFB04271EB070396
:10D08C0052D23B4B301A67EB0101984271F100010F
:10D09C004DD2384B03EB0413D3E902239F4208BF54
:10D0AC00964258D04FF48038334908FA04F8204699
:10D0BC0026F07F4BC1F8488304F0C9FA4FF00309FE
:10D0CC00584604F15005AD00ADB205F1502504F5FC
:10D0DC00A87305F580350293029A20F07F4341F83E
:10D0EC002230C1F84483D1F80435244AC01A0338DD
:10D0FC0020F07F4090422ED9286868B1D1F80435D1
:10D10C00A3EB0B0020F07F40B0F5000F039322D966
:10D11C00204604F09CFA039BBAF1000F07D109EBEF
:10D12C00030009F10109D7E7BAF1000F09D06FF03C
:10D13C00150520460199FFF74BFF284605B0BDE8C1
:10D14C00F08F01230E4AA340D2E8EF0F1843C2E838
:10D15C00E10F0029F8D107490E982301C8500F9B05
:10D16C0001EB04120025C2E902675360E1E700BF3E
:10D17C00010080003002002000500150FDFF7F00B4
:10D18C00505300207FB500254FF0FF304FF0FF319A
:10D19C00194C1A4B0226C4F80833C4F84833184B00
:10D1AC00C4F80855C3E902014FF480334FF4001260
:10D1BC00C4F80433134B0121C4F804631520C3F8DD
:10D1CC0080212A46FEF758FE1520FEF725FE012386
:10D1DC000D4AA360236013600C4B0D4A0093284644
:10D1EC000023CDE90155FFF73BFF3046FFF718F858
:10D1FC00284604B070BD00BF0050015003000F0062
:10D20C003002002000E100E05453002095CF0000D4
:10D21C00FFFF7F002DE9F7432E4BD3F80423900733
:10D22C000BD5D3F8042142B10022C3F804212A4AB9
:10D23C00D3F80431136801331360264AD2F804334F
:10D24C00D90326D5254BD3E8EF1F21F00100C3E805
:10D25C00E40F002CF7D1CB0702D4D2F84031C3B184
:10D26C0000251C4CC4F84051D4F84031FFF7D6FED1
:10D27C00EFF31182202383F31288BFF36F8F184BC7
:10D28C00D3E90267B042B94106D282F31188BFF3E9
:10D29C006F8F03B0BDE8F0834FF0FF38D3E9001077
:10D2AC004FF0FF391D60C3E902894FF48033C4F895
:10D2BC004833C4F84051D4F8403182F31188BFF39D
:10D2CC006F8F0029E5D0009032463B4628468847B0
:10D2DC00DFE700BF0050015058530020505300208E
:10D2EC003002002030B5431C124C85B005D084426E
:10D2FC00A8BF0446012CB8BF0124FFF78FFE0E4BCC
:10D30C000C4DD3E90013401AB0F5000F0FD22218C0
:10D31C00AA4228BF2A46002052180849CDE901002C
:10D32C00009143F10003FFF79BFE05B030BD2A4688
:10D33C00F1E700BFFFFF7F004002002095CF000007
:10D34C0008B5FFF76BFE024B1B68C01A08BD00BF87
:10D35C0040020020012310B5074C15206360FEF736
:10D36C0069FD4FF40012054BC4F80833C4F8483378
:10D37C00034BC3F8802110BD0050015003000F0077
:10D38C0000E100E040EA0103C3F30E0330B58BB9B2
:10D39C0040F21515094CC90BC0F3C730994201D1A5
:10D3AC00002030BDC218D2B202F5C07244F822502F
:10D3BC000133F3E76FF01500F3E700BF00300050C6
:10D3CC00054B1B68DA6AB2F5807F01D8DB69184718
:10D3DC006FF00D00704700BFDC910020014B1B6803
:10D3EC001B6A1847DC910020014B1B685B6A1847CD
:10D3FC00DC91002010B4034C2468E469A44610BCF2
:10D40C00604700BFD89100202DE9F043234885B038
:10D41C0004F02DF900250446204B214ED3F838801A
:10D42C00DFF88090A84503D8002005B0BDE8F08354
:10D43C00636A96E807001F6801AB83E807000C22BB
:10D44C001946384603F043F988B987B1636A2169F4
:10D45C001B681A6991420AD19A69A169914206D84E
:10D46C00E169914203D962695B699A430CD0276ADE
:10D47C0077B10D4802F0CFFE002383F31188BFF380
:10D48C006F8F0423184602DFE36801351C44C9E79B
:10D49C00484602F0C0FE636A1F60F5E70084000096
:10D4AC00B02901000E380100E537010030B5816864
:10D4BC0085B0103921F00704054602F0F2FF102266
:10D4CC000146684603F035F910226846064903F018
:10D4DC0025F910236A462146284602F0AEFF003893
:10D4EC0018BF012005B030BD7E2E010030B50D46B1
:10D4FC00816887B0102302AA1039044602F088FF15
:10D50C00002802DA012007B030BD1022204602A903
:10D51C0004F0D7F800283AD110221E4902A803F0D3
:10D52C00D6F800280CBF012302232B70204604F0F0
:10D53C00B4F8012301460DF10702204602F068FF02
:10D54C000028DFDB9DF80730204603F00F021B0993
:10D55C006A702B7101220DF1070104F0B2F810B9B9
:10D56C006B78042B03D901236B7000232B71A268F9
:10D57C002046183A22F00702083AA91C04F0B4F825
:10D58C000028BFD12046E91C04F007F9BBE70323B0
:10D59C00CBE700BF7E2E0100F0B5354F85B04600BD
:10D5AC000546694657F8260004F0FDF8044610B10C
:10D5BC00FF2005B0F0BD013657F8260002A904F093
:10D5CC00F2F8012837D12A4649212A4802F012FFE5
:10D5DC00294B8DF80C40029300229DF800609DF8B9
:10D5EC000870264C3146207804F05DF850B339466B
:10D5FC00607804F058F828B3A378042B03D09DF876
:10D60C00031099421ED1E378042B03D09DF80B1024
:10D61C00994217D12379042B10D16279022A1DD19A
:10D62C00174B18482A46492102F0E4FE6079831E04
:10D63C00022BBED9BCE70028CED0B9E79DF802106A
:10D64C009942EAD00132032A04F10604CAD10E48E9
:10D65C002A46492102F0CEFE0120AAE7032A05D072
:10D66C000A4B0B49042A08BF0B46DAE7094BD8E7EB
:10D67C00B02D01006438010003010303F9380100E7
:10D68C0046380100AF380100D33801004B38010097
:10D69C005D3801004138010013B50C4B0C4603EB0F
:10D6AC00C00001A90079FDF75FF9014660B9221E9F
:10D6BC0018BF0122019804F0A3F80446019802F067
:10D6CC00A6FE204602B010BD0124FAE7B02D0100E1
:10D6DC0008B5EFF31083012B0C4A07D1126ABFF384
:10D6EC004F8F511C4A424A41104608BD04F0C6F8FF
:10D6FC0000B172B6126ABFF34F8F531C5A425A4193
:10D70C0004F0BCF80028EFD062B6EDE70080FF0013
:10D71C0008B5EFF31083012B0B4A06D1D269BFF386
:10D72C004F8F02F00102104608BD04F0A7F800B1BB
:10D73C0072B6D269BFF34F8F02F0010204F09EF86B
:10D74C000028F0D062B6EEE70080FF0010B504F0C0
:10D75C0095F830B14FF050230022C3F81421C3F8D0
:10D76C00182104F09AF828B101225F4BC3F8382A2B
:10D77C00C3F878254FF47F02D2F83031D2F8342137
:10D78C00BFF34F8FC3F30B03092B05D1012A1EBF27
:10D79C000122554BC3F8782504F07FF818B10E22FE
:10D7AC00524BC3F8E42E04F069F830B100224E4B12
:10D7BC00C3F80C270122C3F810270022D30003F56D
:10D7CC007F03D3F80013BFF34F8F013108D0D3F888
:10D7DC0000130132D3F80433B2F5807F0B60EDD126
:10D7EC00EFF31084FFF794FF00284DD0BFF34F8F59
:10D7FC003F4BD3F80024012AFBD1C3F80425D3F8FE
:10D80C000024012AFBD1012C03D004F037F800B11D
:10D81C0072B6FFF77DFF58B1364AD36923F0010386
:10D82C00D361BFF34F8F324AD2F80034012BFBD1B6
:10D83C00FFF74EFF68B12F4A136A23F0FF0343F042
:10D84C0020031362BFF34F8F294AD2F80034012B07
:10D85C00FBD1012C03D004F011F800B162B6002208
:10D86C00234BC3F80425D3F80024012AFBD1BFF3C2
:10D87C004F8F2149214BCA6802F4E0621343CB60FD
:10D88C00BFF34F8F00BFFDE7FFF722FF0028ADD19C
:10D89C00194AD2F88C3043F44063C2F88C304FF400
:10D8AC007F03D3F83021D3F83431BFF34F8FC2F359
:10D8BC000B02092A16D1013B022B02D8104AD35C69
:10D8CC0083B10C480F490368094A8B420CBF5A2399
:10D8DC000023C2F8103EC36A8B420CBF5A230023AC
:10D8EC00C2F8003E10BD00BF0040005000A0035025
:10D8FC00009003500080FF0000ED00E00400FA05EA
:10D90C000B390100FA50FA5030B50468ACB1B4FAD6
:10D91C0084F30122C3F11F03DBB29A4024EA020212
:10D92C00D0E8EF5FA54204D1C0E8EC2FBCF1000FAA
:10D93C00F6D1EAD102480B7030BD0248FCE700BFBB
:10D94C000000AD0B0200AD0B10B50368CB40DB073C
:10D95C0010D401238B40026843EA0201D0E8EF4F58
:10D96C00944204D1C0E8EC1FBCF1000FF6D1F2D107
:10D97C00014810BD0148FCE70000AD0B0400AD0BE5
:10D98C00014BC3F804057047007001500146014873
:10D99C0000F0B6B8E8000020044B1A7922B9012235
:10D9AC0018601A7102487047024870475C53002097
:10D9BC000000AD0B0C00AD0B08B5084B1B6833B168
:10D9CC000520FEF74BFA10B90520FEF725FA4FF0AB
:10D9DC0050230122C3F8182508BD00BF5C5300205A
:10D9EC0010B510B1012847D010BD4FF05023D3F81B
:10D9FC001814D3F81824C90322D502F00303022B00
:10DA0C0005D0012B02D0002003F063FF01234FF05F
:10DA1C0050220220C2F8183508224FF482730021DC
:10DA2C0003F1502319601C68012402F15022146088
:10DA3C00164A126822B34FF05023C3F80403D3E7FD
:10DA4C00D3F81424D207E1D5D3F81C2402F0030236
:10DA5C00013A012AD7D80D4A12681AB10222C3F82A
:10DA6C000423C1E7D3F80421002AFBD00022C3F819
:10DA7C000421D3F80431B7E700224FF48073CEE7CA
:10DA8C001A68002AFCD019601B68ADE75C530020B3
:10DA9C00F8B54FF0502301250026D3F80443174F57
:10DAAC0004B9F8BDB4FA84F0C0F11F00830003F58B
:10DABC0080739BB203F1502305FA00F21968D2B2BD
:10DACC0024EA02040029EBD01E601B684FF050239F
:10DADC00022AC3F808230DD1D3F81814D3F818145C
:10DAEC0001F00301012905D1C3F81825C3F804235B
:10DAFC009960D5E73B68C0B29847D1E75C530020EA
:10DB0C000079024B03EB0010FFF7FEBEF000002083
:10DB1C00036803F01F025B090260024818BF002073
:10DB2C00704700BF0025845070B50D4C00F1080300
:10DB3C0034F813300546DA050E4607D5C3F34323F4
:10DB4C0004EBC302526854F833309847A3682BB1E6
:10DB5C0031462846E268BDE87040184770BD00BFEA
:10DB6C0000010020024611F0010004D003490B6AA9
:10DB7C0013600B6203B90020704700BF002584506E
:10DB8C0010B4124AC0B2083032F81030D9051BD587
:10DB9C00C3F3432123F4F85322F81030002002F190
:10DBAC000E0434F8023F13F4807F03D0C3F34323F5
:10DBBC00994209D001302028F3D1002342F83130AA
:10DBCC00034810BCFFF7C0BE10BC7047000100201A
:10DBDC0058010020F0B505460020012604460746F2
:10DBEC008C420BD1114BD3F87C2132B10022C3F8FB
:10DBFC007C21D3F87C3140F00040F0BDE3B29B00B7
:10DC0C0003F580729B0806FA03F31D420BD002F158
:10DC1C00A04202F55042D2F800C0BCF1000F02D075
:10DC2C001760126818430134DAE700BF00D00050C7
:10DC3C00064BC0B2083033F81000830643BF400BCC
:10DC4C00800000F580704FF4BE707047000100201A
:10DC5C00CBB2024608460D49083331F81330990609
:10DC6C0011D599070FD4012110685B0B9940C0F8AE
:10DC7C000813126802EB8303D3F8102522F0030279
:10DC8C00C3F810257047002103F0C5BE0001002029
:10DC9C00F7B5194ECDB2083536F815300746DB0707
:10DCAC000C4626D5FFF7D4FF36F815309A0608D562
:10DCBC005A0B3B6803EB82030022C3F81025C3F810
:10DCCC0010252046FFF75CFF002301A826F815302D
:10DCDC000194FFF71DFF019B00EB8300D0F800229D
:10DCEC00064B134043F00203C0F80032044803B063
:10DCFC00F0BD0448FBE700BF00010020F0F8FCFF7A
:10DD0C000000AD0B0400AD0B2DE9FF411368074675
:10DD1C000C461646FBB1DFF83C81CDB2083538F81D
:10DD2C00152002F02202222A22D000222046CDE920
:10DD3C0000228DF80E208DF80F200DF10E010DF143
:10DD4C000F0203F01FFE38F8153023F0020343F0E6
:10DD5C00010328F8153073684BB31A785868DFF84C
:10DD6C00F4C0E3B208333CF813108D0702D5B0B100
:10DD7C0039481FE021F02001C904C90C2CF81310FC
:10DD8C0068B1032AF4D870683D68406890F800E0E8
:10DD9C0005EB8E058AB9C5F81025C5F810253CF899
:10DDAC00131021F01C0141EA82022CF81320B368F5
:10DDBC002BBB2A4804B0BDE8F081D5F8108541EAA8
:10DDCC004E3128F00308C5F810853D6841F020015C
:10DDDC0005EB8E05D5F810052CF8131020F4473000
:10DDEC0020F44070C5F810052002D5F8107500F429
:10DDFC00F85040EA02403843C5F81005CFE72046FA
:10DE0C00D3E90067FFF7BCFE002ED2D0114DD5E947
:10DE1C000023964203D19F4201D1002209E0104811
:10DE2C000DF10F01FFF770FD0C4B9842C2D19DF81C
:10DE3C000F20E4B205EBC20308345F6035F81430F0
:10DE4C0045F8326043EA422343F4807325F81430DA
:10DE5C00AFE700BF000100200400AD0B0000AD0BCC
:10DE6C00580100202DE9FF4107460C461E4612B30F
:10DE7C00DFF8D480CDB2083538F81530980701D4C6
:10DE8C00990621D413F01C0F02D05378012B1BD010
:10DE9C0001238DF80F3000232046CDE900230DF12E
:10DEAC000F01931C013203F06DFD38F8153043F06F
:10DEBC00030328F81530002E44D0234DE1B208316D
:10DECC0035F81120930703D4204804B0BDE8F08145
:10DEDC00002096F800E03B6822F02002D20403EB0D
:10DEEC008E03D20CC3F8100525F81120C3F81005C9
:10DEFC0096F801C04FEA8E08BCF1000F22D03868AA
:10DF0C00B6784044D0F810354FEA0C4C23F49813F3
:10DF1C0023F4F853C0F81035230203F4F8530CF42F
:10DF2C00403C3605D0F8107543EA0C0306F4801615
:10DF3C00334342EA4E323B4342F02002C0F81035E4
:10DF4C0025F811200248C0E7000100200400AD0BA9
:10DF5C000000AD0B014BC3E9021270470001002019
:10DF6C00054BC9B2083133F81130990643BF5B0B2E
:10DF7C000248137002487047000100200000AD0BEE
:10DF8C000400AD0B70B5154D064695F860401CBBF2
:10DF9C002146402205F1100002F0CBFB21463068EF
:10DFAC002E6D8E420ED10023C0F87C31D0F87C311E
:10DFBC0040F30730FDF730FF0123094885F8603046
:10DFCC00AB6570BDCBB29B0003F580727C2B04BF9C
:10DFDC00845083580131E4E70248F2E70001002045
:10DFEC000000AD0B0C00AD0B034B93F86000003838
:10DFFC0018BF0120704700BF000100200148FFF747
:10E00C00A3BC00BF540100200148FFF77DBC00BF3A
:10E01C005401002073B503680C46D3F8041300298F
:10E02C00A4BF4FF00041C3F804131E49E3B20833F8
:10E03C0031F8133099061AD513F0020617D15B0B81
:10E04C0005689C0004F580716E5069580168214484
:10E05C00D1F8104544F00104C1F810452AB1012251
:10E06C00016802FA03F3C1F8043302B070BDC3F3C4
:10E07C008203042B11D0052B11D001A80194FFF7BA
:10E08C0047FD019A0369D34003F00103991C204614
:10E09C0002B0BDE8704003F0BEBC0321F7E70221DB
:10E0AC00F5E700BF000100202DE9F347534B544F17
:10E0BC00D3F80403396DC0B240F00040FFF78AFD7D
:10E0CC00051E18DA00236846F96D00934FF001081D
:10E0DC00FFF748FD97F85C30DA0757D4396D4FF0ED
:10E0EC000040FFF777FD6846F96DFFF73BFD002810
:10E0FC00F0D125F000450124002D66D102B0BDE819
:10E10C00F08794FAA4F4B4FA84F4E00804F1080358
:10E11C0037F8139004F007021DF8003008FA02F2E9
:10E12C0023EA02030DF8003001A80194FFF7F0FC7C
:10E13C00019B4FEA9901803350F82360C9F3820A9E
:10E14C004B07D146C6F3014624D520465146FFF76E
:10E15C00EBFC01A80194FFF7DBFC019BF6B28033CA
:10E16C0050F82330C3F301439E4207D100212046CF
:10E17C0003F051FC3146204603F04DFC01A80194FC
:10E18C00FFF7C6FC019B08FA03F30362009C002C0A
:10E19C00B7D1A3E7022E0CD10321204603F03BFCA0
:10E1AC000AF00503012BE9D149462046FFF7BCFCD8
:10E1BC00E4E70221204603F02EFCBAF1030FF3D062
:10E1CC00032EDBD1BAF1020FEDE795FAA5F3B3FA02
:10E1DC0083F304FA03F29B0003F1A04303F55043CD
:10E1EC00D3F81005D3F81015C0F30420C1F3014186
:10E1FC0025EA0205FFF798FC7EE700BF00D000502F
:10E20C00000100200022034BC3F88425C3F8042529
:10E21C00704700BF00900350044AD2F80834DB0763
:10E22C00FBD50160BFF35F8F704700BF00900350B8
:10E23C0008B5C0F30B0383B90222094BC3F884253C
:10E24C00C3F804254FF0FF320260D3F80024D20744
:10E25C00FBD5FFF7D7FF034808BD0348FCE700BF19
:10E26C00009003500000AD0B0A00AD0B012208B565
:10E27C00054BC3F88425C3F80425FFF7CDFFBDE893
:10E28C000840FFF7BFBF00BF00900350430904D103
:10E29C000123034A83409360704700239B60FFDE99
:10E2AC00002584500C4B984213D00AD80B4B984243
:10E2BC000FD00B4B98420CD00A4BC31A5842584102
:10E2CC007047094B984204D0084B984201D0084B38
:10E2DC00F3E70120704700BF40420F0090D00300CD
:10E2EC0020A1070048E8010000093D0000127A0057
:10E2FC0080841E00431C14D000F01F0340090BD176
:10E30C00084A02EB8302D2F80012074B0B4043F091
:10E31C000203C2F8003270470022803352F82330D7
:10E32C00FFDE704700258450F0F8FCFF430904D150
:10E33C000123034A8340D36070470023DB60FFDE78
:10E34C000025845038B51446421C054616D00129C8
:10E35C0002D1A3B1FFF79AFF05F01F036D0911D18C
:10E36C000B4A41EA840402EB8303D3F80002094A06
:10E37C000240144344EA4101C3F8001238BDFFF7D0
:10E38C00D5FFE9E70022803352F82330FFDE00BFCF
:10E39C0000258450F0F8FCFF2DE9F843504B4D69F3
:10E3AC0006469D420C4690F8049000F0848077D885
:10E3BC004C4B9D4200F082804B4B9D4200F0818083
:10E3CC004A4B9D420CBF4FF000754FF08045242204
:10E3DC00DFF81C81E07E02FB0983997F60F300016A
:10E3EC0099773379217C02FB03839A7F61F3410295
:10E3FC009A77E77EEFB9237E3A46012B94BF002330
:10E40C00012301212068FFF79DFF3B463A4601217D
:10E41C006068FFF797FF3B463946A27EA068FFF77E
:10E42C0091FF237C3A460121E06883F00103FFF75A
:10E43C0089FF242303FB0983E2681A62217C9A7FFB
:10E44C0061F341029A77277FA07C217E637E32683C
:10E45C0047B9D4E900C7A468C2F808C5C2F80C755E
:10E46C00C2F81045003B18BF01230229C2F8C005B1
:10E47C00C2F824552BD003292CD0012901D143F00B
:10E48C000203C2F8543524223379534358F803302D
:10E49C001BB33068BDE8F84340F30730FDF7BCBC54
:10E4AC00144B9D4210D0144B9D420CBF4FF00045B5
:10E4BC004FF080458BE74FF0805588E74FF0806533
:10E4CC0085E74FF0006582E74FF000557FE743F09A
:10E4DC000403D6E743F00603D3E7BDE8F88300BF97
:10E4EC0040420F0090D0030020A1070048E8010033
:10E4FC006453002080841E0000127A002DE9F8433A
:10E50C000746242597F80480124C05FB08F504EB0C
:10E51C0005091E4699F81C30C3B999B14869FFF733
:10E52C00C1FEA8B138466251C9F80460FFF734FF48
:10E53C00242303FB08440023637701230648237735
:10E54C00BDE8F8836251C9F80460F1E70348F7E7C6
:10E55C000348F5E7645300200000AD0B0C00AD0B35
:10E56C000400AD0B2DE9F041044606790068194D05
:10E57C0040F30730FDF75EFC24237343EB5853B193
:10E58C002368154A06EBC601C3F80823206805EB7F
:10E59C00810103F0B2FA2368242404FB0654D3F857
:10E5AC000805D3F80C75D3F81085A37FDB070AD4C4
:10E5BC00FFF7A0FE4046FFF79DFE3846FFF79AFE98
:10E5CC00206AFFF797FE242303FB065500232B77C5
:10E5DC00BDE8F081645300205201080024232DE98A
:10E5EC00F0430779534D7B439046EA180E46517F12
:10E5FC00814685B0002940F09B80EB5823B118F080
:10E60C00140F04BF01235377242496E80F0004FB56
:10E61C00075404F10C0C8CE80F00206A421C04D047
:10E62C00A37F9B071AD5FFF731FE3368D9F800405A
:10E63C0023B103F06043B3F1005F06D1B36883B13B
:10E64C0003F06043B3F1005F0BD02423002203FBE3
:10E65C00075339485A7705B0BDE8F083FFF766FEDB
:10E66C00E3E718F0010318BF0123C4F8503518F084
:10E67C00020318BF0123EC46C4F8403596E80F009E
:10E68C008CE80F00039BC4F84405C4F84815C4F883
:10E69C003425C4F838350023C4F81831D4F81831AF
:10E6AC000723C4F8003524237B4318F0080F05EB2F
:10E6BC0003021DD10121E858216158B9D4F8183151
:10E6CC00002BFBD062464021204603F0D8F92423CE
:10E6DC007B43EA18EB5813BB106A461C13D107EBAB
:10E6EC00C707204605EB870103F007FA1348B2E78A
:10E6FC00EB58A3B9106A411CF8D0937F9A070BD53D
:10E70C00FFF714FEF2E7937F9B0702D5FFF70EFE8F
:10E71C00E5E7FFF7BBFDE2E7FFF7B8FDE6E74023CF
:10E72C0018F0040F14BFC4F80833C4F80433DDE741
:10E73C00034890E7645300200A00AD0B0000AD0BBA
:10E74C000B00AD0B10B540210F4A104803F097F9A0
:10E75C00C8B10F4C206A421C04D0A37F9B070FD575
:10E76C00FFF7E4FD637F1BB10949084803F0C5F9C5
:10E77C00002323720748D4E90031BDE81040184744
:10E78C00FFF784FDEEE710BD7053002000B0005081
:10E79C00645300206C53002070B516461D465A1C5D
:10E7AC00036804461344C2689A4205D20821006AE1
:10E7BC0003F0A2FC002070BD32783DB1AB1E062BDD
:10E7CC008EBF00230B4AD35C1833DAB2204603F019
:10E7DC0096FC0028EED03544B54203D1A368013332
:10E7EC00A360E8E723685A1C226015F8012D1A7003
:10E7FC00F2E700BF0E39010038B5EFF31185202385
:10E80C0083F31288BFF36F8F064B9C6803F074FD83
:10E81C0085F31188BFF36F8F2046BDE83840FDF7B4
:10E82C00A7BA00BF8853002038B5094B53F82040D5
:10E83C00013053F82050A54200D838BD636823B18D
:10E84C00204603F05CFD0834F5E723689847FAE7A7
:10E85C00C02D0100012270B52A4B032086B01A701E
:10E86C00FFF7E2FFFCF7C0F803F065FD0420FFF7AB
:10E87C00DBFF254C254D2646AE4204F1300410D367
:10E88C0000F028FC204C224EAC4226D300F036FC83
:10E89C00F9F75EFF1F4A137B23F00103137306B0D5
:10E8AC0070BD54F80C3C059354F8103C049354F888
:10E8BC00143C039354F8183C029354F81C3C0193F9
:10E8CC0054F8203C009354E90A2354E90C0100F05D
:10E8DC005FFA54F8303C5E65CDE7D4E90A23B3F116
:10E8EC00FF3F08BFB2F1FF3F05D052EA0301206899
:10E8FC0003D100F0C3FC3034C6E73146183000F0C9
:10E90C0041FEF8E795600020E4280100E4280100AE
:10E91C0027250100D002002008B50348034A002136
:10E92C00121A03F004FD08BD30020020986000208C
:10E93C000023012270B586B0CDE904230F22019388
:10E94C00CDE9023214234FF4A0720E4D0E4E03FB90
:10E95C0000550E4906EBC016044602FB00110C4B89
:10E96C003046009500F014FA737B2C7423F00403EA
:10E97C007373084B013403EBC423EE606B6006B079
:10E98C0070BD00BF88530020500200209868002002
:10E99C000324010098600020BFB50020FFF744FF5E
:10E9AC002A4B03F5006282F3088883F30A8800245B
:10E9BC00E023274D274E85F82230EC772C766C76A9
:10E9CC00AC7685F820406B6A234F43F4E0236B62EE
:10E9DC0085F82340FDF760F9FDF7B6FA4FF0FF33E9
:10E9EC0040F20112AB62EB621C4B1D4D9A81B3607D
:10E9FC00C3E919441C6703F06BFC0120FFF714FFFB
:10EA0C000220FFF711FF00F0ADFB164B756105936B
:10EA1C00012315494FF42052CDE9034328463B46C8
:10EA2C00CDE90144009400F0B3F906466A7B284610
:10EA3C0022F004026A7303F044FD2046FFF778FFCE
:10EA4C003A4631462846FDF765FA00BF986000202B
:10EA5C0000ED00E08853002061E800005003002026
:10EA6C00D002002015390100D8690020002038B5EB
:10EA7C00054C064DAC4200D338BD204603F05CFC7F
:10EA8C000028F9DB1C34F5E7DA010020DA0100205C
:10EA9C0073B50C46EFF31181202585F31288BFF373
:10EAAC006F8FC5685DB125602B68C36083690133C6
:10EABC008361002081F31188BFF36F8F11E052EA5C
:10EACC00030603D16FF00B002560F3E7CDE90023BB
:10EADC000246083000F05EFA18B9034B9B685B697C
:10EAEC00236002B070BD00BF885300202DE9F341B4
:10EAFC00044617461E46EFF31188202383F3128831
:10EB0C00BFF36F8FC368334A7BB1806891688842CA
:10EB1C0019D057EA060318D188F31188BFF36F8F09
:10EB2C006FF00F0002B0BDE8F081916891F90E1002
:10EB3C000133E36093682161A36088F31188BFF30C
:10EB4C006F8F0020EEE72169F2E791F90E1090F932
:10EB5C000E306FF07E029942A8BF19469142B8BFA1
:10EB6C0011468B422DDD03F051FC054622464146F1
:10EB7C00CDE90076184800F00DFA0028E1D0EFF34B
:10EB8C001186202383F31288BFF36F8FA068D0B156
:10EB9C00236821699C420AD04BB193F90E309942FB
:10EBAC00A8BF19466FF07E039942B8BF194603F00F
:10EBBC002DFC40B13146084800F066FA6FF00A00AF
:10EBCC00B0E70025D2E7002DF4D186F31188BFF30E
:10EBDC006F8FF3E78853002096600020F8B58368A8
:10EBEC000546002B3FD0234A926893423ED1C3681E
:10EBFC00012B03D9013BC3600020F8BDEFF3118753
:10EC0C00202383F31288BFF36F8F0169806803F0B0
:10EC1C00FDFB2C68AC4207D10023C5E9023387F316
:10EC2C001188BFF36F8FE7E7002CF5D0D4E90032E1
:10EC3C00002613605A60637BC4E9006623F002036C
:10EC4C006373A66004F1180003F09DFCAC6094F9AA
:10EC5C000E3020462B61A66703F033FC394606487C
:10EC6C0000F012FAC8E76FF01500C6E74FF0FF305E
:10EC7C00C3E700BF885300209660002070B5EFF307
:10EC8C001186202383F31288BFF36F8F0468A04290
:10EC9C001AD0CCB1D4E90032002513605A60637BE2
:10ECAC00C4E9005523F002036373A56004F1180056
:10ECBC0003F069FC2046A56703F003FC3146BDE870
:10ECCC007040074800F0E0B9D0E902329A4218BF10
:10ECDC000133836086F31188BFF36F8F70BD00BF63
:10ECEC009660002013B5EFF31181202484F3128871
:10ECFC00BFF36F8F846844B1013C846081F3118849
:10ED0C00BFF36F8F002002B010BD52EA030406D18E
:10ED1C0081F31188BFF36F8F6FF00F00F3E7CDE92C
:10ED2C0000230246014800F035F9ECE7966000201C
:10ED3C002DE9F0410546EFF31188202383F3128867
:10ED4C00BFF36F8F00266FF00A072C68A54214D012
:10ED5C009CB1D4E9003213605A60637BC4E900664D
:10ED6C0023F002036373A66004F1180003F00BFC9C
:10ED7C002046A76703F0A5FBE7E70023AB604146FD
:10ED8C00BDE8F041014800F07FB900BF966000205B
:10ED9C002DE9FF410E9E00F1580506730426C0E9CB
:10EDAC0016550025044646730D9EC0E9065586731C
:10EDBC00D61D0C9A26F00706C0E919168560C57396
:10EDCC00C56602920B9A01EB060801920A9A009210
:10EDDC004246FDF783F8054B65659B6803B11B6FD5
:10EDEC004046236704B0BDE8F08100BF8853002083
:10EDFC006FF00A01084A93689967084958674B688D
:10EE0C0043F080534B60002383F31188BFF36F8F63
:10EE1C009368986F704700BF8853002000ED00E0A6
:10EE2C0070B590F90D20437B002A39DBD90637D118
:10EE3C008269002A34D11D4C63F07F032246437350
:10EE4C0052F8183F93422CD1E169C0E900210860C7
:10EE5C00E06111E09942F8D01B68002BF5D090F9D5
:10EE6C000E5093F90E60B542F4D0AE42F2DD596803
:10EE7C00C0E9003108605860A569954200D005B919
:10EE8C00E568A3685A7BD20604D1DA897F2A01D9B6
:10EE9C00AA6942B1AB4202D0284600F0D1FA6561B2
:10EEAC0070BDE169D9E76361FAE700BF88530020C0
:10EEBC0038B590F90D200146002A437B04DA03F0A3
:10EECC007F03437303F0C3FA0D4D2A4652F8184FD3
:10EEDC00AB68944200D004B9EC688B4207D05A7BE3
:10EEEC00D20604D1DA897F2A01D9A2692AB1A342B8
:10EEFC0002D0204600F0A4FA23466B6138BD00BF57
:10EF0C008853002070B590F90D200146002A437BF0
:10EF1C0004DA03F07F03437303F099FA1C4C4B7B28
:10EF2C00224663F07F034B7352F8183FE06993421B
:10EF3C0007D1C1E900200160E16111E09842F8D0ED
:10EF4C001B68002BF5D091F90E5093F90E60B54269
:10EF5C00F4D0AE42F2DD5868C1E90030016059606E
:10EF6C00A569A368954200D005B9E5688B4207D026
:10EF7C005A7BD20604D1DA897F2A01D9AA692AB12F
:10EF8C00AB4202D0284600F05BFA2B46636170BDA1
:10EF9C0088530020F8B5124B0C46DDE90676114675
:10EFAC009868104A1060EFF31182202282F31288C5
:10EFBC00BFF36F8F9D68284603F05BFAB6F1FF3FF5
:10EFCC0008BFB7F1FF3F06D03A463346064905F174
:10EFDC00180000F0D7FA2046BDE8F840FFF708BF4C
:10EFEC0088530020A853002027250100F8B50446BB
:10EFFC00EFF31186202383F31288BFF36F8F437BCB
:10F00C0049B2DA0617D18269AAB903F07F031D4D04
:10F01C00437303F01CFA2A46437B817363F07F032E
:10F02C00437352F8183F93422AD1E869C4E900208F
:10F03C000460EC6116E00020A17386F31188BFF325
:10F04C006F8FF8BD8342F1D01B68002BEED093F983
:10F05C000E70B942F6D08F42F4DD5968C4E9003124
:10F06C000C605C60AC69944200D004B9EC68AB688D
:10F07C009C4202D0204600F0E3F901206C61DCE7F1
:10F08C00E869E2E78853002049B9EFF3058030B90D
:10F09C00054B5A699B689A4201D0FFF7A9BE81F3D0
:10F0AC001188BFF36F8F704788530020034648B90F
:10F0BC00EFF3058232B9064A51699268914201D048
:10F0CC00FFF796BE83F31188BFF36F8F704700BFB5
:10F0DC0088530020EFF31181202383F31288BFF3B0
:10F0EC006F8F054B9A68D37B013BD37381F31188E7
:10F0FC00BFF36F8F704700BF8853002070B5EFF3DC
:10F10C001186202383F31288BFF36F8F144DAB68E5
:10F11C00DA7B0132DA732A4652F8184F944200D047
:10F12C0004B9EC685A7BD20604D1DA897F2A01D95A
:10F13C00A2692AB1A34202D0204600F081F92346ED
:10F14C006B6186F31188BFF36F8FEFF3118020236F
:10F15C0083F31288BFF36F8FBDE87040FFF7A6BF33
:10F16C0088530020024B03F11802C3E906227047B2
:10F17C008853002070B5EFF31186202383F3128897
:10F18C00BFF36F8F1B4CA168E0690B68814214BF01
:10F19C001A46002249680B605960A368E1692AB9D4
:10F1AC00154AC3E900210B60E3610CE093F90E00F2
:10F1BC0092F90E50A84218D0854216DD5168C3E969
:10F1CC0000210B605360A5690B4B9D4200D005B923
:10F1DC00E568A3689D4202D0284600F031F96561CC
:10F1EC003046BDE87040FFF703BE8A42D8D01268A3
:10F1FC00D5E700BF88530020A053002050EA01033C
:10F20C002DE9F04105460E4604D1FFF7B3FF00206F
:10F21C00BDE8F081831C71F1FF3324DB03F0D4F9DA
:10F22C002C18EFF31188202383F31288BFF36F8F10
:10F23C000F4F104BB8681860FFF73AFEB8680E49CC
:10F24C002A463346183000F09DF9BA684046537B85
:10F25C0043F004035373FFF7CBFD03F0B5F9201A09
:10F26C0020EAE070D4E76FF00104241AD9E700BF5C
:10F27C0088530020A85300202725010038B50446E8
:10F28C00183003F080F9EFF31185202383F31288F3
:10F29C00BFF36F8F637B5A0704D485F31188BFF3D8
:10F2AC006F8F38BD23F0040320466373FFF7B8FD5E
:10F2BC00EFF30583002BF0D12946BDE83840014817
:10F2CC00FFF7E2BE96600020014B9868704700BFC4
:10F2DC00885300202DE9F8430446EFF311872023CF
:10F2EC0083F31288BFF36F8F067B16F001060DD0E7
:10F2FC0087F31188BFF36F8F002383F31188BFF35B
:10F30C006F8F0423184602DFBDE8F883437B1A078E
:10F31C0004D587F31188BFF36F8FF5E7D90943F054
:10F32C00080250D14273A36813B1204603F097F83A
:10F33C0004F1180003F027F9A56D04F15808A8454D
:10F34C0011D04FF0000975B1284603F088F805F18B
:10F35C00180003F018F92846C5F87890FFF760FDFF
:10F36C00A56DA845EFD11C4DAB689C4204D1EFF3C1
:10F37C000586003E18BF0126D5F81880174A90451F
:10F38C0002D0B8F1000F01D1D5F80C80434502D062
:10F39C00404600F055F8C5F8148046B140F2011211
:10F3AC000F4B9A810022C3E919221A67AB60AB6834
:10F3BC009C42AED1EFF30583002BAAD13846BDE8B1
:10F3CC00F843FFF715BD03F07F0343F008034373C5
:10F3DC0003F03DF8A7E700BF88530020A05300209E
:10F3EC00500300200122044BC01A044BC010584398
:10F3FC00034B1A54704700BFD0030020ABAAAAAA33
:10F40C0096600020C3897F2B12D80A4B1B6863B10E
:10F41C00094B90F90E201B689A4209DB437BDB06F3
:10F42C0006D1064BC31A18BF012303F00100704725
:10F43C000023FAE7B0530020AC5300205002002008
:10F44C0070B50E4B0E4C1E7C054606EB460304EBCA
:10F45C00C304204603F097F800220A4B28469A551D
:10F46C00FFF7D0FF48B1084B2046BDE870401A6842
:10F47C000649013AD31700F085B870BD88530020B7
:10F48C00D003002096600020B0530020F1F3000060
:10F49C0038B5EFF31185202383F31288BFF36F8FF8
:10F4AC00104B114A9C681068A04206D1FFF7C8FFA8
:10F4BC0085F31188BFF36F8F38BD00211B7C116061
:10F4CC000A4AD35C002BF3D02046FFF79BFF0028A1
:10F4DC00EED0637BDB0602D12046FFF713FD2046FE
:10F4EC00E4E700BF88530020A8530020966000205A
:10F4FC00074808B5074A0849121A02F01AFFBDE876
:10F50C0008400648064A0749121A02F012BF00BF0B
:10F51C00000000202C0200202439010000000020F3
:10F52C000000002024390100024B1868984208BFE3
:10F53C000020704764010020034B1B680BB9FDF7DA
:10F54C00FFBE0020704700BFB453002030B570B12F
:10F55C000B4B5B6898420AD0036843B1D3E9042192
:10F56C00D0E90445121941EB0501C3E90421D0E9A6
:10F57C00003213605A600023C0E9003330BD00BF75
:10F58C0064010020B3F1FF3F08BFB2F1FF3FF8B5B3
:10F59C0004461D4616465AD08160EFF3118720238E
:10F5AC0083F31288BFF36F8F013275F1FF3321DAC9
:10F5BC006FF001032B49D1E900209B1A4FF0FF3269
:10F5CC0062EB00009E1B60EB0500012E70F1000346
:10F5DC0001DA01260020C4E90460FFF7A5FF224EE2
:10F5EC0084467068BCF1000F0DD1C4E90060046062
:10F5FC0074601CE0FFF7A0FF013645F100053618DA
:10F60C0045EBE070E7E7DCE90425D4E904319342EB
:10F61C0071EB050E1CDAD21ADCF8043065EB01052F
:10F62C00CCE90425C4E900C31C60CCF80440FFF706
:10F63C007BFF844207D10D4B1C6824B902F08AFF72
:10F64C002146FDF74FFE87F31188BFF36F8FF8BD8E
:10F65C009B1A61EB05018445C4E90431C5D0DCF883
:10F66C0000C0BFE7E803002064010020B453002071
:10F67C002DE9F047EFF31185202383F31288BFF3B4
:10F68C006F8FDFF8A0900026C9F800000027FFF765
:10F69C004BFFDFF89480D9F80030D8E900ECD9178B
:10F6AC0050B1D0E90442A34271EB020A1ADAE41A0F
:10F6BC0062EB0102C0E90442002413EB0E034CEB95
:10F6CC000101C8E90031C9F8004002F043FF2146AE
:10F6DC00FDF708FE85F31188BFF36F8FBDE8F04787
:10F6EC00FFF7D6BE14EB0E024CEBE473C0E90467D3
:10F6FC00C8E90023FFF72AFF85F31188BFF36F8F4A
:10F70C0083689847EFF31185202383F31288BFF3A6
:10F71C006F8FD9F800301B1BC9F80030FFF704FFBE
:10F72C00B9E700BFB4530020E803002010B5EFF395
:10F73C001184202383F31288BFF36F8FFFF7FCFE35
:10F74C000346054AD2E90001181841EBE37184F332
:10F75C001188BFF36F8F10BDE803002010B50A4C61
:10F76C0023681BB101232360002010BD00F0ECF8CE
:10F77C000028F7D00138062803D8044B53F8200092
:10F78C0010BD034810BD00BFB8530020D82D010098
:10F79C00FE8FFFFFBFF34F8F0549064BCA6802F47B
:10F7AC00E0621343CB60BFF34F8F00BFFDE700BF98
:10F7BC0000ED00E00400FA0530B44FF0FE320025F5
:10F7CC00074B084C08494968C3F80024C3F80424C3
:10F7DC00C3F80824C3F80C24C4F8005530BC0847FF
:10F7EC0000108450000084506C010020024BD0E9C2
:10F7FC000012C3E9001270476C01002010B50446DA
:10F80C0050B1636813F0685F05D0064A934202D08A
:10F81C0000236260236010BD034B04485B6898476B
:10F82C00EFE700BF2C5F5CA96C010020F42D0100F8
:10F83C00C8B143680D4A934213D013F0685F0ED0E1
:10F84C00012350E8002F194640E8001C9CF0000FE3
:10F85C00F7D1012AF5D0BFF35F8F00207047044821
:10F86C007047044870476FF4E04070472C5F5CA908
:10F87C00E98FFFFFEA8FFFFF034680B14268094919
:10F88C008A420AD012F0685F05D0BFF35F8F002266
:10F89C0010461A60704704487047044870476FF46C
:10F8AC00E04070472C5F5CA9E98FFFFFEA8FFFFFF8
:10F8BC0010B5044620B10023034A2360626010BDDA
:10F8CC000248FFF779FFF6E73A00003A1C2E0100D8
:10F8DC0070B5194CD0F804C00668C4F804C0D0F850
:10F8EC0008C0C068C4F808C0E06026600868134B04
:10F8FC00134D18604868D5F818215860886812F0C4
:10F90C00685F9860C8680969D860196112D00023D3
:10F91C000C4A05F58A70C5F81431C5F8B831C5F82C
:10F92C001821C5F8BC21B047236805F5DC70BDE88B
:10F93C007040184770BD00BF880100207401002082
:10F94C00D05300202C5F5CA938B500F02FF820B103
:10F95C00032400F063F8204638BD00F031F898B964
:10F96C0000F0ACF898B90F4DD5F828391B0EF02BD8
:10F97C0008D1D5F8242A0C4B9A420AD0072400F05F
:10F98C0017F8E6E70624FAE70424204638BD0024DD
:10F99C00F5E7012000F092F804460028F7D1C5F8ED
:10F9AC000C0AD8E7001084500000E02000207047BB
:10F9BC0000207047014BC3F8040A704700108450B4
:10F9CC0010B5114800F048F800B110BD0F4800F018
:10F9DC0043F80028F9D10E4C204600F03DF80028E1
:10F9EC00F3D10C4B0C481C6000F036F80146002893
:10F9FC00EBD100F02DF8044608B1204610BD00F004
:10FA0C003FF82046FAE700BFC8010020C4010020DF
:10FA1C00C0010020B8010020BC01002008B5084836
:10FA2C0000F024F8074800F021F8074800F01EF811
:10FA3C00064800F01BF8BDE8084000F00BB800BF0A
:10FA4C00C8010020C4010020C0010020BC0100201E
:10FA5C0000207047704700BF08B5034B02681B6855
:10FA6C0010689847002008BD8801002008B5034B9A
:10FA7C0002685B6810689847002008BD8801002068
:10FA8C0070B5094C094D2069AB68984718B1084B03
:10FA9C0008485B6898470021074AEB6811602069A9
:10FAAC00BDE87040184700BF740100208801002099
:10FABC006C010020402E0100CC530020F8B51A4DEB
:10FACC001A4E0446B26828699047E8B9184F3B684B
:10FADC004CB1A3B1012B19D0013B3B602869F368F1
:10FAEC0098470020F8BD43B90121124AC2F800150D
:10FAFC001149D1F81029002AFBD101333B60F3687E
:10FB0C00286998470020F8BD0C48F8BD0A4AD2F87D
:10FB1C001039002BFBD1074A6FF07E40C2F800353C
:10FB2C00FFF748FF3B68D7E77401002088010020ED
:10FB3C00CC5300200000845000108450E98FFFFF4C
:10FB4C007047012805DC0028ACBF0B206FF01500B6
:10FB5C007047022818BF6FF01500704700207047DF
:10FB6C0030B5836804468B42154685B00ED9636860
:10FB7C00C068194401AA00F0B0FE28B96268019B64
:10FB8C009B1A2B60029B6B6005B030BD6FF021009F
:10FB9C00FAE770472DE9F7430E4617469946044697
:10FBAC0028B94FF0FF38404603B0BDE8F083002978
:10FBBC00F7D0002AF5D0CB680D8938461D440423B4
:10FBCC0029460DEB030200F023FC80460028E8D107
:10FBDC0046F60812BDF804107389914225D1BDF880
:10FBEC0006109942DDD1042338460DEB030229445B
:10FBFC0000F00EFC0028D4D146F60713BDF8042003
:10FC0C009A42CED1C4E900679DF82830A4F8089038
:10FC1C00A3727389BDF806202B44E36073891344E7
:10FC2C002B44043563612561BDE7002BE4D0B8E7B4
:10FC3C002DE9F3410E4617461D46044620B94FF0F8
:10FC4C00FF3002B0BDE8F0810368002BF7D04368A9
:10FC5C00002BF4D04FF6FF78D4E904239A4216D245
:10FC6C0023685B8923B1E368934204BF04332361A7
:10FC7C000423216960680DEB030200F0C9FB002826
:10FC8C00DDD1A37A2BB1D4E903329A4201D30120FE
:10FC9C00D7E72389BDF80610434501F1040203D0D0
:10FCAC00BDF804C09C450BD115B1BDF804302B80B8
:10FCBC002369043333603980236913442361C0E71B
:10FCCC00236913442361C7E748B103683BB1436818
:10FCDC002BB1C068884294BF0020012070474FF0C0
:10FCEC00FF30704773B50C4606461146022320467A
:10FCFC0001AA00F008FA0546E8B9019A1F2A0ED9A4
:10FD0C00A2F12001304620222368194400F006FDA0
:10FD1C002368019A13442360284602B070BD014643
:10FD2C00C2F12002304600F004FD019A2168C2F1B4
:10FD3C0020003044EAE76FF00205EDE74FF4C063B2
:10FD4C0058433030704710B5044600F0A3FB4FF415
:10FD5C00C062A368303B02FB103010BD70B50D467D
:10FD6C00044601F09AFC2A46A0F10801042320461F
:10FD7C00BDE8704000F04CBB13B50446019101F096
:10FD8C008CFC0423A0F108010DEB0302204601F0CA
:10FD9C00C7FC02B010BD2DE9F743044690F8B8003B
:10FDAC000D461746F8F7A8FD6946C0B2FAF7DCFD18
:10FDBC0038B10126009800F02AFB304603B0BDE8AC
:10FDCC00F0832C224FF05808554394F8B830009823
:10FDDC0008FB03532344B3F80890DB6899440423CD
:10FDEC0049460DEB030200F013FB06460028E0D158
:10FDFC0094F8B830BDF8042008FB035546F60813F8
:10FE0C002C449A42648900981AD1BDF806309C4261
:10FE1C0001D00326CEE7042304EB09010DEB03020A
:10FE2C0000F0F6FA0028C4D146F60713BDF80420FA
:10FE3C009A42EED1BDF80610214449443960B9E725
:10FE4C00002CF1D0E5E7FFF7FEBFFFF7FCBFFFF793
:10FE5C00FABFFFF7F8BFFFF7F6BFFFF7F4BFFFF7E6
:10FE6C00F2BFFFF7F0BFFFF7EEBF704738B504469F
:10FE7C0000235825012B84F8B83000D938BDE2187E
:10FE8C0092F8B9205AB905FB0343D86C00F0BFFABD
:10FE9C0094F8B83005FB0343186A00F0B8FA94F8EC
:10FEAC00B8300133DBB2E5E7F8B5134616465822F5
:10FEBC000F4690F8B810044601FB02020021F9F736
:10FECC0079FD94F8B85008B1012D0DD1582303FBDE
:10FEDC00054501213346204605F12C02F9F76AFD50
:10FEEC0010B1002F08BF0020F8BD0123036003F1FF
:10FEFC00012343600023C0E9023370474379012B8F
:10FF0C0007D10368012B04D10079431E5842584194
:10FF1C0070470020704700F0A5BA58222DE9F84F21
:10FF2C000E4690F8B830044602FB0302116A8E426A
:10FF3C002CD0D26C96422BD101272C224FF0580892
:10FF4C00574308FB0373D4F8B40023449D6AFFF7AE
:10FF5C00F5FE4FF0000A8146013D94F8B83030466A
:10FF6C0008FB037323445B6A03EBC50253F835109B
:10FF7C00D2F804B01B685A46C91ADA44FFF7CBFF13
:10FF8C00CA4505F1FF35E8D3BDE8F88F0027D4E763
:10FF9C000120F9E7582373B5154690F8B8600C4664
:10FFAC0003FB06006946C06CFDF7A0FAE97901294C
:10FFBC0003D03246204601F00AFC9DF80330012B99
:10FFCC0002D1204601F0E2FBA9682046FFF7D4FEDF
:10FFDC002046FDF76BFA002002B070BD582290F855
:10FFEC00B83002FB0300436A00205A6803461344EE
:04FFFC008B4200F143
:020000021000EC
:100000000100FAD3704710B543790279012B06BF7E
:1000100000230C464B0202F1FF3201FB023302685F
:1000200018BF4C00013A04FB023010BD012070479C
:10003000F8B55825044690F8B83005FB03035A6A12
:100040001B6DD0F8B40057685E68FFF77DFE002294
:1000500094F8B81005FB0145AB6A013B3A44904265
:1000600003F1FF33FAD8582202FB0144606D7B4351
:100070007043984228BF1846F8BD70B50368CD1A82
:10008000002D02DC6FF05F0070BD93F900601C78FA
:10009000002E0ADB5C1C04601B7813600368C91A1D
:1000A00013688B42EED80020EEE704F07F04013C99
:1000B000032C2BD8DFE804F0020A1421012DE1D033
:1000C0005B781360036802330360E7E7022DD9DD34
:1000D000B3F801305BBA9BB2136003680333F3E7F4
:1000E000032DCFDD9C785D782402DB7844EA05445B
:1000F0002343136003680433E6E7042DC2DDD3F81D
:1001000001301BBA136003680533DDE76FF063004D
:10011000BAE770B404680E1B002E07DD26789E42F5
:1001200008D10134046070BCFFF7A7BF6FF05F0017
:1001300070BC70476FF06100FAE738B503230446DE
:10014000FFF7E7FF18B9136813B96FF0670038BD00
:10015000013B136023681A78002AF6D1013323602B
:10016000F5E72DE9F34190461F4601AA30230546E5
:100170000E46FFF7CEFF0446F0B92B68F61A002EA4
:1001800034DD42461B78284642F8043B2E68019B2A
:100190001E4431460623FFF7BCFF044660B92B68B6
:1001A000D8F80420C8F808309918B142296007D15E
:1001B0000C213846F9F7E0FE204602B0BDE8F08198
:1001C0009B5C3A4642F8043B2B6831460133284693
:1001D0002B60FFF752FF60B92B687A68BB6013444D
:1001E000B34218BF6FF065042B60E5E76FF05F0462
:1001F000E2E70446E0E70A448A4200D1704711F87A
:10020000013B40BA80B25840C0F303134340180387
:1002100080B24340580100F4FF505840ECE7002002
:1002200070470FB407B504A951F8040B0191F9F711
:100230002FFF03B05DF804EB04B07047044608B527
:10024000084611461A46A047FFF744F8FBF796FD0B
:10025000038B13F0070305D10368002B0CBF0020AC
:1002600003207047022B05D1408BB0FA80F0400983
:1002700080007047012B05D10368002B0CBF0020C4
:10028000052070470020704710B50C4600B111B929
:100290006FF0150010BD081D00F093F80028F9D18B
:1002A000A368032BF6D9F3E72DE9F0410D46074685
:1002B0001946281D90461E4600F094F8044638B1B1
:1002C0003346424629463846A446BDE8F0416047D9
:1002D000BDE8F08110B4EFF31182202484F312887A
:1002E000BFF36F8F416110BC0121FAF735BA38B501
:1002F0000C46054658B151B10B6843B14B6833B158
:100300001C22002100F01BFA00202C6138BD6FF088
:100310001500FBE770B505460E46FFF7B5FF041E56
:1003200014DBEFF31182202383F31288BFF36F8F66
:100330004FF6FF716B8B2C8B8B4204F0070407D1B7
:1003400082F31188BFF36F8F6FF00A04204670BDEF
:10035000022C0CD101336B8382F31188BFF36F8FB2
:100360000023224631462846FFF79EFFEEE7062C83
:1003700014D8DFE804F004131313041A0400002354
:1003800033606B683BB9C5E90066ACB90221284609
:10039000FAF7E2F9DAE71E606E60F6E782F3118899
:1003A000BFF36F8F6FF00404D0E782F31188BFF3BF
:1003B0006F8F6FF08504C9E782F31188BFF36F8FE9
:1003C000C4E7034658B1426802F00302012A03D091
:1003D000032A04D1026812B10020986070476FF0C0
:1003E000150070474268034602F00302032A4FF0EB
:1003F0000002816014BF104600685A607047704761
:100400000FB407B504A951F8040B0191F9F740FEA8
:1004100003B05DF804EB04B070477047002930B4B6
:10042000044618460BDBA5680844A84207D8E068D4
:100430006468214484682468A44630BC60476FF037
:10044000150030BC7047002930B4044618460BDB59
:10045000A5680844A84207D8E06864682144846815
:100460006468A44630BC60476FF0150030BC70472C
:100470000029034610B410460BDB9C680844A042D8
:1004800007D8D8685B68194483689B682BB110BC97
:1004900018476FF0150010BC70476FF05700FAE76F
:1004A00008B5C0688368DB689847006808BD08B570
:1004B000C0688368DB689847407908BD70B54C68B0
:1004C0000368A34201D2012070BD8A68224493428E
:1004D00001D30020F8E74E69D1E90325B54203D3E3
:1004E0006FF00B038B61F4E71B1B42F83530436858
:1004F000086902EBC00253600B6901330B61E2E74C
:1005000037B50C46C0B201A91546FAF733FA0028F0
:100510000CDB019850B121462A46FAF751FA0446FD
:100520000198FFF77AFF204603B030BD6FF0150445
:10053000F9E7002008B5F9F7DBFF70B506460D4670
:100540000024AC4200DB70BD305DFAF7A1FB013046
:10055000F9D00134F5E7002330B58BB00C461546D1
:1005600000930A464FF6FF73014604A8FFF718FBF5
:1005700018B14FF0FF300BB030BD0DF10A0302AAE5
:1005800003A904A8FFF75AFB0028F2D1BDF80A30EE
:10059000102BF2D1BDF80830202BEAD12A46204694
:1005A0000399FFF73BFF003818BF01204042E2E704
:1005B0002DE9F74F05460E4690461F4601F09FFC79
:1005C00020B96FF04C0003B0BDE8F08F4FF0140974
:1005D000002334464FF0010B09FB08693B60694674
:1005E000284601F089FC60BB284601F0B1FC0028D8
:1005F000E7D00020E7E7A14598BF3446019A636839
:100600009A4212D12168009800F067F868B9237CFB
:10061000D3B9D4E9023128469847C0B184F810B064
:100620003B68143401333B60D9E714340AF1010A02
:10063000C245E0D10021284601F0E1FC0028CED1DE
:10064000D2E74FF0000AF3E76FF06F00BBE76FF0FF
:100650002200B8E7012801D1EFF30583FEF7D2B8F5
:1006600001460068FFF7F6BF08B5FBF7D7F9BDE80C
:100670000840FBF7D7B900210120FFF7EBBF436E1D
:1006800083F30B88704761B662B680F31188BFF3BD
:100690006F8F704772B6002383F31188BFF36F8F9B
:1006A000BFF34F8F30BF62B6BFF36F8F704772B624
:1006B000002383F31188BFF36F8FBFF34F8F20BFE9
:1006C00080F31188BFF36F8F62B670470346002036
:1006D0001A5C02B970470130FAE710B55AB1013916
:1006E000841810F8012B11F8013FA04201D09A4262
:1006F000F7D0D01A10BD1046FCE7431A934210B54C
:1007000000EB020308D3024601399A420BD011F8DC
:10071000014F02F8014BF8E70A4412F8014D8A42F2
:1007200003F8014DF9D110BD10B5431E0A449142A2
:1007300000D110BD11F8014B03F8014FF7E7034654
:10074000C9B20244934200D1704703F8011BF9E794
:100750004B68012B07DD0B6818700B6801330B60C9
:100760004B68013B4B60002070470C220369C9B203
:1007700001FB0233186C00F00700704770B5C9B276
:100780000369EFF31185202484F31288BFF36F8F80
:100790000C2606FB0134246C14F0C00408D0A242DD
:1007A00006D085F31188BFF36F8F4FF0FF3070BD17
:1007B000012271430B441A6485F31188BFF36F8FD4
:1007C00043680B445B6898470020F0E78022FFF7FE
:1007D000D5BFF8B5069F0469C9B2EFF3118620258D
:1007E00085F31288BFF36F8F0C2569430C44256C89
:1007F00005F0070CBCF1010F0BD1276486F31188BB
:10080000BFF36F8FC4E90E2343685B5898470020FD
:10081000F8BD05F0C005AF4286F31188BFF36F8FB6
:100820000CBF6FF077004FF0FF30F1E713B5802475
:100830000094FFF7CEFF02B010BD10B41C24006975
:10084000CBB203FB0400002110BC10470020FDF7D1
:10085000CDB8002001F09AB81046FEF715BA4B1E2D
:100860005B0800EB8300C369C90758BF1B0CC3F3C7
:10087000072113F0FF031BBF002011706FF015005C
:1008800053707047F7B51C460023164682682360F4
:10089000A3600D465369694601AA9847019B5A1EF9
:1008A00001921BB96FF0150003B0F0BD0098A2686B
:1008B00047682168676085B9B31AD0F800C06345FE
:1008C00028BF634603FB07111A442160A260026837
:1008D0009A4206D808300090E0E76B1AB3FBF7F3B2
:1008E000EBE70020E0E713460022FFF7CBBF2DE93E
:1008F000F0470024836886B0884691465B6902AA67
:1009000001A99847A2462546029BAB4202D806B0F1
:10091000BDE8F0870026019F07EBC5077B680493BD
:100920003A680AEB0603B24202D89A460135EBE771
:1009300049460394059303A8C0470028E7D0049BC9
:1009400001361C44ECE710B50C4601F080F800239A
:10095000C4E90003184610BD38B505460C4601F041
:1009600076F8002D07DBA84205D9401B84428CBFD6
:100970000020012038BD0020FCE770B50D46194667
:10098000284616461C46FFF7E7FF38B124B1224639
:1009900029463046FFF7C8FE002070BD6FF01500F5
:1009A000FBE743681C330B60012313607047436807
:1009B00000209B69C1E900307047FEF765B94FF030
:1009C000FF324FF0FF33FEF793B9F0B54468076983
:1009D00000208BB000908DF804000120119E07903C
:1009E00010988DF80010D107CDE9080602F08005B7
:1009F000CDF818D00DD53A7D1BBA0493D3071DD579
:100A0000042204A90DF10100FFF78EFE079B0433B9
:100A10000793002E0CBF0122022206ABCDE903236F
:100A2000029302232146059351F8040B85B1836894
:100A30001C68002302AAA0470BB0F0BD03220DF1F1
:100A400011010DF10100FFF76FFE079B0333DFE794
:100A500083681C6804ABEDE7002373B50D1E466880
:100A600014BF04210621CDE9003380220446FFF79C
:100A7000ACFF96F834309B0609D540B93DB9034622
:100A8000CDE90000802298212046FFF79EFF02B0AA
:100A900070BD1FB5012301930DF10F0300930023D7
:100AA00005211A46FFF791FF08B99DF80F0005B020
:100AB0005DF804FB2DE9FF41064615461C4601275B
:100AC0000DF10F08002305211A463046CDE90087B5
:100AD000FFF77BFF40B99DF80F30DB0704D52846B0
:100AE000214601F024FDEDE704B0BDE8F0812DE9D9
:100AF000F34743680F1E05461646D3F818907EDB71
:100B0000BB184B457BD847EA0204C4F30B04002C06
:100B100075D10069FFF753FF21462846FFF79CFF78
:100B20004FF0FF3A0446002E46D101212846FFF738
:100B300093FF002C08BF04462869FFF73EFF2046BC
:100B400002B0BDE8F087A046286900F115031D300A
:100B50005A7882B10AFA02F137EA01010BD1012178
:100B60009140B14207D8B8F1000F1CD098F801109D
:100B7000914238BF984602339842E9D1B8F1000F4C
:100B800013D00023812298F800102846CDE90033C5
:100B90003B46FFF71AFF012398F8012004469340D3
:100BA0001F44F61A21E09846E5E76FF0150401218D
:100BB0002846FFF751FFBFE7002CF8D12346CDE9C7
:100BC0000044802206212846FFF7FFFE0446002845
:100BD000EDD1B145B7D10346CDE900008022C72150
:100BE0002846FFF7F2FE00260446002CDFD140F233
:100BF000676200232846FFF75DFF044693E76FF026
:100C000015049CE72DE9F74F05461F464368006928
:100C10000E1E91469B69B0F81E8050DBF2199A4275
:100C20004DD8FFF7CCFE00212846FFF715FF0446FC
:100C3000D0BB82462FB901212846FFF70DFF04469D
:100C400036E0B845C34628BFBB4606EB0B03013B65
:100C500096FBF8F2B3FBF8F3934218BF08FB12625D
:100C60004FF0000318BFA8EB020B06218022284694
:100C7000CDE900AAFFF7A9FE0446A8B933468122B0
:100C800002212846CDE9009BFFF79FFE044658B994
:100C9000012200232846FFF70DFFA7EB0B070446B0
:100CA000D9445E440028C5D001212846FFF7D4FE70
:100CB0002869FFF782FE204603B0BDE8F08F6FF091
:100CC0001504F8E7F7B51E4643680D1E044617469F
:100CD0009B6914DBAA199A4211D80069FFF76FFECD
:100CE0002B46012203212046CDE90076FFF76DFE59
:100CF00005462069FFF761FE284603B0F0BD6FF09E
:100D00001505F9E7F7B54468054694F834309A07B5
:100D100044D5076901F062FC4FF47A76A0FB0632F5
:100D200006FB0122DB0B43EA42433A699B1A13D4C8
:100D3000E28D268E9B1AB3420EDA4FF4004740F242
:100D4000E7300021F61A4FF47A720023E6FB070120
:100D5000F7F79CFB01F0EBFB94F8343013F004033D
:100D60001CD18022AB212846CDE90033FFF72DFEB0
:100D7000A8B994F834309B0710D540F2E7314FF40E
:100D800000450E460146648E4FF47A72E5FB04611D
:100D900000233046F7F77AFB01F0C9FB002003B0CF
:100DA000F0BD2DE9F043044687B000694FF0FF32F3
:100DB000012101F040FB6768386801F090FA28B91A
:100DC0006FF01205284607B0BDE8F083F86858B9FF
:100DD0002069FFF7F4FD2046FFF794FF002808DAAA
:100DE0002069FFF7EAFDEBE701F079FA0028EFD17F
:100DF000E6E72046FFF74DFE051E40F30181ED07B3
:100E000000F1F8802069FFF7D8FD2069FFF7D7FDD2
:100E10004FF00308002302AE1A469F212046CDF86A
:100E200004800096FFF7D1FD05462069FFF7C5FD58
:100E3000002DC5D13046424607F12401FFF74DFC95
:100E40000646002840F0F08097F82C30206963B304
:100E5000FFF7B5FD2046FFF71CFE051E20DD97F8C5
:100E60002C30802225EA0305062133462046CDE9B1
:100E700000668DF81050FFF7A8FD03460028AFD19B
:100E8000012104AA0092204680220191FFF79DFDD6
:100E90000028A5D1002200232046FFF70BFE0546BF
:100EA0002069FFF78AFD002D8AD10022CDE90422B6
:100EB0006368276993F8271007F115088DF8131058
:100EC0009E6A7368934280F2A280012123F000435E
:100ED000A3F12002C3F1200001FA02F221FA00F08E
:100EE000024301FA03F3DB0843EA427500210822BA
:100EF0004046FFF724FC4FF00109494609F101097A
:100F0000424630465FFA89F9FFF7A9FCB9F1050FAF
:100F100008F10208F1D19DF813300A2B89BFB36A9A
:100F20004FF48073C3F30312012388BF9340FB8304
:100F300063689B699D427FF443AF336813F4C02F0D
:100F400027D0314603AA04A8FBF7ECF9054600BBFD
:100F50009DF80C60731EDBB2FD2B1AD8B0073FF46E
:100F60002FAF2069FFF72BFDB10752D40023802259
:100F7000B7212046CDE90033FFF727FD00287FF495
:100F80002FAF2269137D43F0010313752069FFF72A
:100F900014FD6268D2E907134B4392699A427FF4C9
:100FA0000FAF2069FFF70BFD636893F834309A07A1
:100FB00049D500238022B9212046CDE90033FFF72F
:100FC00004FD0546002840D16368256993F8343054
:100FD0009B072CD42846FFF7F0FC2069FFF7EFFCB5
:100FE0002046FFF78FFE05462069FFF7E6FC05EA7D
:100FF000E575E7E6002200232046FFF75BFD054686
:101000002069FFF7DAFC002DBFF6FFAED8E601330A
:1010100069E72B46802206212046CDE90055FFF7DF
:10102000D4FC0028A2D0DBE66FF01505CAE601F07B
:10103000D5FA4FF47A72A0FB020302FB0131C00B18
:1010400040EA414028612069C5E72069FFF7B5FC07
:10105000002DC2DA15F1860FBFD0B3E64368002039
:101060005B681B690B607047436802EA01005B68BC
:1010700021EA020198600020D9607047436800208F
:101080005B6899607047436800205B68D96070476F
:1010900043685A68536821EA03000B4090600020BF
:1010A000D360704710B503695868F8B1884219D108
:1010B0009C680868A142586000D1986000200860D0
:1010C0002AB15A680A609A68596002B9996000208A
:1010D00010E0814206D10868206098688142EDD115
:1010E0009C60EBE7044600680028F2D1002AE8D1B2
:1010F0006FF0150010BD30B543681360057A446881
:1011000004EBC504A34202D36FF0010030BD5C794B
:101110008C4201D00833F0E70020F7E743681B68F2
:10112000D3F88004C3F88004704742681368D3F88A
:10113000100150B10020D26912780A70C3F8100172
:10114000D3F8102101221A6070474FF0FF3070472A
:10115000002A0FDD42681368D3F8100158B100204F
:10116000C3F81001D3F810010120D26912780A7077
:10117000186070470020704710B54368196803690C
:10118000EFF31182202080F31288BFF36F8F0024C9
:101190001868847301201B68D8734FF48003C1F86A
:1011A000043382F31188BFF36F8F10BD01210369EF
:1011B0001A68917300221B68DA737047026903464C
:1011C0001168C87B40B15B681B68D3F8580118B13F
:1011D00000230B6113689889704743681B68D3F834
:1011E0001001003818BF01207047102243681B68A7
:1011F000C3F804237047102243681B68C3F8082310
:1012000070474FF4007243681B68C3F804237047AB
:101210004FF4007243681B68C3F80823704738B561
:10122000436804461D68D5F804335B0205D4D5F83D
:10123000040310F0100006D138BDFFF7BFFF0028EF
:10124000F5D00120F8E72046FFF7C7FF003818BFA8
:101250000120F1E7012070470369186801601B68ED
:101260005A60704702680346D2F8580140B95B687B
:10127000DB0706D4D2F82001003818BF01207047E0
:101280000120704710B4436802691B68D3F8041347
:10129000C90517D5D3F82011A1B1EFF3118120248E
:1012A00084F31288BFF36F8FD3F8204134B1002448
:1012B000C3F82041D3F820410124DC6081F3118878
:1012C000BFF36F8F1168D3F8584171B17CB100241E
:1012D0000C611168C97B19B94FF48001C3F8081378
:1012E00011688C7B1CB100238B7310BC7047D3F842
:1012F000241121B10021C3F82411D3F8243112683C
:101300001368002BF1D0516810BC184710B5044683
:10131000002201210920FAF7B5FD0920FAF782FD24
:101320002046BDE81040FBF737BB10B5044600224D
:1013300001210820FAF7A6FD0820FAF773FD2046E0
:10134000BDE81040FBF728BB2DE9F04106690546D2
:10135000336801279C8910339442A8BF1446D3E810
:10136000EF2F002A03D1C3E8E07F0028F7D10CBF9C
:101370003B4600232BD1336822469868FFF7D4F907
:10138000EFF31188202383F31288BFF36F8F69680E
:101390000846FFF767FF326840B90446106188F3DA
:1013A0001188BFF36F8F2046BDE8F0810B6892680B
:1013B000C3F844250022C3F84845C3F82021D3F8D8
:1013C0002011C3F85821D3F858219F60E7E71C4645
:1013D000E9E7002201210B20FAF754BD10B50B6894
:1013E00013B91846136005E003685C681CB114600B
:1013F0000368186810BD083303600B68013B0B607D
:10140000EDE713B5002101AA0446FFF774FE00289A
:1014100005DB019B226819791868FBF7A5F902B072
:1014200010BD03460A4619790123006803FA01F149
:1014300003691B68194218BF82F0010212B1836868
:10144000DB68184783681B69FBE710B50446006832
:10145000D0B18368C3B149B101210830FFF7E1FF82
:1014600023681869BDE8104000F034BF12B98388C2
:10147000DB0409D4006900F02DFF20680021BDE8DD
:1014800010400830FFF7CDBF10BD10B5012200217C
:101490000446FFF7DAFFA36933B9636004F1100073
:1014A000BDE81040FDF7F0BB10BD10B50069036842
:1014B0008B4206D190F85C4034B9FFF7E6FF204636
:1014C00010BD6FF01500FBE76FF00F00F8E72DE996
:1014D000F843446806690546606BFFF792FF0028F1
:1014E00021DBA16B481C15D10127E36A9847B4683A
:1014F0000834D6E9023203EBC203A4F10802934296
:1015000013D83046FFF7C1FF6B68586BFFF779FFC0
:10151000002008E004F13C00FBF7A8FC10F1130FD9
:1015200001D0411DE0D1BDE8F88354F8080C00F06B
:10153000D6FE28B354F8080C14F8041C34F8023C06
:10154000D0F810E0DA0754BF43F4B01383F4D0139B
:10155000DEF800C023F4801207FA01F8DB074CBF65
:1015600048EA0C032CEA0803D0F80890CEF80030C3
:10157000D9F800309847002804F10804B9DAD2E716
:101580006FF01200CFE738B505690446296305F10D
:101590002000FDF779FB002285F85C2020691146C8
:1015A000BDE83840FFF751BF38B502780346002A3E
:1015B00052D10C69A26D32B9606D6FF07301BDE854
:1015C0003840FFF7E0BFE06C40B1216D31B1DB681E
:1015D00023B1834202D0616EFFF7A6F8A36CA56D1C
:1015E0009BB19D4211D85B1BA3644BBB636B04F1A1
:1015F000480208336363A36B04F13801013BA36322
:1016000004F13400FFF7EAFE6064236D9BB19D4254
:1016100011D85B1B2365CBB9E36B04F1500208338F
:10162000E363236C04F14001013B236404F13C00BB
:10163000FFF7D4FEE064606DBDE83840FBF728BAE0
:10164000636C002BE1D02B446364DEE7E36C002B7A
:10165000F1D02B44E364EEE738BD002200F15003E3
:101660009B009BB203F1502303F580331A601B6883
:10167000704708B5FBF7D8FC08BD03465A6B00233A
:101680003C309A4200D17047C16801330844F8E702
:10169000FEF76AB808B5F9F7BFF9F9F78BFABDE8B4
:1016A0000840FEF761B88068183820F0070010384D
:1016B0007047042809D0052803D1481E18BF01200F
:1016C0007047431A5842584170470120704738B557
:1016D00015460C4661B15AB1FEF7E9FE2146254494
:1016E00011F8013B834203D1A942F9D1012038BD51
:1016F0000020FCE738B50C4601231146224605467A
:10170000FEF78CFE00280FDB012221462846FFF75A
:10171000DEFF38B92378012B14BF022301230020F8
:10172000237038BD0323FAE70120FAE72DE9F743D8
:101730001D4606460F469046FEF7B2FE6C1E044458
:1017400040420440082C1AD83046FEF7B0FE8146CD
:101750002A4641466846FEF7E7FF4946621B0DEB05
:101760000500FEF7ECFF23466A4639463046FEF791
:101770006AFE003818BF012003B0BDE8F0834FF0C7
:10178000FF30F9E707B501238DF8042001AAFFF720
:10179000CDFF03B05DF804FB81680122183921F008
:1017A0000701FFF7EFBF8268183A22F00702FFF740
:1017B000A1BF13B50C46C0B201A9F9F7DBF850B9C7
:1017C00021460198FBF798FE04460198FEF725FE96
:1017D000204602B010BD0124FAE713B541EA021118
:1017E00004468DF80710FFF75EFF012301460DF157
:1017F00007022046FFF79AFF02B010BD8168012260
:10180000183921F007010839FFF7BCBFF7B50D1EE5
:1018100069460CBF17462F460446FBF76DFE78B9A4
:101820009DF80060022E25D0032E0BD0012E27D16B
:1018300035B19DF80330032B02D12046FFF7ACFFF2
:1018400003B0F0BD002DFBD12046FBF735FE00288C
:10185000F6D16FB12046FFF79FFF0028F0D1227824
:101860003146D31F5A4220465A41FFF7B6FFE7E7F9
:101870000226F4E735B929462046A268FEF7F8FDAE
:101880000320DDE70420DBE74FF47F03D3F83001CA
:10189000D3F83431BFF34F8FC0F30B00A0F109032D
:1018A0005842584170474FF47F02D2F83031D2F895
:1018B0003401BFF34F8FC3F30B03092B03D1431E36
:1018C00058425841704700207047004700F002BD61
:1018D00040F00040C1F88000C2F880007047F7B5C2
:1018E0000646F8B101281BD104224FF4807301464B
:1018F0004FF050200025C0F80813012142F2107467
:101900004FF050270344024411601D608E421B6853
:101910008DF8071008BF0DF1070546B1012E23D041
:1019200003B0F0BD0C224FF482730221E0E7D7F838
:10193000183403F480333DB9002BF1D00120FFF7B8
:10194000C5FF013CF3D1EBE7D7F8182402F00302FE
:101950002A70002BE4D09DF807000128E0D1FFF7A2
:10196000B5FF013CD9D1DBE7D7F80C3403F4803361
:101970003DB9002BD4D00120FFF7A8FF013CF3D1E3
:10198000CEE7D7F80C2402F00102E1E7FFF7A7BF8A
:10199000F7B51646DDE90847019001A81D46FCF79A
:1019A000BDF8019BB6F1000C18BF4FF0010C00EB25
:1019B00083000B1E18BF0123002D43EA4C0314BF04
:1019C0004FF00C0C4FF0000C002C43EA0C0314BF3A
:1019D0004FF4E06C4FF0000C002F43EA0C0314BFEF
:1019E0004FF4403C4FF0000CD0F8002243EA0C03C7
:1019F00022EA030301B109780EB136787600194363
:101A00000DB12D78AD0031430CB124782402294367
:101A10000FB13F783F040C433C43C0F8004203B091
:101A2000F0BD1FB50DF10F03019300238DF80F10CA
:101A30001A4619460093FFF7ABFF05B05DF804FBAB
:101A4000FCF72CB9FCF70AB90846FCF7F7B84FF4D5
:101A5000801070474FF4805070474FF4807070478B
:101A600070B50126A2F58074A40806FA04F40546B0
:101A700014EA010008D0A85830B100213046A9501E
:101A8000AA581A6822431A6070BD00232DE9F34159
:101A900004460D460193904601AB4FF4A672FFF742
:101AA000DFFF4FF4827229462046FFF7D9FF4FF43B
:101AB0008C72074629462046FFF7D2FF064630B112
:101AC000B8F1000F1DD017B13E46D4F83C354FF4A5
:101AD00088722946204601ABFFF7C2FF30B1B8F14A
:101AE000000F03D016B90FB1D4F83C354FF4907203
:101AF0002946204601ABFFF7B3FF019802B0BDE8CD
:101B0000F0814646E3E7012370B504460D4664269E
:101B10004361002202212046FFF7B7FF20B90120D0
:101B2000FFF7D4FE013EF4D100236B77C4F80035F3
:101B300070BD38B5036A0D46D3E9011291420446DF
:101B40004FF0000002D30122DA6038BD20745A68D9
:101B5000214601325A602422236A58681B680138E2
:101B600002FB0030FEF7E0FD0120A560EDE72DE966
:101B7000F041064604468AB001AD0F4690460FCEAE
:101B80000FC50FCE0FC53368A6682B60236A256882
:101B90005A682AB90222DA6000200AB0BDE8F08152
:101BA000F9070ED524201968013A00FB02117807C5
:101BB00003D40A7C0AB10F22EDE724222046FEF767
:101BC000B3FDB90741BF226A536803F1FF33536085
:101BD000B04504D2236A002BDED00422DBE77A076B
:101BE00048BF25603B0701D40120D6E7143406AB7B
:101BF00093E8070084E80700F6E710B502601A448E
:101C0000029B012983604FF00003C26003740375D7
:101C1000836101D8036210BD24224A43243A841808
:101C200004628350026A8C1E9460026A0229536027
:101C3000026AD360026A1374026A53741EBF036A95
:101C400024301860E7E7182871F100030ED3B0F5CF
:101C5000807F71F100030BD3B0F5803F71F1000379
:101C600008D3002914BF09200520704701207047C0
:101C7000022070470320704737B50024002508294B
:101C80000A46CDE900450AD801466846FEF74CFDF4
:101C9000DDE9000103B0BDE83040FFF7D4BF00200C
:101CA00003B030BD00B1C160704743680360836812
:101CB00001338360006AFFF7F5BF08B50268C368A7
:101CC0009A4205D3006A0821FFF7ECFF002008BD07
:101CD0000120FCE738B504460D46FFF7EEFF40B1A2
:101CE00023681B78B5EB531F04D00A21206AFFF745
:101CF000D9FF002038BD10B50446FFF7DEFF38B12C
:101D000023681A78FF2A05D00A21206AFFF7CAFF44
:101D1000002010BD01332360FBE710B5027D0446AF
:101D200032B1FFF7E8FF48B100234FF0FF322375CF
:101D30002046BDE810400721FFF719BF10BD2DE96F
:101D4000F84F04460E4691461D46FFF7B6FF804603
:101D500028B1A36843B90321206AFFF7A3FF4FF01E
:101D600000084046BDE8F88F2268177807F01F0B7F
:101D7000BBF11F0F12D12DB3206A18B1037C0BB138
:101D80001521EAE701232B700025236801356360E4
:101D90002B442360A368013BA360E2E7BBF1170F6C
:101DA00014D9ABF11803D9B203290BD801259D40F2
:101DB000A94509D3E36805F1010A5244934207D2C9
:101DC0000821C9E70721C7E70521C5E70025F1E795
:101DD0004A4600213046FEF7B2FC15B986F800B03D
:101DE000D2E72268711E531913F801099A4201F8CB
:101DF000010FF9D1236A002BC7D01B7C002BC4D064
:101E00000737FFB2022FC0D949463046FFF734FFEB
:101E10008245BAD015219FE738B50C4611460546D4
:101E2000FFF758FF08B9002038BD042200232846D8
:101E3000A118FFF784FF0028F5D02B682360F3E793
:101E4000002337B504468DF80330FFF743FFA8B1F0
:101E5000042220460DF103030DEB0201FFF76FFF93
:101E600060B19DF8035065B901992046FFF761FE06
:101E700050B963682360A3680133A360002003B0F6
:101E800030BD6FF00F01F0E72575F8E738B504466F
:101E90000D46FFF7C1FF48B12268E3689B1A6A68E4
:101EA0009A4204D908212046FFF7FFFE002038BDE2
:101EB00038B504460D46FFF7E9FF18B123686A6894
:101EC0001344236038BD70B50D4600210446164604
:101ED000FFF700FF38B1324629462046BDE8704082
:101EE0000023FFF72CBF70BD0422FFF7ECBFFFF704
:101EF000FBBF0222FFF7DCBF0322FFF7D9BF10B5FB
:101F000005210446FFF79CFF50B1237D4BB96FF0CC
:101F10000042A368934205D305212046FFF7C5FE82
:101F2000002010BD5B00A360FBE7037D23B9806840
:101F3000B0FA80F0400970470368C268934205D246
:101F40001878A0F1FF0358425841704700207047AD
:101F5000FFF7E3BE70B50D4607210446FFF7BAFE52
:101F600048B123681E7806F01F06182E05D90A21ED
:101F7000206AFFF797FE002070BD0023012229464A
:101F80002046FFF7DCFE0028F5D0182EF4D12B7880
:101F90001F2BF1D815212046FFF787FEEBE737B559
:101FA0000C460DF107010546FFF7D4FF58B19DF827
:101FB0000730143BDBB2012B8DF8073006D90A211C
:101FC0002846FFF772FE002003B030BD03F0010386
:101FD0002370F9E738B50D4606210446FFF77AFE6F
:101FE00008B9002038BD0023042229462046FFF707
:101FF000A6FE0028F5D0A3680133A360F2E770B510
:102000008EB00546FFF759FE002854D02B680022F9
:102010001C7800232946CDE9022305A8242264095F
:10202000FEF782FB062C1CD0221F0023012A4FF052
:1020300008028DF804300DEB020198BF01AB05A832
:10204000FFF77DFE0646002835D0042C3BD019D87A
:10205000023C012C21D9059B2B60AB68013BAB6096
:102060002AE001A905A8FFF7B5FF20B3059B089A50
:10207000934204D30821286AFFF714FE1BE01C7862
:102080006409CFE7052CE6D1DDE90232B3F1004F58
:1020900072F1000113D32146EDE7EB682968029A3B
:1020A0005B1A9A4203D8059B13440593D3E7082192
:1020B0002846FFF7FAFD002630460EB070BDDB184B
:1020C0005241CDE902329DF8044024B16FF00F0275
:1020D0000023CDE90223029B8DF82840079305A831
:1020E000FFF723FF014638B1002CB4D005A8FFF755
:1020F00002FE0028AFD1DEE705A8FFF780FF002829
:10210000EDD1D8E700B1C160704710B50368C4686D
:10211000A34205D3006A0821FFF7F4FF002010BD99
:1021200002F01F0242EA4111197003680133036093
:102130000120F4E770B505460E46104619461446D0
:10214000FFF79AFD22463146431E2846BDE87040FF
:10215000FCF728BBF8B51746C368026804469A42E4
:102160000D4606D30821206AFFF7CCFF0026304633
:10217000F8BD9B1A4A689A42F4D80E4656F8043BBA
:1021800053B104213046FFF777FD6A682368134492
:10219000E26803449A42E5D3324604233946204696
:1021A000FFF7C8FF06460028E0D02068296888426B
:1021B00002D06A68FEF7A1FA23686A6813442360B4
:1021C000D5E7082A73B513460C4606D9006A0521DF
:1021D000FFF798FF002002B070BD8E1816F9012C91
:1021E000002A0FDA0A4669460C46B24204D10121A0
:1021F0002246FFF79FFFEEE712F8015BED4301F87F
:10220000015BF2E70021F3E713460A460021FFF7DE
:1022100091BF07B5042201910DEB0201FFF7D1FF39
:1022200003B05DF804FB07B5042201910DEB020138
:10223000FFF7EAFF03B05DF804FB0222FFF78ABF55
:102240000322FFF787BF07B5CDE900126946FFF704
:10225000F4FF03B05DF804FB07B5CDE90012694651
:10226000FFF7EEFF03B05DF804FB1F220421FFF728
:102270004CBF1F220521FFF748BF1F220721FFF790
:1022800044BFFFF7FABF10B50A4609781839072985
:1022900005D9BDE8104001230721FFF74BBF1521E9
:1022A000006AFFF72FFF002010BD07B514318DF82D
:1022B00007100DF10701FFF7E6FF03B05DF804FB1F
:1022C0001FB50024CDE90144069C0094FFF795FC5E
:1022D00004B010BD08B1F9F783BE7047704740B134
:1022E000C368587810F001001EBF1878B0FA80F06B
:1022F00040097047EFF31183202383F31288BFF363
:102300006F8FFEE708B5FFF7F5FF10B5D0E9003491
:1023100033B90020E268537843F00103537010BDD5
:10232000204698470028F4D00028B8BF4042FF2834
:10233000A8BFFF20E3681870ECE7FEF700BAFEF7CD
:10234000F3B970474169836843EA010212F003025E
:102350000FD1C2600269013A01FB023382689A42DE
:1023600001D900207047C2681A604269C3609B1A95
:10237000F4E76FF01500704710B5C0E90432002390
:10238000816083610446FFF7DDFF0028A8BFC4E930
:10239000004410BD2DE9F04105460F46EFF31188CA
:1023A000202383F31288BFF36F8FC668F6B90468E1
:1023B000A0421BD0D4B1D4E9003213605A60637BD1
:1023C000C4E9006623F002036373A66004F11800F9
:1023D00000F0DFF82046A667676100F078F8414614
:1023E00005F10800BDE8F041FCF754BE3E60AB6962
:1023F000EF60013BAB6188F31188BFF36F8FBDE8DD
:10240000F081202408B5EFF3118384F31288BFF321
:102410006F8FFEF73FF9F6E790F90E308B4201D04F
:10242000FCF7EABD0020704703460020C3E90033F3
:10243000C3E9020070473AB18A4205D3C0E90212EB
:10244000C0E90000002070476FF015007047EFF3FF
:102450000580003818BF01207047D0E900321360B2
:102460005A600023C0E90033704708B5FFF7F5FF55
:10247000437B23F0020343730023836008BD38B518
:1024800004460D46FCF71AFD637B43F002036373B9
:10249000E5B1A5602B689D4209D16B68C4E9005382
:1024A0001C606C6012E06A689A42F6D01B68002BD0
:1024B000F3D094F90E2093F90E108A42F3D0914292
:1024C000F1DD5A68C4E9003214605C6038BD10B5B3
:1024D000EFF31184202383F31288BFF36F8FFCF78F
:1024E000A5FC84F31188BFF36F8F10BD014610B5B2
:1024F000EFF31184202383F31288BFF36F8F437BA4
:1025000013F0280F0AD183680BB1FFF7AEFF4B7BA6
:10251000084623F004034B73FCF788FC84F311880E
:10252000BFF36F8F10BD01211838FFF7DFBF38B53B
:102530000C460546FCF768FEB4F1FF3F08BFB5F155
:10254000FF3F1FBF47F6FF7300224FF47A71C0FBB5
:10255000013216BFD80B4FF0FF3040EA424038BD81
:1025600010B5FCF7E7FF0446FCF7ECFF74B1D4E9C3
:1025700004321B1A62EBE072B3F1004F72F10001FA
:1025800004DA002AACBF1846002010BD6FF00040EE
:10259000FBE7024638B5EFF31185202383F3128859
:1025A000BFF36F8F036893B1FCF7C4FF0446104676
:1025B000FCF7D2FF844204D1FFF7D2FF0021FAF7E3
:1025C00097FE002085F31188BFF36F8F38BD6FF041
:1025D0001500F7E708B5FDF7AFF808BDFDF7ACB893
:0825E000E05EFF7F0100000036
:1025E800D1BF000000000000C1C00000502601005B
:1025F80079EA00000000000075C4000064260100AC
:1026080091160100000000002B1301008C26010028
:102618000D1301007826010091D100000000000090
:1026280095160100000000007DC30000A0260100EF
:10263800CF140100B4260100A30D0100C826010033
:0826480015D4000000000000A1
:1026500079370100042C010040290100CC01002041
:10266000B8520020B4370100A42C01001429010045
:10267000D201002044530020C8370100BC2C0100C7
:102680005C290100D401002038000020D23701006D
:10269000F82C01005C290100D60100205C0000201C
:1026A0009037010000000000E4280100CE01002066
:1026B00000000000DC370100342D01003829010042
:1026C000D801002080000020A7370100242C010041
:0C26D000FC280100D00100202453002051
:1026DC0000000000770601000000000077060100F2
:1026EC0000000000770601000000000077060100E2
:1026FC0000000000770601009DDA0000CB180100F5
:10270C0000000000770601000000000077060100C1
:10271C008C2601008512010078260100851201002B
:10272C00000000007706010051E70000CB18010003
:10273C000000000077060100B5E00000CB18010096
:10274C000000000077060100000000007706010081
:10275C000000000077060100000000007706010071
:10276C000000000077060100000000007706010061
:10277C0000000000770601000000000021D20000DC
:10278C000000000077060100000000007706010041
:10279C000000000077060100000000007706010031
:1027AC000000000077060100000000007706010021
:1027BC000000000077060100000000007706010011
:1027CC000000000077060100000000007706010001
:1027DC0000000000770601000000000077060100F1
:1027EC0000000000770601000000000077060100E1
:1027FC0000000000770601000000000077060100D1
:10280C0000000000770601000000000077060100C0
:10281C0000000000770601000000000077060100B0
:10282C0000000000770601000000000077060100A0
:10283C000000000077060100000000007706010090
:10284C000000000077060100000000007706010080
:10285C000000000077060100000000007706010070
:10286C000000000077060100000000007706010060
:10287C000000000077060100000000007706010050
:10288C000000000077060100000000007706010040
:10289C000000000077060100000000007706010030
:1028AC000000000077060100000000007706010020
:1028BC000000000077060100000000007706010010
:1028CC000000000077060100000000007706010000
:0828DC00000000007706010076
:1028E4007B09010009C40000A5C3000075C30000F2
:1028F4004709010065C30000C50C0100050C010077
:10290400EF0A01006DC40000AF090100A309010032
:10291400F9C400005D100100691001007D10010080
:10292400871001009110010075C60000A510010078
:04293400000000009F
:0829380061CB0000AB140100AB
:1029400019C10000CD0701002D08010000000000A2
:0C2950006B070100000000000000000008
:10295C002B110100E5C800001D11010049130100F5
:10296C005111010079110100AD110100BD110100DF
:10297C00EB110100F7110100BD110100DB11010089
:10298C0003120100111201001F1201005512010067
:04299C0059120100CB
:1029A000AE2F0100030000006536010003000000A7
:1029B000DEE61E28EAAC45B8025B0000DEE61E2813
:1029C0004CBBCE8F025B0000000000000000000046
:1029D0000338FDD870470000A9AC00003B0501009A
:1029E0000B000000020000000700000002000000D1
:1029F00001000000F43301004C2A01000B0000002C
:102A00000200000007000000020000000B000000B0
:102A10000200000007000000020000000B000000A0
:102A20000200000007000000020000000B00000090
:102A30000200000007000000020000000B00000080
:102A40000200000007000000020000005B00000020
:102A500000800050009000501700000000000000AF
:102A60000000000000800000A0260100010000001E
:102A70000000000000800000A0260100020000000D
:102A80000000000000000D00C82601000300000047
:102A90000080000000400100A026010004000000AA
:102AA0000080000000020000A026010005000000D8
:102AB00000820000003E0100A02601000600000088
:102AC00000820000003E0100A02601000700000077
:102AD00000C0010000400100A02601000800000025
:102AE00000C0010000020000A02601000900000053
:102AF00000C20100003E0100A02601000A00000003
:102B00000000030000020000A02601000B000000EE
:102B10000000030000000D00A02601000C000000D2
:102B20000000030000800000A02601000D0000004E
:102B30000002030000FE0C00A02601000E000000B1
:102B40000002030000FE0C00A02601000F000000A0
:102B500000020300007E0000A0260100100000001B
:102B60000080030000300B00A026010011000000CF
:102B70000080030000800C00A0260100120000006D
:102B800000000D0000004000C826010013000000F6
:102B900000B00E0000500100A0260100140000004B
:102BA00000B00E0000500100A0260100150000003A
:102BB00000004D0000200000C826010016000000A3
:102BC00000204D0000E0B201C82601000000000016
:102BD00033050100300000202800002020000020E4
:102BE000000000001800002021AB000025AA000012
:102BF00079AA0000D1AA000049C0000019C0000055
:102C00000000000099C100008DC000008437010061
:102C10004D080100530801008A370100040000003C
:102C200000FF0000B426010000127A00000100003D
:102C3000642601000C0001000000000000000002FA
:102C40000020000000100000C86019105C2C01007A
:102C5000000001000000010002000000E520F3FF79
:102C6000FFFFFF0F44EB086B083B42BBFEFFFFFF7B
:102C7000FFFF00FFFFFF42EB0C200F5210D800FFB8
:102C8000D431A5FE84DF144FEC6216337A757A7561
:102C900004B3D55C190614000850000101000000BF
:102CA00000FF0000FFFFFFFF00258450FFFFFFFF34
:102CB0000000000000D00050000000000090005014
:102CC0000100000000000000DC2C010000000010EA
:102CD0000000000042600020416000200090005091
:102CE000E82C010001000000F02C010002000000AF
:102CF00005000000040000010080005001000000F9
:102D000000000000182D010000000010000000006D
:102D1000646000206360002000800050242D0100CA
:102D2000010000002C2D0100020000000100000045
:102D30000000000100B000500000000000127A0006
:102D4000000000000000000000000000FFFFFFFF87
:102D50000000FF0000000000000000010100000072
:102D6000D3130100FF1F0000782D0100FFFFFFFFBC
:102D7000000000000000000000B00050842D0100A1
:102D8000010000008C2D0100030000000D00000474
:102D90000E0000050F000006642601000C00010073
:102DA0006426010011000100642601000A000100F0
:102DB0000B000000020000000700000002000000FD
:102DC000E8250100E8250100202601002826010051
:102DD0005026010050260100FF8FFFFFFF8FFFFFED
:102DE000FE8FFFFFFE8FFFFFFD8FFFFFFC8FFFFFBA
:102DF000FC8FFFFF6D757465785F66726565206393
:102E0000616C6C65642077697468204E554C4C2069
:102E1000706172616D6574657200000043616E27B8
:102E20007420696E697469616C697A65206D757466
:102E300065782C20776173204E554C4C0D0A0000AC
:102E4000436F756C64206E6F74206C6F636B2070C1
:102E50006F7765722073617665206D757465780093
:102E600001000200100011001200200021002200C9
:102E7000230024003000310032003300FFFF77C20E
:102E800095F360D2EF7F3552500F2CB679802563D1
:102E90003A205374617274696E6720626F6F746C4C
:102EA0006F616465720A0025633A20456E7465722D
:102EB000207468652073657269616C207265636F48
:102EC00076657279206D6F64650A0025633A205536
:102ED0006E61626C6520746F2066696E6420626F3B
:102EE0006F7461626C6520696D6167650A002563B6
:102EF0003A20426F6F746C6F616465722063686121
:102F0000696E6C6F61642061646472657373206FB5
:102F100066667365743A20307825780A0025633A2E
:102F200020496D6167652076657273696F6E3A201E
:102F30007625642E25642E25640A0025633A204AEE
:102F4000756D70696E6720746F207468652066699E
:102F500072737420696D61676520736C6F740A0009
:102F600025633A2050726F74656374206D637562D7
:102F70006F6F7420666C617368206661696C65644C
:102F80002C2063616E63656C20737461727475705C
:102F90002E0A0025633A204E657665722073686FAD
:102FA000756C642067657420686572650A006D63DE
:102FB00075626F6F740025633A20696E76616C6983
:102FC0006420666C6173682049442025643B206559
:102FD000787065637465642025640A002A8648CE8B
:102FE0003D030107002A8648CE3D02010025633AD1
:102FF000204661696C656420746F2072656164208D
:103000007374617475732066726F6D2025642C2053
:103010006572722025640A0A0025633A20556E61A4
:10302000626C6520746F2064657465726D696E658D
:1030300020666C61736820736563746F72206F66BD
:103040002074686520696D61676520747261696CC0
:1030500065720A007072696D617279007365636FE1
:103060006E646172790025633A20436C6561726514
:103070006420696D616765202564207072696D61E7
:10308000727920736C6F7420747261696C65722040
:1030900064756520746F20737475636B2072657638
:1030A0006572740A0025633A20496D61676520697D
:1030B0006E2074686520257320736C6F74206973AB
:1030C000206E6F742076616C6964210A0025633A72
:1030D0002025642073746174757320777269746538
:1030E000206661696C7320706572666F726D696EBF
:1030F000672074686520737761700A0025633A2041
:103100004661696C656420746F206F70656E20661F
:103110006C617368206172656120494420256420D8
:1031200028696D61676520256420736C6F742025A4
:1031300064293A2025642C2063616E6E6F742063CD
:103140006F6E74696E75650A0025633A2046616981
:103150006C65642072656164696E67207365637471
:103160006F72733B20424F4F545F4D41585F494D42
:10317000475F534543544F52533D2564202D2074DF
:103180006F6F20736D616C6C3F0A0025633A2046B7
:1031900061696C65642072656164696E6720696D40
:1031A00061676520686561646572733B20496D6184
:1031B00067653D25750A0025633A204661696C659F
:1031C000642072656164696E6720626F6F7420733A
:1031D00074617475733B20496D6167653D25750A9F
:1031E0000025633A2070616E6963210A0025633A05
:1031F00020496D61676520696E20736C6F7420696A
:103200007320666F722077726F6E672073302F7332
:103210003120696D6167650A0025633A20436C655A
:10322000616E65642D7570207365636F6E64617285
:103230007920736C6F74206F6620696D61676520FB
:1032400025640A0025633A204661696C6564207430
:103250006F20636C65616E2D7570207365636F6E92
:103260006461727920736C6F74206F6620696D6180
:1032700067652025643A2025640A0025633A2044C6
:103280006574656374656420696E636F6E736973DA
:1032900074656E7420737461747573210A006261C1
:1032A0006400676F6F6400756E73657400507269B7
:1032B0006D61727920696D6167650025633A20252B
:1032C000733A206D616769633D25732C20737761C4
:1032D000705F747970653D307825782C20636F704D
:1032E000795F646F6E653D307825782C20696D615B
:1032F00067655F6F6B3D307825780A005365636FB3
:103300006E6461727920696D6167650025633A209A
:10331000426F6F7420736F757263653A20707269C3
:103320006D61727920736C6F740A0025633A2042D4
:103330006F6F7420736F757263653A206E6F6E6580
:103340000A0025633A205374617274696E672073B2
:10335000776170207573696E67206D6F7665206187
:103360006C676F726974686D2E0A0025633A204E8F
:103370006F7420656E6F756768206672656520736F
:103380007061636520746F2072756E207377617051
:1033900020757067726164650A0025633A20726562
:1033A0007175697265642025642062797465732083
:1033B000627574206F6E6C792025642061726520BF
:1033C000617661696C61626C650A0025633A20531D
:1033D00074617274696E67207377617020757369A8
:1033E0006E67206E73696220616C676F72697468C2
:1033F0006D2E0A003059301306072A8648CE3D024A
:103400000106082A8648CE3D030107034200042A2C
:10341000CB403CE8FEED5BA44995A1A91DAEE8DBDD
:10342000BE1937CD14FB2F245737E5953988D99429
:10343000B9D65AEBD7CDD5308AD6FE48B24A6A8182
:103440000EE5F07D8B6834CC3A6AFC538EFAC12DC0
:103450000020002B00307800305800286E696C295D
:10346000004661696C656420746F207265626F6FDD
:10347000743A207370696E6E696E6720656E646C55
:103480006573736C792E2E2E0A007F7F7F7F7F7F7E
:103490007F7F7F7F7F7F7F7F7F7F7F7F7F7F7F7F3C
:1034A0007F7F7F7F7F7F7F7F7F7F7F7F7F7F7F7F2C
:1034B0007F7F7F7F7F3E7F7F7F3F34353637383950
:1034C0003A3B3C3D7F7F7F407F7F7F0001020304CA
:1034D00005060708090A0B0C0D0E0F101112131424
:1034E00015161718197F7F7F7F7F7F1A1B1C1D1EE3
:1034F0001F202122232425262728292A2B2C2D2E64
:103500002F303132337F7F7F7F7F414243444546B6
:103510004748494A4B4C4D4E4F50515253545556C3
:103520005758595A6162636465666768696A6B6C6B
:103530006D6E6F707172737475767778797A3031D9
:1035400032333435363738392B2F2A2A2A20426F26
:103550006F74696E67204D79204170706C6963618A
:1035600074696F6E2076322E312E302D6465762D83
:10357000626638353263396262333838202A2A2A43
:103580000A002A2A2A205573696E67206E52462047
:10359000436F6E6E6563742053444B2076332E3038
:1035A0002E302D3362666334363537386534322039
:1035B0002A2A2A0A002A2A2A205573696E67205A65
:1035C0006570687972204F532076342E302E393949
:1035D0002D336530636537363336666136202A2AE7
:1035E0002A0A006D757465785F696E69742063617D
:1035F0006C6C65642077697468204E554C4C207063
:103600006172616D6574657200436F756C64206EE4
:103610006F7420616C6C6F63617465206D75746587
:1036200078206265666F726520696E697469616C85
:10363000697A696E670025633A204E6F7420656E63
:103640006F756768206D656D6F727920746F207378
:10365000746F726520696E636F6D696E6720646157
:103660007461210A0073657269616C5F61646170E5
:103670007465720072630025633A204572726F723E
:10368000202564207768696C652065726173696EB6
:10369000672072616E67650A0064617461006C6521
:1036A0006E006F666600696D616765730070656EB8
:1036B00064696E6700626F6F7461626C6500636F4E
:1036C0006E6669726D656400616374697665007029
:1036D00065726D616E656E7400736C6F7400686105
:1036E00073680076657273696F6E002568752E25A4
:1036F00068752E256875002E257500636F6E6669E6
:10370000726D0025633A204661696C656420746FB0
:10371000206F70656E20666C6173682061726561F0
:103720002049442025640A0025633A204469642026
:103730006E6F742066696E6420696D6167652077BD
:10374000697468207370656369666965642068617F
:1037500073680A00736C6F74730075706C6F6164CA
:103760005F696D6167655F6964006D61785F696D50
:103770006167655F73697A6500636C6F636B403581
:10378000303030006866636C6B006C66636C6B0095
:10379000666C6173682D636F6E74726F6C6C6572AA
:1037A00040333930303000474432354C45323535BE
:1037B000454030006770696F403834323530300032
:1037C0000001020304050607756172744039303048
:1037D0003000756172744038303030007370694069
:1037E00062303030004552524F523A2043616E6E83
:1037F0006F742066756C66696C6C204558545F4127
:10380000504920726571756573742E0D0A00574119
:10381000524E494E473A204F7074696F6E616C206A
:103820004558545F41504920726571756573742025
:103830006E6F742066756C66696C6C65642E0D0A1B
:10384000007065726D0074657374004255473B20CB
:1038500063616E27742068617070656E00726576B2
:103860006572740025633A205365636F6E646172FC
:103870007920696D616765206F6620696D61676594
:103880002070616972202825642E292069732075B3
:103890006E726561636861626C652E205472656149
:1038A0007420697420617320656D7074790A002535
:1038B000633A20496D61676520696E6465783A20D6
:1038C00025642C205377617020747970653A202527
:1038D000730A0025633A20496D61676520696E644B
:1038E00065783A2025642C205377617020747970B4
:1038F000653A206E6F6E650A000401040304020439
:103900000104010403010403040104000001010295
:1039100002030303036D61696E0000000080000074
:04392000FFFF0000A5
:1039240088EACD1F55555515AAAAAA1A3F070100C2
:103934001F0201005C2A0100F00100203A0000008F
:10394400040200203A000000DC0100203A000000DC
:10395400180200203A000000480000200000000087
:103964000000000000000000000000000000000053
:103974004360002020000000000000006C000020D4
:103984000000000000000000000000000000000033
:10399400000000006560002020000000000000001E
:1039A4000000000000000000982D0100030000004A
:1039B40090000020900000200000000001000000A2
:1039C400A0000020A0000020000000000100000072
:1039D40000000000000000000000000000000000E3
:1039E40000000000000000000000000000000000D3
:1039F40000000000B42601000000000000000000E8
:103A04008D600020856000200070015000000000DF
:103A1400FFFF00003F000000FFFF00003F00000028
:103A24000000000000000000000000000000000092
:103A34000000000000000000000000000000000082
:103A44000000000000000000000000000000000072
:103A54000000000000000000000000000000000062
:103A64000000000000000000000000000000000052
:103A740008000000FF00000000000000010000003A
:103A84000000000064010020640100200000000028
:103A9400A1F70000B0010020A8010020A00100202F
:103AA4000000000098010020BDF8000009F80000A3
:103AB4003DF8000085F80000BC5300203A00003AAD
:103AC400C05300203A00003AC45300203A00003AA0
:103AD400C85300203A00003AC001002084010020AD
:0C3AE4007C01002078010020740100200B
:0E3AF0000000000000000000000000000000C8
:103B0000DC010020DC0100200000000000000000BB
:103B10000E000000F0010020F00100200000000075
:103B2000000000000E00000004020020040200203B
:103B300000000000000000000E000000180200203D
:103B40001802002000000000000000000E0000002D
:043B500015E015E087
:040000030000BCD964
:00000001FF
